Ax,Ay,Az,Gx,Gy,Gz,Label
-0.006,-0.020,1.032,0.472,-2.651,0.131,Idle
-0.005,-0.018,1.032,0.420,-2.608,0.123,Idle
-0.003,-0.017,1.030,0.420,-2.608,0.123,Idle
-0.005,-0.019,1.030,0.464,-2.651,0.149,Idle
-0.006,-0.019,1.031,0.411,-2.608,0.096,Idle
-0.005,-0.018,1.031,0.438,-2.590,0.184,Idle
-0.005,-0.019,1.031,0.429,-2.590,0.123,Idle
-0.006,-0.019,1.032,0.438,-2.634,0.114,Idle
-0.004,-0.019,1.031,0.429,-2.608,0.157,Idle
-0.004,-0.019,1.032,0.411,-2.616,0.149,Idle
-0.005,-0.019,1.033,0.464,-2.616,0.123,Idle
-0.005,-0.019,1.032,0.420,-2.608,0.140,Idle
-0.004,-0.019,1.032,0.429,-2.608,0.123,Idle
-0.005,-0.019,1.032,0.376,-2.599,0.140,Idle
-0.005,-0.020,1.032,0.403,-2.634,0.140,Idle
-0.005,-0.019,1.032,0.464,-2.590,0.131,Idle
-0.005,-0.020,1.033,0.385,-2.616,0.123,Idle
-0.005,-0.019,1.032,0.446,-2.608,0.114,Idle
-0.005,-0.020,1.032,0.420,-2.616,0.114,Idle
-0.004,-0.018,1.032,0.420,-2.625,0.105,Idle
-0.005,-0.019,1.032,0.438,-2.608,0.123,Idle
-0.005,-0.019,1.032,0.394,-2.599,0.123,Idle
-0.005,-0.019,1.033,0.429,-2.651,0.096,Idle
-0.004,-0.019,1.032,0.420,-2.599,0.114,Idle
-0.006,-0.019,1.033,0.411,-2.599,0.140,Idle
-0.005,-0.020,1.033,0.429,-2.651,0.149,Idle
-0.005,-0.019,1.032,0.403,-2.581,0.192,Idle
-0.004,-0.018,1.032,0.403,-2.608,0.131,Idle
-0.006,-0.019,1.032,0.455,-2.669,0.114,Idle
-0.005,-0.019,1.032,0.429,-2.616,0.166,Idle
-0.004,-0.019,1.031,0.438,-2.669,0.123,Idle
-0.005,-0.018,1.032,0.403,-2.642,0.131,Idle
-0.005,-0.020,1.033,0.394,-2.616,0.105,Idle
-0.005,-0.019,1.032,0.403,-2.616,0.166,Idle
-0.005,-0.019,1.032,0.472,-2.625,0.123,Idle
-0.005,-0.018,1.032,0.411,-2.572,0.149,Idle
-0.005,-0.018,1.033,0.429,-2.590,0.105,Idle
-0.005,-0.020,1.032,0.420,-2.608,0.123,Idle
-0.005,-0.020,1.032,0.455,-2.616,0.157,Idle
-0.005,-0.019,1.032,0.403,-2.634,0.149,Idle
-0.005,-0.020,1.032,0.411,-2.642,0.149,Idle
-0.005,-0.018,1.033,0.385,-2.608,0.114,Idle
-0.006,-0.019,1.032,0.376,-2.590,0.131,Idle
-0.005,-0.018,1.032,0.464,-2.608,0.114,Idle
-0.005,-0.020,1.031,0.420,-2.608,0.131,Idle
-0.005,-0.019,1.032,0.403,-2.642,0.157,Idle
-0.005,-0.019,1.032,0.446,-2.660,0.131,Idle
-0.005,-0.019,1.034,0.394,-2.625,0.131,Idle
-0.006,-0.018,1.032,0.411,-2.599,0.149,Idle
-0.004,-0.019,1.033,0.464,-2.625,0.114,Idle
-0.005,-0.019,1.032,0.376,-2.634,0.105,Idle
-0.005,-0.019,1.033,0.429,-2.581,0.140,Idle
-0.005,-0.019,1.032,0.420,-2.634,0.149,Idle
-0.005,-0.019,1.032,0.394,-2.590,0.096,Idle
-0.005,-0.019,1.032,0.420,-2.642,0.123,Idle
-0.005,-0.019,1.032,0.429,-2.616,0.140,Idle
-0.005,-0.019,1.032,0.420,-2.634,0.140,Idle
-0.005,-0.019,1.032,0.438,-2.642,0.079,Idle
-0.005,-0.019,1.031,0.411,-2.625,0.175,Idle
-0.005,-0.019,1.034,0.411,-2.678,0.114,Idle
-0.005,-0.019,1.033,0.403,-2.642,0.123,Idle
-0.005,-0.019,1.032,0.411,-2.599,0.123,Idle
-0.005,-0.019,1.032,0.429,-2.608,0.140,Idle
-0.005,-0.019,1.033,0.403,-2.590,0.140,Idle
-0.005,-0.019,1.032,0.420,-2.572,0.105,Idle
-0.005,-0.019,1.032,0.394,-2.616,0.114,Idle
-0.005,-0.018,1.033,0.446,-2.608,0.149,Idle
-0.005,-0.019,1.032,0.438,-2.625,0.123,Idle
-0.005,-0.018,1.033,0.438,-2.634,0.131,Idle
-0.005,-0.019,1.032,0.376,-2.616,0.175,Idle
-0.005,-0.019,1.033,0.368,-2.669,0.166,Idle
-0.005,-0.020,1.032,0.385,-2.616,0.140,Idle
-0.005,-0.020,1.033,0.464,-2.616,0.105,Idle
-0.005,-0.018,1.032,0.446,-2.590,0.105,Idle
-0.004,-0.019,1.032,0.368,-2.608,0.184,Idle
-0.005,-0.020,1.033,0.394,-2.634,0.114,Idle
-0.005,-0.020,1.033,0.411,-2.616,0.149,Idle
-0.004,-0.019,1.033,0.376,-2.581,0.149,Idle
-0.005,-0.019,1.032,0.394,-2.616,0.175,Idle
-0.005,-0.019,1.032,0.429,-2.634,0.140,Idle
-0.005,-0.019,1.032,0.394,-2.608,0.140,Idle
-0.005,-0.019,1.031,0.394,-2.581,0.123,Idle
-0.004,-0.019,1.033,0.403,-2.642,0.140,Idle
-0.006,-0.019,1.034,0.446,-2.599,0.131,Idle
-0.005,-0.019,1.032,0.403,-2.608,0.140,Idle
-0.005,-0.019,1.033,0.411,-2.625,0.105,Idle
-0.005,-0.019,1.032,0.455,-2.634,0.149,Idle
-0.005,-0.020,1.032,0.429,-2.599,0.157,Idle
-0.005,-0.020,1.032,0.446,-2.590,0.140,Idle
-0.005,-0.019,1.033,0.446,-2.625,0.131,Idle
-0.005,-0.019,1.033,0.394,-2.608,0.105,Idle
-0.005,-0.019,1.033,0.420,-2.608,0.114,Idle
-0.005,-0.019,1.032,0.385,-2.642,0.157,Idle
-0.005,-0.019,1.033,0.446,-2.678,0.175,Idle
-0.005,-0.019,1.032,0.438,-2.634,0.114,Idle
-0.005,-0.019,1.033,0.411,-2.634,0.175,Idle
-0.005,-0.019,1.032,0.411,-2.625,0.105,Idle
-0.005,-0.020,1.033,0.411,-2.590,0.123,Idle
-0.005,-0.019,1.032,0.394,-2.599,0.140,Idle
-0.005,-0.019,1.031,0.420,-2.608,0.166,Idle
-0.004,-0.019,1.031,0.411,-2.608,0.131,Idle
-0.005,-0.019,1.032,0.403,-2.608,0.140,Idle
-0.005,-0.020,1.033,0.446,-2.616,0.140,Idle
-0.004,-0.019,1.032,0.429,-2.634,0.123,Idle
-0.005,-0.020,1.032,0.411,-2.660,0.140,Idle
-0.005,-0.019,1.032,0.368,-2.599,0.087,Idle
-0.006,-0.019,1.031,0.411,-2.599,0.149,Idle
-0.005,-0.019,1.033,0.403,-2.608,0.131,Idle
-0.005,-0.019,1.033,0.411,-2.590,0.114,Idle
-0.005,-0.019,1.032,0.411,-2.634,0.096,Idle
-0.005,-0.019,1.033,0.411,-2.616,0.131,Idle
-0.005,-0.020,1.032,0.420,-2.651,0.123,Idle
-0.005,-0.019,1.032,0.411,-2.625,0.131,Idle
-0.006,-0.018,1.032,0.394,-2.608,0.096,Idle
-0.005,-0.019,1.033,0.411,-2.634,0.140,Idle
-0.005,-0.020,1.033,0.359,-2.608,0.123,Idle
-0.005,-0.019,1.033,0.429,-2.634,0.123,Idle
-0.005,-0.019,1.032,0.403,-2.581,0.123,Idle
-0.004,-0.019,1.031,0.420,-2.625,0.096,Idle
-0.005,-0.020,1.032,0.411,-2.642,0.131,Idle
-0.005,-0.018,1.032,0.376,-2.642,0.123,Idle
-0.005,-0.020,1.033,0.411,-2.581,0.175,Idle
-0.006,-0.019,1.033,0.429,-2.625,0.166,Idle
-0.005,-0.018,1.033,0.376,-2.634,0.149,Idle
-0.005,-0.018,1.032,0.420,-2.590,0.114,Idle
-0.005,-0.019,1.031,0.411,-2.642,0.175,Idle
-0.005,-0.019,1.032,0.411,-2.581,0.140,Idle
-0.005,-0.019,1.033,0.438,-2.572,0.123,Idle
-0.006,-0.020,1.033,0.464,-2.599,0.105,Idle
-0.004,-0.019,1.032,0.411,-2.625,0.166,Idle
-0.004,-0.018,1.033,0.385,-2.564,0.114,Idle
-0.005,-0.020,1.033,0.429,-2.634,0.131,Idle
-0.005,-0.020,1.032,0.411,-2.581,0.149,Idle
-0.004,-0.019,1.033,0.446,-2.608,0.114,Idle
-0.005,-0.019,1.033,0.394,-2.608,0.114,Idle
-0.005,-0.019,1.033,0.394,-2.608,0.114,Idle
-0.005,-0.019,1.032,0.411,-2.590,0.157,Idle
-0.005,-0.019,1.032,0.446,-2.590,0.140,Idle
-0.005,-0.018,1.033,0.420,-2.608,0.123,Idle
-0.005,-0.020,1.033,0.429,-2.634,0.123,Idle
-0.004,-0.019,1.033,0.403,-2.634,0.131,Idle
-0.005,-0.019,1.031,0.411,-2.625,0.131,Idle
-0.005,-0.019,1.032,0.385,-2.599,0.123,Idle
-0.005,-0.019,1.033,0.403,-2.590,0.157,Idle
-0.004,-0.019,1.031,0.420,-2.695,0.131,Idle
-0.005,-0.019,1.032,0.438,-2.625,0.131,Idle
-0.004,-0.018,1.032,0.472,-2.634,0.096,Idle
-0.004,-0.019,1.032,0.446,-2.651,0.149,Idle
-0.004,-0.020,1.031,0.376,-2.581,0.175,Idle
-0.005,-0.019,1.032,0.403,-2.608,0.114,Idle
-0.005,-0.019,1.032,0.411,-2.634,0.149,Idle
-0.004,-0.019,1.032,0.446,-2.599,0.149,Idle
-0.005,-0.019,1.032,0.411,-2.642,0.149,Idle
-0.004,-0.019,1.031,0.411,-2.634,0.114,Idle
-0.004,-0.019,1.032,0.385,-2.651,0.149,Idle
-0.005,-0.018,1.031,0.411,-2.625,0.157,Idle
-0.004,-0.020,1.033,0.438,-2.590,0.105,Idle
-0.005,-0.019,1.031,0.429,-2.590,0.131,Idle
-0.004,-0.020,1.032,0.420,-2.625,0.114,Idle
-0.005,-0.018,1.032,0.438,-2.608,0.149,Idle
-0.005,-0.020,1.032,0.394,-2.634,0.149,Idle
-0.005,-0.020,1.031,0.403,-2.564,0.166,Idle
-0.004,-0.019,1.033,0.455,-2.634,0.123,Idle
-0.006,-0.019,1.031,0.403,-2.599,0.131,Idle
-0.005,-0.018,1.032,0.403,-2.590,0.149,Idle
-0.005,-0.019,1.033,0.420,-2.608,0.149,Idle
-0.005,-0.018,1.032,0.403,-2.572,0.157,Idle
-0.005,-0.019,1.032,0.429,-2.564,0.123,Idle
-0.005,-0.019,1.033,0.438,-2.590,0.166,Idle
-0.005,-0.018,1.033,0.403,-2.599,0.157,Idle
-0.005,-0.019,1.031,0.376,-2.625,0.123,Idle
-0.005,-0.019,1.032,0.429,-2.616,0.114,Idle
-0.005,-0.019,1.031,0.446,-2.608,0.105,Idle
-0.004,-0.019,1.032,0.446,-2.625,0.131,Idle
-0.005,-0.020,1.032,0.394,-2.581,0.140,Idle
-0.005,-0.019,1.032,0.429,-2.608,0.131,Idle
-0.005,-0.019,1.032,0.438,-2.642,0.140,Idle
-0.005,-0.019,1.032,0.376,-2.599,0.140,Idle
-0.005,-0.019,1.032,0.420,-2.599,0.087,Idle
-0.004,-0.019,1.031,0.411,-2.625,0.149,Idle
-0.005,-0.020,1.032,0.394,-2.616,0.140,Idle
-0.004,-0.019,1.032,0.429,-2.616,0.157,Idle
-0.005,-0.019,1.032,0.438,-2.608,0.070,Idle
-0.005,-0.019,1.031,0.420,-2.608,0.131,Idle
-0.005,-0.020,1.032,0.394,-2.608,0.131,Idle
-0.005,-0.020,1.032,0.411,-2.590,0.149,Idle
-0.005,-0.019,1.032,0.438,-2.590,0.123,Idle
-0.005,-0.019,1.033,0.411,-2.642,0.140,Idle
-0.005,-0.020,1.033,0.429,-2.599,0.157,Idle
-0.004,-0.019,1.033,0.446,-2.634,0.131,Idle
-0.005,-0.019,1.032,0.394,-2.616,0.131,Idle
-0.005,-0.018,1.032,0.446,-2.581,0.114,Idle
-0.005,-0.019,1.032,0.368,-2.599,0.114,Idle
-0.004,-0.019,1.032,0.429,-2.599,0.184,Idle
-0.005,-0.019,1.031,0.455,-2.599,0.123,Idle
-0.006,-0.019,1.032,0.411,-2.608,0.140,Idle
-0.005,-0.018,1.032,0.420,-2.608,0.114,Idle
-0.004,-0.019,1.033,0.411,-2.546,0.140,Idle
-0.004,-0.019,1.033,0.455,-2.599,0.123,Idle
-0.005,-0.020,1.033,0.420,-2.581,0.123,Idle
-0.006,-0.020,1.032,0.446,-2.599,0.131,Idle
-0.005,-0.019,1.032,0.376,-2.599,0.149,Idle
-0.005,-0.018,1.032,0.438,-2.590,0.157,Idle
-0.005,-0.019,1.034,0.411,-2.616,0.140,Idle
-0.005,-0.019,1.032,0.385,-2.642,0.114,Idle
-0.005,-0.019,1.032,0.420,-2.599,0.096,Idle
-0.006,-0.019,1.033,0.420,-2.599,0.149,Idle
-0.005,-0.019,1.032,0.394,-2.599,0.114,Idle
-0.005,-0.019,1.033,0.411,-2.616,0.114,Idle
-0.005,-0.019,1.032,0.411,-2.572,0.131,Idle
-0.006,-0.019,1.031,0.438,-2.616,0.131,Idle
-0.005,-0.019,1.032,0.446,-2.642,0.149,Idle
-0.005,-0.019,1.031,0.411,-2.625,0.140,Idle
-0.005,-0.019,1.032,0.394,-2.634,0.149,Idle
-0.005,-0.020,1.032,0.420,-2.616,0.131,Idle
-0.005,-0.018,1.033,0.420,-2.581,0.149,Idle
-0.005,-0.020,1.031,0.455,-2.634,0.114,Idle
-0.005,-0.018,1.032,0.403,-2.625,0.123,Idle
-0.006,-0.019,1.032,0.438,-2.590,0.114,Idle
-0.004,-0.019,1.032,0.429,-2.625,0.131,Idle
-0.005,-0.019,1.032,0.420,-2.634,0.087,Idle
-0.004,-0.019,1.032,0.359,-2.625,0.114,Idle
-0.005,-0.019,1.032,0.420,-2.634,0.140,Idle
-0.005,-0.018,1.032,0.438,-2.616,0.140,Idle
-0.005,-0.018,1.032,0.403,-2.634,0.157,Idle
-0.006,-0.019,1.032,0.376,-2.608,0.149,Idle
-0.005,-0.018,1.033,0.394,-2.608,0.140,Idle
-0.004,-0.018,1.032,0.411,-2.599,0.175,Idle
-0.005,-0.019,1.031,0.394,-2.625,0.114,Idle
-0.005,-0.019,1.033,0.429,-2.616,0.105,Idle
-0.005,-0.020,1.032,0.394,-2.599,0.149,Idle
-0.005,-0.019,1.032,0.438,-2.581,0.149,Idle
-0.004,-0.019,1.032,0.385,-2.572,0.123,Idle
-0.005,-0.019,1.032,0.394,-2.642,0.114,Idle
-0.005,-0.019,1.032,0.411,-2.669,0.131,Idle
-0.004,-0.020,1.032,0.420,-2.564,0.114,Idle
-0.005,-0.020,1.032,0.455,-2.642,0.105,Idle
-0.005,-0.019,1.033,0.403,-2.634,0.140,Idle
-0.004,-0.019,1.032,0.411,-2.625,0.157,Idle
-0.005,-0.019,1.032,0.438,-2.625,0.096,Idle
-0.005,-0.020,1.031,0.420,-2.599,0.140,Idle
-0.005,-0.019,1.032,0.464,-2.669,0.131,Idle
-0.005,-0.018,1.032,0.394,-2.625,0.140,Idle
-0.004,-0.019,1.033,0.429,-2.599,0.131,Idle
-0.005,-0.020,1.031,0.385,-2.616,0.131,Idle
-0.005,-0.019,1.032,0.403,-2.616,0.140,Idle
-0.004,-0.019,1.032,0.429,-2.590,0.149,Idle
-0.005,-0.019,1.032,0.420,-2.634,0.096,Idle
-0.005,-0.019,1.033,0.446,-2.625,0.140,Idle
-0.005,-0.019,1.032,0.438,-2.590,0.131,Idle
-0.005,-0.019,1.032,0.438,-2.651,0.105,Idle
-0.006,-0.020,1.032,0.429,-2.651,0.096,Idle
-0.005,-0.019,1.033,0.411,-2.634,0.140,Idle
-0.005,-0.019,1.032,0.446,-2.599,0.140,Idle
-0.005,-0.019,1.031,0.385,-2.590,0.149,Idle
-0.004,-0.019,1.033,0.420,-2.660,0.149,Idle
-0.004,-0.019,1.032,0.438,-2.625,0.140,Idle
-0.005,-0.019,1.032,0.420,-2.634,0.166,Idle
-0.005,-0.020,1.033,0.403,-2.651,0.114,Idle
-0.005,-0.019,1.031,0.438,-2.608,0.114,Idle
-0.004,-0.019,1.032,0.420,-2.608,0.114,Idle
-0.004,-0.019,1.031,0.403,-2.608,0.105,Idle
-0.004,-0.019,1.032,0.446,-2.651,0.131,Idle
-0.005,-0.019,1.032,0.403,-2.616,0.114,Idle
-0.005,-0.018,1.032,0.403,-2.608,0.149,Idle
-0.006,-0.019,1.032,0.411,-2.616,0.131,Idle
-0.005,-0.019,1.032,0.420,-2.634,0.131,Idle
-0.004,-0.020,1.031,0.420,-2.616,0.131,Idle
-0.005,-0.019,1.031,0.464,-2.642,0.123,Idle
-0.004,-0.019,1.032,0.376,-2.616,0.157,Idle
-0.005,-0.019,1.032,0.420,-2.616,0.140,Idle
-0.004,-0.020,1.032,0.411,-2.651,0.105,Idle
-0.005,-0.019,1.032,0.464,-2.599,0.096,Idle
-0.005,-0.020,1.032,0.429,-2.651,0.175,Idle
-0.005,-0.020,1.032,0.403,-2.590,0.157,Idle
-0.004,-0.019,1.031,0.464,-2.608,0.105,Idle
-0.006,-0.019,1.032,0.429,-2.590,0.149,Idle
-0.005,-0.019,1.032,0.376,-2.669,0.149,Idle
-0.004,-0.019,1.032,0.411,-2.608,0.140,Idle
-0.004,-0.020,1.032,0.403,-2.599,0.140,Idle
-0.004,-0.019,1.032,0.385,-2.599,0.140,Idle
-0.005,-0.019,1.032,0.420,-2.599,0.157,Idle
-0.004,-0.019,1.032,0.429,-2.634,0.175,Idle
-0.005,-0.019,1.032,0.394,-2.625,0.175,Idle
-0.006,-0.020,1.032,0.429,-2.616,0.166,Idle
-0.004,-0.019,1.031,0.376,-2.608,0.123,Idle
-0.005,-0.019,1.032,0.411,-2.590,0.140,Idle
-0.005,-0.020,1.032,0.411,-2.625,0.131,Idle
-0.006,-0.019,1.032,0.420,-2.581,0.105,Idle
-0.005,-0.019,1.032,0.403,-2.616,0.114,Idle
-0.005,-0.019,1.033,0.464,-2.634,0.140,Idle
-0.004,-0.019,1.031,0.403,-2.581,0.149,Idle
-0.005,-0.019,1.032,0.403,-2.642,0.149,Idle
-0.004,-0.019,1.032,0.446,-2.625,0.105,Idle
-0.005,-0.019,1.032,0.411,-2.590,0.149,Idle
-0.004,-0.019,1.032,0.411,-2.599,0.149,Idle
-0.005,-0.019,1.032,0.411,-2.537,0.157,Idle
-0.004,-0.019,1.032,0.403,-2.651,0.123,Idle
-0.004,-0.019,1.032,0.420,-2.634,0.157,Idle
-0.005,-0.019,1.031,0.429,-2.590,0.140,Idle
-0.006,-0.019,1.033,0.429,-2.616,0.166,Idle
-0.003,-0.020,1.033,0.376,-2.572,0.140,Idle
-0.004,-0.019,1.031,0.464,-2.599,0.140,Idle
-0.005,-0.020,1.033,0.429,-2.608,0.149,Idle
-0.006,-0.019,1.031,0.411,-2.625,0.131,Idle
-0.005,-0.019,1.033,0.438,-2.599,0.105,Idle
-0.004,-0.019,1.031,0.420,-2.590,0.131,Idle
-0.005,-0.019,1.032,0.411,-2.634,0.140,Idle
-0.006,-0.021,1.034,0.368,-2.564,0.123,Idle
-0.005,-0.019,1.032,0.411,-2.625,0.114,Idle
-0.005,-0.019,1.033,0.403,-2.634,0.149,Idle
-0.005,-0.019,1.033,0.429,-2.590,0.096,Idle
-0.005,-0.022,1.033,0.446,-2.599,0.123,Idle
-0.007,-0.020,1.032,0.403,-2.590,0.149,Idle
-0.004,-0.017,1.033,0.403,-2.642,0.096,Idle
-0.005,-0.018,1.033,0.438,-2.634,0.105,Idle
-0.006,-0.020,1.032,0.464,-2.608,0.149,Idle
-0.005,-0.020,1.032,0.420,-2.616,0.114,Idle
-0.004,-0.019,1.032,0.420,-2.660,0.123,Idle
-0.005,-0.019,1.032,0.376,-2.599,0.140,Idle
-0.005,-0.020,1.032,0.411,-2.599,0.149,Idle
-0.004,-0.019,1.032,0.420,-2.546,0.096,Idle
-0.005,-0.018,1.032,0.403,-2.599,0.114,Idle
-0.005,-0.019,1.033,0.411,-2.608,0.166,Idle
-0.004,-0.019,1.032,0.420,-2.599,0.131,Idle
-0.004,-0.018,1.033,0.403,-2.599,0.131,Idle
-0.005,-0.019,1.033,0.394,-2.616,0.175,Idle
-0.005,-0.019,1.033,0.368,-2.642,0.149,Idle
-0.005,-0.019,1.033,0.420,-2.608,0.149,Idle
-0.005,-0.019,1.032,0.394,-2.616,0.166,Idle
-0.005,-0.019,1.034,0.429,-2.590,0.114,Idle
-0.004,-0.019,1.032,0.385,-2.599,0.105,Idle
-0.005,-0.020,1.032,0.420,-2.634,0.140,Idle
-0.004,-0.018,1.032,0.429,-2.660,0.149,Idle
-0.005,-0.019,1.032,0.420,-2.651,0.131,Idle
-0.005,-0.019,1.033,0.394,-2.572,0.149,Idle
-0.004,-0.018,1.032,0.438,-2.608,0.140,Idle
-0.006,-0.020,1.032,0.429,-2.608,0.175,Idle
-0.006,-0.020,1.032,0.411,-2.608,0.096,Idle
-0.005,-0.020,1.032,0.429,-2.608,0.105,Idle
-0.005,-0.019,1.032,0.420,-2.634,0.131,Idle
-0.004,-0.019,1.033,0.394,-2.599,0.149,Idle
-0.005,-0.019,1.032,0.394,-2.616,0.140,Idle
-0.005,-0.019,1.033,0.411,-2.590,0.184,Idle
-0.005,-0.019,1.033,0.420,-2.651,0.123,Idle
-0.005,-0.019,1.033,0.403,-2.599,0.096,Idle
-0.005,-0.019,1.033,0.429,-2.625,0.149,Idle
-0.005,-0.019,1.031,0.455,-2.616,0.175,Idle
-0.005,-0.019,1.032,0.429,-2.608,0.157,Idle
-0.005,-0.019,1.031,0.420,-2.616,0.140,Idle
-0.005,-0.020,1.032,0.411,-2.590,0.166,Idle
-0.005,-0.019,1.032,0.411,-2.581,0.140,Idle
-0.005,-0.019,1.033,0.403,-2.625,0.157,Idle
-0.005,-0.019,1.032,0.420,-2.590,0.131,Idle
-0.005,-0.019,1.033,0.394,-2.651,0.149,Idle
-0.004,-0.019,1.033,0.446,-2.599,0.131,Idle
-0.005,-0.019,1.032,0.394,-2.642,0.096,Idle
-0.004,-0.018,1.032,0.429,-2.616,0.114,Idle
-0.005,-0.019,1.033,0.420,-2.608,0.157,Idle
-0.004,-0.019,1.032,0.429,-2.625,0.123,Idle
-0.005,-0.020,1.032,0.438,-2.608,0.114,Idle
-0.004,-0.019,1.032,0.455,-2.634,0.157,Idle
-0.005,-0.018,1.032,0.464,-2.616,0.140,Idle
-0.002,-0.018,1.033,0.359,-2.590,0.131,Idle
-0.005,-0.019,1.032,0.446,-2.608,0.149,Idle
-0.005,-0.018,1.032,0.420,-2.625,0.140,Idle
-0.004,-0.018,1.032,0.438,-2.642,0.166,Idle
-0.005,-0.019,1.031,0.429,-2.590,0.192,Idle
-0.006,-0.020,1.032,0.420,-2.537,0.157,Idle
-0.005,-0.018,1.032,0.411,-2.608,0.131,Idle
-0.005,-0.019,1.032,0.385,-2.616,0.123,Idle
-0.004,-0.019,1.032,0.394,-2.634,0.157,Idle
-0.005,-0.019,1.033,0.438,-2.651,0.123,Idle
-0.005,-0.018,1.032,0.438,-2.608,0.123,Idle
-0.004,-0.019,1.032,0.411,-2.616,0.140,Idle
-0.005,-0.019,1.032,0.438,-2.608,0.157,Idle
-0.004,-0.020,1.032,0.429,-2.625,0.114,Idle
-0.004,-0.019,1.032,0.385,-2.608,0.131,Idle
-0.005,-0.018,1.031,0.455,-2.608,0.105,Idle
-0.005,-0.019,1.033,0.394,-2.608,0.140,Idle
-0.005,-0.019,1.032,0.420,-2.599,0.131,Idle
-0.004,-0.018,1.032,0.420,-2.590,0.114,Idle
-0.004,-0.019,1.032,0.403,-2.634,0.157,Idle
-0.006,-0.020,1.032,0.385,-2.616,0.149,Idle
-0.005,-0.020,1.033,0.411,-2.581,0.166,Idle
-0.004,-0.018,1.032,0.420,-2.608,0.157,Idle
-0.006,-0.018,1.032,0.420,-2.608,0.123,Idle
-0.005,-0.020,1.032,0.394,-2.599,0.157,Idle
-0.004,-0.019,1.032,0.411,-2.634,0.096,Idle
-0.004,-0.019,1.032,0.438,-2.625,0.140,Idle
-0.005,-0.019,1.032,0.376,-2.642,0.140,Idle
-0.005,-0.019,1.032,0.429,-2.616,0.140,Idle
-0.004,-0.019,1.031,0.411,-2.625,0.131,Idle
-0.005,-0.019,1.032,0.420,-2.608,0.114,Idle
-0.005,-0.020,1.032,0.464,-2.608,0.114,Idle
-0.005,-0.018,1.032,0.385,-2.642,0.114,Idle
-0.005,-0.018,1.031,0.438,-2.608,0.114,Idle
-0.006,-0.018,1.032,0.438,-2.660,0.149,Idle
-0.006,-0.020,1.032,0.385,-2.625,0.166,Idle
-0.005,-0.020,1.033,0.446,-2.634,0.105,Idle
-0.004,-0.018,1.033,0.368,-2.599,0.131,Idle
-0.004,-0.020,1.032,0.385,-2.625,0.157,Idle
-0.006,-0.019,1.033,0.411,-2.599,0.114,Idle
-0.006,-0.019,1.032,0.411,-2.590,0.166,Idle
-0.004,-0.019,1.033,0.420,-2.625,0.166,Idle
-0.005,-0.019,1.032,0.438,-2.599,0.096,Idle
-0.005,-0.021,1.032,0.429,-2.608,0.149,Idle
-0.005,-0.019,1.033,0.403,-2.572,0.096,Idle
-0.004,-0.019,1.032,0.464,-2.572,0.184,Idle
-0.005,-0.019,1.033,0.429,-2.616,0.166,Idle
-0.005,-0.018,1.032,0.429,-2.634,0.123,Idle
-0.004,-0.019,1.032,0.455,-2.608,0.123,Idle
-0.005,-0.019,1.032,0.472,-2.616,0.131,Idle
-0.005,-0.019,1.032,0.438,-2.651,0.105,Idle
-0.005,-0.018,1.031,0.420,-2.581,0.131,Idle
-0.005,-0.019,1.033,0.394,-2.590,0.131,Idle
-0.005,-0.017,1.033,0.403,-2.625,0.123,Idle
-0.004,-0.019,1.034,0.385,-2.590,0.157,Idle
-0.006,-0.019,1.032,0.438,-2.599,0.175,Idle
-0.005,-0.020,1.033,0.420,-2.625,0.140,Idle
-0.005,-0.018,1.033,0.385,-2.634,0.123,Idle
-0.005,-0.018,1.031,0.420,-2.625,0.140,Idle
-0.005,-0.020,1.033,0.429,-2.599,0.123,Idle
-0.004,-0.019,1.032,0.411,-2.634,0.123,Idle
-0.004,-0.020,1.032,0.411,-2.660,0.123,Idle
-0.005,-0.020,1.033,0.385,-2.660,0.096,Idle
-0.006,-0.020,1.031,0.394,-2.634,0.114,Idle
-0.004,-0.019,1.031,0.385,-2.608,0.114,Idle
-0.004,-0.019,1.032,0.420,-2.555,0.131,Idle
-0.005,-0.019,1.032,0.411,-2.634,0.140,Idle
-0.005,-0.019,1.032,0.429,-2.634,0.131,Idle
-0.004,-0.019,1.031,0.429,-2.581,0.166,Idle
-0.006,-0.018,1.033,0.411,-2.608,0.123,Idle
-0.005,-0.019,1.031,0.411,-2.590,0.149,Idle
-0.006,-0.018,1.034,0.429,-2.625,0.140,Idle
-0.005,-0.019,1.034,0.403,-2.599,0.123,Idle
-0.006,-0.018,1.033,0.394,-2.599,0.087,Idle
-0.005,-0.019,1.031,0.429,-2.608,0.157,Idle
-0.004,-0.019,1.033,0.411,-2.590,0.140,Idle
-0.005,-0.019,1.033,0.438,-2.642,0.123,Idle
-0.005,-0.020,1.032,0.446,-2.608,0.157,Idle
-0.003,-0.019,1.034,0.438,-2.608,0.140,Idle
-0.006,-0.027,1.040,0.446,-2.642,0.157,Idle
-0.007,-0.022,1.039,0.394,-2.572,0.123,Idle
-0.006,-0.017,1.036,0.429,-2.642,0.157,Idle
-0.004,-0.018,1.035,0.403,-2.625,0.096,Idle
-0.006,-0.021,1.035,0.455,-2.608,0.149,Idle
-0.006,-0.021,1.034,0.420,-2.625,0.131,Idle
-0.004,-0.019,1.034,0.464,-2.599,0.149,Idle
-0.005,-0.019,1.033,0.446,-2.608,0.149,Idle
-0.005,-0.019,1.032,0.403,-2.616,0.149,Idle
-0.005,-0.019,1.033,0.394,-2.642,0.131,Idle
-0.005,-0.017,1.032,0.420,-2.599,0.149,Idle
-0.005,-0.018,1.032,0.403,-2.599,0.184,Idle
-0.006,-0.020,1.034,0.385,-2.616,0.123,Idle
-0.006,-0.020,1.030,0.376,-2.616,0.149,Idle
-0.003,-0.018,1.032,0.420,-2.616,0.149,Idle
-0.005,-0.020,1.033,0.429,-2.599,0.087,Idle
-0.005,-0.021,1.034,0.411,-2.642,0.157,Idle
-0.005,-0.019,1.033,0.411,-2.616,0.096,Idle
-0.005,-0.019,1.034,0.438,-2.572,0.184,Idle
-0.005,-0.020,1.031,0.420,-2.599,0.149,Idle
-0.006,-0.019,1.032,0.455,-2.608,0.131,Idle
-0.004,-0.018,1.032,0.429,-2.642,0.123,Idle
-0.004,-0.018,1.033,0.429,-2.634,0.131,Idle
-0.005,-0.020,1.031,0.411,-2.625,0.105,Idle
-0.005,-0.018,1.033,0.429,-2.625,0.114,Idle
-0.004,-0.018,1.032,0.403,-2.634,0.166,Idle
-0.005,-0.019,1.032,0.446,-2.581,0.149,Idle
-0.005,-0.019,1.032,0.438,-2.608,0.140,Idle
-0.004,-0.019,1.032,0.420,-2.625,0.123,Idle
-0.004,-0.019,1.032,0.429,-2.599,0.105,Idle
-0.005,-0.019,1.032,0.438,-2.616,0.105,Idle
-0.005,-0.022,1.034,0.455,-2.564,0.131,Idle
-0.007,-0.019,1.033,0.403,-2.572,0.157,Idle
-0.004,-0.020,1.031,0.420,-2.555,0.166,Idle
-0.006,-0.018,1.034,0.394,-2.616,0.096,Idle
-0.005,-0.019,1.035,0.411,-2.608,0.149,Idle
-0.005,-0.020,1.034,0.455,-2.546,0.105,Idle
-0.004,-0.022,1.028,0.438,-2.634,0.140,Idle
-0.004,-0.023,1.033,0.385,-2.616,0.105,Idle
-0.007,-0.019,1.035,0.385,-2.599,0.131,Idle
-0.005,-0.018,1.033,0.455,-2.625,0.131,Idle
-0.005,-0.017,1.034,0.411,-2.581,0.114,Idle
-0.005,-0.019,1.032,0.446,-2.634,0.131,Idle
-0.005,-0.020,1.031,0.438,-2.660,0.157,Idle
-0.005,-0.018,1.031,0.420,-2.616,0.114,Idle
-0.004,-0.019,1.032,0.385,-2.625,0.131,Idle
-0.006,-0.018,1.030,0.446,-2.642,0.140,Idle
-0.005,-0.020,1.032,0.438,-2.608,0.140,Idle
-0.004,-0.019,1.033,0.403,-2.608,0.175,Idle
-0.004,-0.019,1.032,0.394,-2.616,0.131,Idle
-0.005,-0.020,1.032,0.438,-2.634,0.157,Idle
-0.005,-0.019,1.032,0.394,-2.599,0.149,Idle
-0.004,-0.017,1.029,0.403,-2.625,0.114,Idle
-0.004,-0.020,1.034,0.420,-2.555,0.157,Idle
-0.003,-0.018,1.032,0.385,-2.590,0.123,Idle
-0.006,-0.020,1.032,0.438,-2.634,0.114,Idle
-0.007,-0.021,1.032,0.403,-2.634,0.105,Idle
-0.003,-0.018,1.033,0.376,-2.599,0.114,Idle
-0.004,-0.018,1.031,0.403,-2.537,0.149,Idle
-0.006,-0.019,1.031,0.376,-2.608,0.123,Idle
-0.006,-0.019,1.032,0.403,-2.590,0.131,Idle
-0.003,-0.018,1.031,0.446,-2.572,0.131,Idle
-0.006,-0.020,1.031,0.420,-2.537,0.166,Idle
-0.005,-0.019,1.031,0.403,-2.616,0.140,Idle
-0.005,-0.019,1.031,0.411,-2.660,0.149,Idle
-0.004,-0.019,1.031,0.446,-2.642,0.140,Idle
-0.005,-0.020,1.031,0.394,-2.625,0.105,Idle
-0.005,-0.019,1.032,0.403,-2.608,0.140,Idle
-0.004,-0.019,1.032,0.403,-2.590,0.140,Idle
-0.006,-0.020,1.032,0.394,-2.625,0.123,Idle
-0.005,-0.019,1.032,0.446,-2.564,0.140,Idle
-0.005,-0.019,1.032,0.438,-2.660,0.105,Idle
-0.004,-0.019,1.031,0.403,-2.625,0.175,Idle
-0.005,-0.019,1.031,0.394,-2.634,0.149,Idle
-0.006,-0.020,1.031,0.429,-2.599,0.114,Idle
-0.005,-0.018,1.032,0.411,-2.616,0.114,Idle
-0.005,-0.018,1.032,0.368,-2.608,0.096,Idle
-0.004,-0.019,1.033,0.420,-2.599,0.210,Idle
-0.005,-0.019,1.032,0.411,-2.651,0.140,Idle
-0.004,-0.019,1.031,0.429,-2.608,0.140,Idle
-0.005,-0.020,1.032,0.411,-2.678,0.123,Idle
-0.005,-0.019,1.032,0.403,-2.616,0.114,Idle
-0.004,-0.019,1.032,0.429,-2.660,0.114,Idle
-0.005,-0.019,1.032,0.446,-2.590,0.131,Idle
-0.005,-0.020,1.032,0.403,-2.642,0.114,Idle
-0.005,-0.019,1.032,0.385,-2.616,0.149,Idle
-0.005,-0.019,1.033,0.403,-2.642,0.123,Idle
-0.004,-0.019,1.032,0.411,-2.581,0.175,Idle
-0.005,-0.019,1.032,0.411,-2.616,0.140,Idle
-0.005,-0.020,1.032,0.438,-2.608,0.140,Idle
-0.005,-0.019,1.032,0.438,-2.616,0.123,Idle
-0.006,-0.019,1.033,0.429,-2.572,0.114,Idle
-0.005,-0.019,1.032,0.403,-2.669,0.123,Idle
-0.005,-0.019,1.031,0.438,-2.608,0.131,Idle
-0.004,-0.019,1.033,0.411,-2.608,0.131,Idle
-0.006,-0.019,1.033,0.429,-2.590,0.131,Idle
-0.005,-0.019,1.032,0.438,-2.581,0.140,Idle
-0.005,-0.018,1.032,0.438,-2.590,0.114,Idle
-0.005,-0.019,1.031,0.411,-2.590,0.114,Idle
-0.005,-0.019,1.032,0.411,-2.590,0.105,Idle
-0.005,-0.019,1.032,0.420,-2.590,0.140,Idle
-0.005,-0.019,1.032,0.438,-2.590,0.131,Idle
-0.004,-0.019,1.032,0.429,-2.608,0.114,Idle
-0.003,-0.018,1.032,0.420,-2.564,0.166,Idle
-0.005,-0.020,1.032,0.359,-2.608,0.114,Idle
-0.005,-0.019,1.033,0.455,-2.651,0.123,Idle
-0.004,-0.020,1.032,0.429,-2.625,0.140,Idle
-0.005,-0.019,1.032,0.411,-2.599,0.105,Idle
-0.005,-0.019,1.033,0.394,-2.599,0.096,Idle
-0.005,-0.018,1.032,0.394,-2.590,0.149,Idle
-0.004,-0.019,1.032,0.394,-2.625,0.123,Idle
-0.005,-0.019,1.033,0.385,-2.616,0.131,Idle
-0.007,-0.021,1.032,0.438,-2.625,0.114,Idle
-0.006,-0.021,1.031,0.420,-2.608,0.131,Idle
-0.003,-0.017,1.032,0.394,-2.660,0.140,Idle
-0.004,-0.019,1.031,0.411,-2.616,0.140,Idle
-0.006,-0.019,1.033,0.376,-2.581,0.123,Idle
-0.004,-0.019,1.032,0.420,-2.616,0.157,Idle
-0.004,-0.018,1.033,0.394,-2.625,0.114,Idle
-0.006,-0.019,1.033,0.403,-2.651,0.149,Idle
-0.006,-0.019,1.032,0.429,-2.634,0.175,Idle
-0.005,-0.019,1.031,0.438,-2.642,0.140,Idle
-0.005,-0.019,1.032,0.385,-2.590,0.105,Idle
-0.006,-0.020,1.032,0.394,-2.608,0.149,Idle
-0.005,-0.020,1.033,0.438,-2.634,0.123,Idle
-0.005,-0.019,1.032,0.403,-2.642,0.123,Idle
-0.005,-0.019,1.032,0.420,-2.599,0.114,Idle
-0.005,-0.020,1.032,0.446,-2.616,0.131,Idle
-0.004,-0.020,1.033,0.403,-2.625,0.105,Idle
-0.004,-0.019,1.032,0.385,-2.642,0.149,Idle
-0.006,-0.019,1.032,0.464,-2.599,0.149,Idle
-0.004,-0.020,1.032,0.438,-2.608,0.131,Idle
-0.005,-0.019,1.031,0.411,-2.660,0.140,Idle
-0.004,-0.019,1.032,0.394,-2.660,0.123,Idle
-0.004,-0.020,1.031,0.438,-2.590,0.131,Idle
-0.004,-0.018,1.032,0.446,-2.616,0.131,Idle
-0.005,-0.019,1.032,0.446,-2.660,0.123,Idle
-0.005,-0.019,1.032,0.411,-2.599,0.157,Idle
-0.006,-0.020,1.031,0.403,-2.608,0.123,Idle
-0.005,-0.018,1.032,0.368,-2.599,0.149,Idle
-0.006,-0.019,1.033,0.438,-2.642,0.105,Idle
-0.004,-0.019,1.031,0.429,-2.608,0.070,Idle
-0.004,-0.019,1.032,0.403,-2.608,0.131,Idle
-0.005,-0.019,1.032,0.394,-2.651,0.131,Idle
-0.005,-0.020,1.032,0.420,-2.616,0.096,Idle
-0.005,-0.018,1.031,0.420,-2.616,0.157,Idle
-0.005,-0.018,1.032,0.420,-2.608,0.105,Idle
-0.005,-0.019,1.032,0.429,-2.625,0.131,Idle
-0.004,-0.019,1.032,0.438,-2.590,0.105,Idle
-0.005,-0.019,1.033,0.464,-2.564,0.131,Idle
-0.005,-0.019,1.032,0.385,-2.625,0.123,Idle
-0.006,-0.020,1.031,0.420,-2.608,0.123,Idle
-0.005,-0.019,1.032,0.429,-2.616,0.157,Idle
-0.005,-0.019,1.032,0.455,-2.564,0.114,Idle
-0.005,-0.019,1.032,0.429,-2.590,0.131,Idle
-0.006,-0.020,1.031,0.446,-2.616,0.175,Idle
-0.005,-0.019,1.032,0.385,-2.590,0.105,Idle
-0.004,-0.019,1.032,0.464,-2.590,0.166,Idle
-0.005,-0.018,1.031,0.464,-2.634,0.140,Idle
-0.005,-0.019,1.032,0.420,-2.581,0.149,Idle
-0.005,-0.019,1.032,0.411,-2.651,0.123,Idle
-0.005,-0.018,1.032,0.385,-2.642,0.123,Idle
-0.005,-0.018,1.032,0.420,-2.616,0.140,Idle
-0.005,-0.020,1.033,0.429,-2.608,0.140,Idle
-0.005,-0.019,1.032,0.472,-2.651,0.149,Idle
-0.005,-0.019,1.032,0.438,-2.625,0.140,Idle
-0.005,-0.018,1.033,0.420,-2.590,0.131,Idle
-0.005,-0.020,1.031,0.403,-2.572,0.149,Idle
-0.004,-0.020,1.032,0.481,-2.634,0.131,Idle
-0.004,-0.019,1.032,0.411,-2.590,0.114,Idle
-0.005,-0.019,1.031,0.420,-2.590,0.149,Idle
-0.005,-0.019,1.032,0.429,-2.625,0.123,Idle
-0.004,-0.019,1.032,0.446,-2.625,0.105,Idle
-0.005,-0.019,1.031,0.472,-2.608,0.149,Idle
-0.006,-0.019,1.031,0.403,-2.616,0.114,Idle
-0.004,-0.018,1.032,0.411,-2.634,0.184,Idle
-0.004,-0.018,1.031,0.464,-2.581,0.105,Idle
-0.005,-0.019,1.033,0.394,-2.625,0.105,Idle
-0.005,-0.019,1.033,0.376,-2.581,0.123,Idle
-0.005,-0.018,1.033,0.394,-2.564,0.123,Idle
-0.005,-0.019,1.032,0.376,-2.616,0.131,Idle
-0.005,-0.019,1.032,0.411,-2.616,0.140,Idle
-0.005,-0.019,1.032,0.429,-2.590,0.140,Idle
-0.004,-0.018,1.032,0.403,-2.625,0.131,Idle
-0.007,-0.017,1.035,0.394,-2.651,0.114,Idle
-0.008,-0.019,1.039,0.403,-2.572,0.157,Idle
-0.003,-0.020,1.027,0.429,-2.616,0.157,Idle
-0.004,-0.020,1.028,0.420,-2.634,0.123,Idle
-0.005,-0.019,1.031,0.385,-2.634,0.087,Idle
-0.006,-0.019,1.033,0.394,-2.590,0.140,Idle
-0.004,-0.018,1.030,0.429,-2.651,0.131,Idle
-0.004,-0.019,1.031,0.429,-2.581,0.157,Idle
-0.005,-0.021,1.032,0.368,-2.634,0.140,Idle
-0.005,-0.019,1.033,0.403,-2.634,0.157,Idle
-0.005,-0.020,1.032,0.438,-2.608,0.149,Idle
-0.005,-0.020,1.032,0.455,-2.616,0.166,Idle
-0.005,-0.019,1.032,0.411,-2.616,0.184,Idle
-0.005,-0.018,1.032,0.438,-2.634,0.123,Idle
-0.005,-0.019,1.032,0.385,-2.625,0.157,Idle
-0.006,-0.020,1.032,0.455,-2.616,0.131,Idle
-0.005,-0.019,1.032,0.394,-2.625,0.149,Idle
-0.005,-0.019,1.032,0.394,-2.616,0.184,Idle
-0.005,-0.018,1.031,0.438,-2.634,0.149,Idle
-0.003,-0.019,1.032,0.420,-2.581,0.140,Idle
-0.005,-0.018,1.032,0.411,-2.608,0.079,Idle
-0.005,-0.019,1.032,0.403,-2.599,0.114,Idle
-0.005,-0.020,1.031,0.438,-2.625,0.096,Idle
-0.005,-0.018,1.031,0.420,-2.625,0.105,Idle
-0.004,-0.018,1.031,0.411,-2.651,0.131,Idle
-0.005,-0.018,1.031,0.429,-2.599,0.157,Idle
-0.005,-0.019,1.032,0.446,-2.564,0.131,Idle
-0.004,-0.017,1.031,0.403,-2.599,0.123,Idle
-0.007,-0.019,1.033,0.403,-2.625,0.175,Idle
-0.005,-0.020,1.032,0.385,-2.660,0.114,Idle
-0.004,-0.020,1.033,0.446,-2.625,0.114,Idle
-0.006,-0.019,1.032,0.420,-2.590,0.157,Idle
-0.005,-0.020,1.031,0.446,-2.608,0.105,Idle
-0.003,-0.019,1.032,0.394,-2.625,0.123,Idle
-0.004,-0.019,1.031,0.420,-2.616,0.096,Idle
-0.009,-0.023,1.032,0.376,-2.669,0.114,Idle
-0.003,-0.018,1.032,0.464,-2.546,0.114,Idle
-0.000,-0.015,1.033,0.438,-2.669,0.061,Idle
-0.006,-0.020,1.032,0.394,-2.634,0.140,Idle
-0.007,-0.021,1.032,0.394,-2.634,0.149,Idle
-0.003,-0.017,1.032,0.420,-2.642,0.131,Idle
-0.003,-0.018,1.033,0.446,-2.590,0.123,Idle
-0.007,-0.020,1.032,0.411,-2.616,0.105,Idle
-0.004,-0.019,1.031,0.429,-2.581,0.123,Idle
-0.005,-0.018,1.031,0.420,-2.642,0.123,Idle
-0.005,-0.018,1.032,0.455,-2.616,0.105,Idle
-0.005,-0.019,1.032,0.420,-2.634,0.114,Idle
-0.006,-0.019,1.032,0.455,-2.546,0.140,Idle
-0.004,-0.018,1.031,0.411,-2.608,0.149,Idle
-0.004,-0.017,1.032,0.481,-2.590,0.140,Idle
-0.004,-0.020,1.032,0.438,-2.634,0.149,Idle
-0.005,-0.020,1.032,0.376,-2.581,0.123,Idle
-0.004,-0.018,1.031,0.385,-2.599,0.123,Idle
-0.004,-0.019,1.031,0.429,-2.599,0.131,Idle
-0.005,-0.019,1.033,0.420,-2.590,0.123,Idle
-0.004,-0.018,1.033,0.420,-2.590,0.149,Idle
-0.005,-0.017,1.032,0.420,-2.660,0.114,Idle
-0.005,-0.020,1.032,0.411,-2.625,0.114,Idle
-0.004,-0.021,1.032,0.411,-2.634,0.087,Idle
-0.005,-0.020,1.033,0.438,-2.616,0.157,Idle
-0.005,-0.019,1.032,0.429,-2.608,0.131,Idle
-0.005,-0.019,1.031,0.438,-2.625,0.131,Idle
-0.005,-0.018,1.033,0.481,-2.572,0.114,Idle
-0.006,-0.020,1.031,0.446,-2.660,0.149,Idle
-0.005,-0.019,1.032,0.420,-2.616,0.131,Idle
-0.005,-0.020,1.032,0.446,-2.616,0.087,Idle
-0.005,-0.019,1.031,0.446,-2.625,0.123,Idle
-0.005,-0.018,1.032,0.376,-2.599,0.114,Idle
-0.004,-0.019,1.032,0.446,-2.651,0.131,Idle
-0.005,-0.019,1.032,0.394,-2.599,0.140,Idle
-0.005,-0.019,1.032,0.446,-2.608,0.123,Idle
-0.006,-0.019,1.031,0.429,-2.608,0.175,Idle
-0.004,-0.020,1.033,0.394,-2.660,0.131,Idle
-0.005,-0.020,1.032,0.429,-2.625,0.157,Idle
-0.005,-0.018,1.032,0.411,-2.590,0.123,Idle
-0.005,-0.019,1.032,0.429,-2.625,0.140,Idle
-0.006,-0.018,1.033,0.420,-2.634,0.096,Idle
-0.005,-0.018,1.030,0.394,-2.608,0.140,Idle
-0.004,-0.019,1.032,0.411,-2.599,0.114,Idle
-0.005,-0.020,1.033,0.403,-2.642,0.184,Idle
-0.006,-0.019,1.032,0.455,-2.581,0.140,Idle
-0.005,-0.019,1.032,0.411,-2.616,0.096,Idle
-0.005,-0.019,1.032,0.438,-2.651,0.149,Idle
-0.005,-0.019,1.032,0.403,-2.634,0.114,Idle
-0.004,-0.019,1.033,0.429,-2.608,0.123,Idle
-0.005,-0.019,1.032,0.464,-2.581,0.166,Idle
-0.005,-0.020,1.031,0.394,-2.616,0.114,Idle
-0.005,-0.019,1.033,0.429,-2.581,0.140,Idle
-0.004,-0.018,1.032,0.420,-2.608,0.140,Idle
-0.005,-0.020,1.033,0.420,-2.651,0.123,Idle
-0.005,-0.019,1.032,0.411,-2.608,0.131,Idle
-0.005,-0.019,1.031,0.429,-2.564,0.157,Idle
-0.005,-0.019,1.032,0.420,-2.616,0.140,Idle
-0.005,-0.019,1.033,0.429,-2.590,0.140,Idle
-0.005,-0.018,1.032,0.403,-2.651,0.140,Idle
-0.005,-0.020,1.033,0.403,-2.660,0.123,Idle
-0.006,-0.019,1.032,0.403,-2.608,0.140,Idle
-0.005,-0.020,1.032,0.420,-2.616,0.105,Idle
-0.005,-0.019,1.032,0.411,-2.608,0.131,Idle
-0.005,-0.019,1.032,0.411,-2.634,0.157,Idle
-0.005,-0.019,1.032,0.411,-2.642,0.123,Idle
-0.005,-0.020,1.032,0.403,-2.581,0.131,Idle
-0.005,-0.019,1.031,0.403,-2.625,0.131,Idle
-0.004,-0.019,1.032,0.411,-2.581,0.192,Idle
-0.004,-0.019,1.032,0.446,-2.625,0.105,Idle
-0.005,-0.019,1.031,0.429,-2.581,0.140,Idle
-0.005,-0.019,1.032,0.411,-2.599,0.105,Idle
-0.004,-0.019,1.032,0.394,-2.590,0.114,Idle
-0.004,-0.019,1.032,0.429,-2.616,0.157,Idle
-0.005,-0.019,1.032,0.438,-2.555,0.157,Idle
-0.006,-0.019,1.032,0.420,-2.590,0.140,Idle
-0.005,-0.018,1.032,0.446,-2.634,0.123,Idle
-0.005,-0.019,1.032,0.394,-2.660,0.140,Idle
-0.004,-0.020,1.032,0.429,-2.634,0.123,Idle
-0.005,-0.019,1.032,0.429,-2.651,0.114,Idle
-0.006,-0.019,1.032,0.429,-2.651,0.123,Idle
-0.005,-0.019,1.032,0.420,-2.590,0.087,Idle
-0.006,-0.019,1.031,0.411,-2.660,0.140,Idle
-0.005,-0.019,1.032,0.446,-2.634,0.105,Idle
-0.005,-0.019,1.032,0.403,-2.599,0.096,Idle
-0.005,-0.019,1.032,0.455,-2.616,0.123,Idle
-0.005,-0.019,1.031,0.420,-2.599,0.149,Idle
-0.006,-0.018,1.033,0.420,-2.581,0.157,Idle
-0.004,-0.020,1.031,0.420,-2.651,0.175,Idle
-0.005,-0.019,1.033,0.438,-2.599,0.131,Idle
-0.005,-0.020,1.032,0.464,-2.608,0.131,Idle
-0.005,-0.019,1.029,0.394,-2.572,0.166,Idle
-0.005,-0.019,1.032,0.429,-2.616,0.149,Idle
-0.004,-0.019,1.034,0.385,-2.634,0.166,Idle
-0.004,-0.019,1.030,0.403,-2.590,0.184,Idle
-0.006,-0.019,1.030,0.429,-2.669,0.114,Idle
-0.005,-0.019,1.032,0.411,-2.608,0.114,Idle
-0.005,-0.019,1.033,0.385,-2.642,0.114,Idle
-0.005,-0.020,1.031,0.411,-2.555,0.131,Idle
-0.004,-0.019,1.032,0.429,-2.642,0.131,Idle
-0.006,-0.019,1.032,0.429,-2.634,0.105,Idle
-0.005,-0.020,1.034,0.403,-2.581,0.123,Idle
-0.004,-0.019,1.031,0.446,-2.634,0.131,Idle
-0.005,-0.017,1.031,0.420,-2.581,0.105,Idle
-0.004,-0.021,1.032,0.481,-2.616,0.184,Idle
-0.005,-0.020,1.033,0.394,-2.634,0.157,Idle
-0.006,-0.019,1.031,0.455,-2.642,0.105,Idle
-0.005,-0.019,1.032,0.403,-2.590,0.096,Idle
-0.005,-0.020,1.033,0.438,-2.642,0.157,Idle
-0.004,-0.019,1.032,0.420,-2.599,0.105,Idle
-0.004,-0.019,1.033,0.411,-2.625,0.149,Idle
-0.005,-0.020,1.033,0.438,-2.581,0.166,Idle
-0.004,-0.019,1.032,0.403,-2.616,0.105,Idle
-0.005,-0.020,1.032,0.376,-2.642,0.123,Idle
-0.005,-0.018,1.031,0.385,-2.590,0.131,Idle
-0.005,-0.019,1.032,0.394,-2.608,0.140,Idle
-0.005,-0.019,1.031,0.438,-2.616,0.140,Idle
-0.006,-0.019,1.031,0.481,-2.625,0.166,Idle
-0.005,-0.019,1.032,0.420,-2.634,0.157,Idle
-0.006,-0.019,1.032,0.394,-2.634,0.140,Idle
-0.005,-0.019,1.032,0.429,-2.572,0.166,Idle
-0.005,-0.019,1.032,0.411,-2.581,0.123,Idle
-0.004,-0.019,1.032,0.403,-2.581,0.140,Idle
-0.004,-0.020,1.032,0.429,-2.581,0.140,Idle
-0.004,-0.019,1.032,0.429,-2.642,0.157,Idle
-0.005,-0.019,1.032,0.394,-2.616,0.123,Idle
-0.006,-0.019,1.032,0.429,-2.642,0.114,Idle
-0.005,-0.020,1.032,0.429,-2.608,0.131,Idle
-0.004,-0.019,1.032,0.385,-2.608,0.123,Idle
-0.005,-0.019,1.032,0.411,-2.590,0.123,Idle
-0.005,-0.019,1.033,0.385,-2.634,0.149,Idle
-0.004,-0.018,1.032,0.420,-2.634,0.149,Idle
-0.005,-0.019,1.032,0.376,-2.634,0.149,Idle
-0.005,-0.019,1.032,0.438,-2.616,0.131,Idle
-0.005,-0.019,1.032,0.438,-2.555,0.157,Idle
-0.005,-0.020,1.031,0.350,-2.572,0.149,Idle
-0.004,-0.019,1.031,0.403,-2.642,0.131,Idle
-0.004,-0.018,1.032,0.438,-2.625,0.149,Idle
-0.005,-0.019,1.030,0.438,-2.634,0.157,Idle
-0.005,-0.020,1.032,0.385,-2.616,0.131,Idle
-0.005,-0.019,1.033,0.376,-2.634,0.096,Idle
-0.005,-0.018,1.033,0.420,-2.572,0.149,Idle
-0.005,-0.018,1.033,0.411,-2.634,0.149,Idle
-0.005,-0.020,1.032,0.376,-2.634,0.114,Idle
-0.005,-0.020,1.032,0.429,-2.616,0.140,Idle
-0.005,-0.019,1.032,0.411,-2.625,0.114,Idle
-0.006,-0.020,1.033,0.359,-2.608,0.149,Idle
-0.006,-0.021,1.032,0.403,-2.590,0.166,Idle
-0.005,-0.019,1.032,0.394,-2.634,0.096,Idle
-0.005,-0.019,1.031,0.464,-2.616,0.105,Idle
-0.005,-0.019,1.033,0.411,-2.625,0.131,Idle
-0.005,-0.019,1.031,0.411,-2.616,0.079,Idle
-0.005,-0.018,1.033,0.411,-2.634,0.123,Idle
-0.005,-0.018,1.032,0.420,-2.642,0.140,Idle
-0.005,-0.019,1.032,0.403,-2.651,0.105,Idle
-0.005,-0.019,1.032,0.438,-2.625,0.131,Idle
-0.005,-0.020,1.033,0.429,-2.625,0.096,Idle
-0.005,-0.020,1.032,0.403,-2.590,0.123,Idle
-0.005,-0.019,1.032,0.403,-2.616,0.123,Idle
-0.006,-0.020,1.033,0.411,-2.660,0.123,Idle
-0.005,-0.020,1.033,0.429,-2.625,0.131,Idle
-0.005,-0.019,1.031,0.376,-2.634,0.157,Idle
-0.005,-0.019,1.031,0.446,-2.608,0.114,Idle
-0.006,-0.019,1.032,0.472,-2.634,0.114,Idle
-0.005,-0.019,1.033,0.403,-2.581,0.114,Idle
-0.005,-0.019,1.032,0.411,-2.590,0.123,Idle
-0.005,-0.018,1.032,0.394,-2.599,0.149,Idle
-0.005,-0.019,1.032,0.429,-2.608,0.157,Idle
-0.005,-0.019,1.033,0.411,-2.599,0.114,Idle
-0.005,-0.018,1.032,0.438,-2.616,0.131,Idle
-0.005,-0.020,1.032,0.455,-2.616,0.149,Idle
-0.005,-0.019,1.033,0.429,-2.590,0.114,Idle
-0.005,-0.020,1.032,0.403,-2.634,0.131,Idle
-0.005,-0.019,1.032,0.455,-2.608,0.157,Idle
-0.006,-0.019,1.033,0.429,-2.634,0.123,Idle
-0.005,-0.019,1.032,0.411,-2.590,0.140,Idle
-0.005,-0.019,1.032,0.376,-2.625,0.087,Idle
-0.004,-0.019,1.032,0.403,-2.599,0.157,Idle
-0.005,-0.019,1.033,0.420,-2.625,0.131,Idle
-0.006,-0.019,1.032,0.368,-2.616,0.140,Idle
-0.004,-0.019,1.032,0.394,-2.625,0.131,Idle
-0.006,-0.019,1.032,0.376,-2.616,0.070,Idle
-0.005,-0.019,1.032,0.403,-2.669,0.087,Idle
-0.004,-0.019,1.032,0.446,-2.651,0.149,Idle
-0.005,-0.019,1.031,0.446,-2.599,0.131,Idle
-0.005,-0.019,1.032,0.411,-2.642,0.114,Idle
-0.004,-0.019,1.032,0.429,-2.608,0.149,Idle
-0.004,-0.019,1.032,0.420,-2.625,0.123,Idle
-0.005,-0.020,1.034,0.446,-2.608,0.131,Idle
-0.005,-0.020,1.033,0.455,-2.625,0.123,Idle
-0.005,-0.019,1.032,0.438,-2.599,0.140,Idle
-0.004,-0.019,1.033,0.394,-2.608,0.123,Idle
-0.005,-0.020,1.033,0.429,-2.616,0.123,Idle
-0.005,-0.019,1.033,0.455,-2.608,0.157,Idle
-0.005,-0.018,1.032,0.429,-2.581,0.131,Idle
-0.005,-0.019,1.031,0.420,-2.572,0.096,Idle
-0.006,-0.019,1.033,0.455,-2.678,0.123,Idle
-0.004,-0.019,1.032,0.394,-2.616,0.166,Idle
-0.005,-0.019,1.033,0.429,-2.651,0.149,Idle
-0.006,-0.019,1.033,0.376,-2.608,0.131,Idle
-0.004,-0.019,1.032,0.455,-2.634,0.087,Idle
-0.005,-0.019,1.032,0.403,-2.616,0.157,Idle
-0.005,-0.018,1.032,0.455,-2.572,0.123,Idle
-0.006,-0.019,1.032,0.411,-2.616,0.114,Idle
-0.004,-0.019,1.031,0.403,-2.625,0.140,Idle
-0.004,-0.019,1.032,0.455,-2.599,0.123,Idle
-0.005,-0.019,1.033,0.464,-2.608,0.157,Idle
-0.004,-0.019,1.032,0.446,-2.642,0.157,Idle
-0.005,-0.019,1.031,0.394,-2.608,0.157,Idle
-0.005,-0.019,1.031,0.403,-2.608,0.123,Idle
-0.004,-0.019,1.031,0.411,-2.608,0.140,Idle
-0.005,-0.019,1.032,0.394,-2.616,0.149,Idle
-0.005,-0.019,1.032,0.446,-2.599,0.149,Idle
-0.005,-0.019,1.032,0.411,-2.616,0.149,Idle
-0.004,-0.019,1.032,0.376,-2.634,0.105,Idle
-0.004,-0.019,1.032,0.394,-2.625,0.131,Idle
-0.006,-0.019,1.033,0.429,-2.608,0.131,Idle
-0.004,-0.020,1.032,0.403,-2.608,0.131,Idle
-0.006,-0.019,1.031,0.429,-2.599,0.114,Idle
-0.006,-0.020,1.033,0.438,-2.642,0.140,Idle
-0.005,-0.019,1.032,0.359,-2.590,0.140,Idle
-0.006,-0.020,1.032,0.429,-2.590,0.123,Idle
-0.004,-0.018,1.031,0.411,-2.608,0.166,Idle
-0.005,-0.019,1.032,0.464,-2.634,0.087,Idle
-0.006,-0.019,1.033,0.394,-2.616,0.157,Idle
-0.005,-0.019,1.032,0.438,-2.572,0.166,Idle
-0.004,-0.019,1.033,0.420,-2.651,0.131,Idle
-0.004,-0.020,1.032,0.403,-2.634,0.114,Idle
-0.005,-0.019,1.031,0.394,-2.608,0.105,Idle
-0.004,-0.019,1.032,0.394,-2.590,0.140,Idle
-0.005,-0.019,1.031,0.411,-2.642,0.131,Idle
-0.004,-0.019,1.032,0.420,-2.625,0.114,Idle
-0.005,-0.018,1.032,0.394,-2.642,0.157,Idle
-0.006,-0.019,1.033,0.403,-2.625,0.114,Idle
-0.005,-0.019,1.032,0.411,-2.634,0.123,Idle
-0.003,-0.019,1.032,0.420,-2.546,0.140,Idle
-0.004,-0.019,1.032,0.420,-2.634,0.105,Idle
-0.006,-0.020,1.033,0.385,-2.555,0.070,Idle
-0.004,-0.019,1.032,0.464,-2.660,0.175,Idle
-0.005,-0.019,1.031,0.464,-2.590,0.140,Idle
-0.005,-0.019,1.031,0.438,-2.616,0.096,Idle
-0.005,-0.019,1.031,0.455,-2.642,0.149,Idle
-0.005,-0.019,1.032,0.420,-2.590,0.192,Idle
-0.004,-0.019,1.032,0.429,-2.608,0.123,Idle
-0.006,-0.020,1.031,0.455,-2.608,0.123,Idle
-0.005,-0.018,1.033,0.394,-2.572,0.123,Idle
-0.005,-0.019,1.032,0.385,-2.599,0.157,Idle
-0.006,-0.019,1.032,0.385,-2.616,0.131,Idle
-0.005,-0.019,1.032,0.420,-2.590,0.166,Idle
-0.005,-0.018,1.032,0.429,-2.608,0.131,Idle
-0.005,-0.019,1.032,0.429,-2.599,0.175,Idle
-0.005,-0.019,1.032,0.411,-2.581,0.114,Idle
-0.005,-0.019,1.031,0.429,-2.616,0.157,Idle
-0.005,-0.019,1.032,0.420,-2.590,0.149,Idle
-0.005,-0.019,1.031,0.455,-2.660,0.123,Idle
-0.006,-0.019,1.032,0.341,-2.634,0.140,Idle
-0.005,-0.019,1.033,0.455,-2.608,0.166,Idle
-0.005,-0.019,1.032,0.420,-2.634,0.123,Idle
-0.005,-0.019,1.032,0.420,-2.642,0.123,Idle
-0.005,-0.019,1.033,0.429,-2.660,0.123,Idle
-0.005,-0.018,1.033,0.420,-2.642,0.149,Idle
-0.005,-0.019,1.032,0.411,-2.616,0.157,Idle
-0.005,-0.018,1.033,0.429,-2.599,0.131,Idle
-0.005,-0.019,1.033,0.403,-2.599,0.149,Idle
-0.005,-0.019,1.032,0.429,-2.642,0.096,Idle
-0.005,-0.019,1.032,0.446,-2.608,0.149,Idle
-0.005,-0.019,1.033,0.438,-2.616,0.166,Idle
-0.005,-0.018,1.032,0.403,-2.581,0.079,Idle
-0.006,-0.019,1.032,0.420,-2.625,0.123,Idle
-0.005,-0.019,1.033,0.403,-2.625,0.123,Idle
-0.004,-0.019,1.031,0.455,-2.616,0.131,Idle
-0.005,-0.019,1.032,0.403,-2.642,0.096,Idle
-0.004,-0.020,1.032,0.446,-2.616,0.114,Idle
-0.005,-0.019,1.033,0.429,-2.634,0.079,Idle
-0.005,-0.019,1.032,0.385,-2.599,0.114,Idle
-0.006,-0.020,1.031,0.420,-2.634,0.140,Idle
-0.006,-0.019,1.032,0.472,-2.634,0.149,Idle
-0.005,-0.018,1.032,0.403,-2.634,0.140,Idle
-0.005,-0.019,1.032,0.376,-2.625,0.105,Idle
-0.006,-0.019,1.032,0.455,-2.625,0.140,Idle
-0.006,-0.019,1.032,0.446,-2.608,0.140,Idle
-0.005,-0.019,1.032,0.420,-2.599,0.123,Idle
-0.005,-0.018,1.032,0.429,-2.642,0.149,Idle
-0.005,-0.019,1.033,0.403,-2.616,0.105,Idle
-0.005,-0.020,1.032,0.411,-2.590,0.149,Idle
-0.004,-0.019,1.032,0.403,-2.590,0.157,Idle
-0.005,-0.019,1.032,0.429,-2.608,0.123,Idle
-0.006,-0.019,1.032,0.394,-2.616,0.157,Idle
-0.005,-0.020,1.032,0.420,-2.625,0.114,Idle
-0.004,-0.018,1.032,0.411,-2.660,0.114,Idle
-0.004,-0.019,1.031,0.429,-2.555,0.149,Idle
-0.006,-0.019,1.032,0.429,-2.616,0.140,Idle
-0.005,-0.019,1.032,0.403,-2.581,0.114,Idle
-0.004,-0.019,1.031,0.429,-2.599,0.123,Idle
-0.006,-0.019,1.032,0.411,-2.572,0.149,Idle
-0.006,-0.019,1.032,0.438,-2.616,0.123,Idle
-0.004,-0.019,1.033,0.429,-2.616,0.114,Idle
-0.005,-0.019,1.032,0.429,-2.616,0.105,Idle
-0.005,-0.019,1.033,0.438,-2.651,0.149,Idle
-0.006,-0.020,1.032,0.394,-2.625,0.131,Idle
-0.004,-0.018,1.033,0.464,-2.625,0.157,Idle
-0.003,-0.019,1.033,0.429,-2.616,0.149,Idle
-0.006,-0.021,1.031,0.438,-2.608,0.114,Idle
-0.006,-0.020,1.032,0.420,-2.642,0.149,Idle
-0.005,-0.020,1.032,0.411,-2.608,0.131,Idle
-0.003,-0.018,1.032,0.376,-2.581,0.140,Idle
-0.005,-0.021,1.032,0.403,-2.590,0.140,Idle
-0.008,-0.020,1.032,0.411,-2.616,0.149,Idle
-0.002,-0.018,1.032,0.429,-2.564,0.140,Idle
-0.004,-0.018,1.031,0.411,-2.608,0.123,Idle
-0.009,-0.022,1.033,0.420,-2.634,0.096,Idle
-0.006,-0.019,1.031,0.403,-2.625,0.149,Idle
-0.003,-0.017,1.032,0.429,-2.642,0.123,Idle
-0.008,-0.021,1.031,0.385,-2.608,0.131,Idle
-0.007,-0.020,1.032,0.455,-2.599,0.157,Idle
-0.003,-0.017,1.032,0.420,-2.590,0.131,Idle
-0.004,-0.018,1.031,0.446,-2.608,0.114,Idle
-0.008,-0.020,1.031,0.385,-2.642,0.114,Idle
-0.004,-0.020,1.033,0.446,-2.616,0.157,Idle
-0.004,-0.018,1.032,0.411,-2.599,0.096,Idle
-0.006,-0.018,1.032,0.446,-2.634,0.096,Idle
-0.005,-0.018,1.032,0.429,-2.581,0.114,Idle
-0.004,-0.019,1.033,0.420,-2.642,0.149,Idle
-0.005,-0.020,1.032,0.438,-2.634,0.123,Idle
-0.007,-0.020,1.032,0.455,-2.616,0.131,Idle
-0.004,-0.020,1.032,0.385,-2.608,0.175,Idle
-0.005,-0.019,1.032,0.429,-2.590,0.140,Idle
-0.004,-0.020,1.032,0.411,-2.625,0.166,Idle
-0.006,-0.020,1.032,0.455,-2.616,0.131,Idle
-0.005,-0.019,1.033,0.464,-2.686,0.175,Idle
-0.004,-0.019,1.032,0.446,-2.608,0.140,Idle
-0.004,-0.019,1.033,0.403,-2.660,0.105,Idle
-0.005,-0.019,1.033,0.385,-2.625,0.114,Idle
-0.006,-0.020,1.032,0.403,-2.642,0.123,Idle
-0.006,-0.020,1.032,0.438,-2.625,0.131,Idle
-0.005,-0.020,1.032,0.376,-2.572,0.114,Idle
-0.005,-0.020,1.031,0.429,-2.660,0.140,Idle
-0.006,-0.019,1.031,0.429,-2.616,0.157,Idle
-0.006,-0.019,1.031,0.420,-2.572,0.175,Idle
-0.006,-0.020,1.035,0.438,-2.608,0.105,Idle
-0.005,-0.020,1.033,0.420,-2.608,0.157,Idle
-0.006,-0.020,1.032,0.403,-2.616,0.149,Idle
-0.004,-0.019,1.032,0.385,-2.616,0.149,Idle
-0.004,-0.020,1.032,0.394,-2.581,0.114,Idle
-0.005,-0.019,1.033,0.429,-2.564,0.149,Idle
-0.004,-0.019,1.034,0.411,-2.625,0.105,Idle
-0.004,-0.020,1.034,0.403,-2.608,0.123,Idle
-0.005,-0.018,1.029,0.368,-2.590,0.114,Idle
-0.005,-0.018,1.032,0.455,-2.616,0.157,Idle
-0.005,-0.019,1.034,0.368,-2.590,0.105,Idle
-0.006,-0.020,1.034,0.394,-2.590,0.123,Idle
-0.005,-0.019,1.031,0.368,-2.616,0.140,Idle
-0.005,-0.019,1.031,0.411,-2.625,0.131,Idle
-0.005,-0.018,1.032,0.438,-2.616,0.114,Idle
-0.005,-0.018,1.032,0.394,-2.625,0.123,Idle
-0.005,-0.020,1.031,0.464,-2.651,0.105,Idle
-0.005,-0.019,1.033,0.420,-2.634,0.131,Idle
-0.005,-0.020,1.032,0.420,-2.616,0.175,Idle
-0.004,-0.019,1.031,0.411,-2.642,0.157,Idle
-0.005,-0.019,1.031,0.385,-2.599,0.157,Idle
-0.005,-0.019,1.032,0.411,-2.634,0.140,Idle
-0.005,-0.020,1.030,0.429,-2.642,0.123,Idle
-0.004,-0.020,1.032,0.420,-2.590,0.105,Idle
-0.005,-0.018,1.031,0.455,-2.599,0.114,Idle
-0.007,-0.019,1.029,0.420,-2.608,0.131,Idle
-0.006,-0.018,1.029,0.411,-2.669,0.087,Idle
-0.003,-0.017,1.028,0.403,-2.616,0.096,Idle
-0.004,-0.017,1.032,0.438,-2.590,0.114,Idle
-0.005,-0.019,1.030,0.446,-2.608,0.131,Idle
-0.005,-0.019,1.031,0.429,-2.616,0.166,Idle
-0.004,-0.019,1.032,0.411,-2.581,0.131,Idle
-0.004,-0.019,1.032,0.411,-2.616,0.114,Idle
-0.006,-0.020,1.032,0.403,-2.651,0.140,Idle
-0.005,-0.020,1.033,0.394,-2.634,0.123,Idle
-0.006,-0.019,1.032,0.429,-2.608,0.131,Idle
-0.005,-0.019,1.032,0.368,-2.616,0.131,Idle
-0.006,-0.018,1.031,0.411,-2.651,0.131,Idle
-0.004,-0.016,1.032,0.420,-2.625,0.157,Idle
-0.005,-0.019,1.028,0.464,-2.625,0.105,Idle
-0.006,-0.018,1.038,0.411,-2.625,0.105,Idle
-0.004,-0.020,1.035,0.385,-2.642,0.123,Idle
-0.006,-0.021,1.032,0.429,-2.616,0.131,Idle
-0.004,-0.020,1.032,0.376,-2.616,0.114,Idle
-0.004,-0.019,1.034,0.429,-2.634,0.114,Idle
-0.004,-0.020,1.034,0.394,-2.572,0.140,Idle
-0.005,-0.020,1.033,0.429,-2.581,0.131,Idle
-0.005,-0.020,1.032,0.464,-2.608,0.114,Idle
-0.004,-0.018,1.035,0.403,-2.616,0.140,Idle
-0.006,-0.019,1.034,0.429,-2.634,0.140,Idle
-0.005,-0.019,1.033,0.359,-2.599,0.131,Idle
-0.004,-0.018,1.032,0.403,-2.599,0.157,Idle
-0.005,-0.018,1.032,0.411,-2.634,0.096,Idle
-0.006,-0.021,1.036,0.411,-2.634,0.131,Idle
-0.006,-0.021,1.034,0.376,-2.590,0.140,Idle
-0.004,-0.020,1.036,0.411,-2.590,0.184,Idle
-0.004,-0.019,1.030,0.341,-2.599,0.149,Idle
-0.006,-0.019,1.032,0.420,-2.555,0.087,Idle
-0.006,-0.019,1.033,0.385,-2.590,0.157,Idle
-0.004,-0.020,1.034,0.429,-2.669,0.123,Idle
-0.006,-0.022,1.037,0.420,-2.634,0.123,Idle
-0.007,-0.020,1.038,0.376,-2.581,0.157,Idle
-0.005,-0.017,1.039,0.420,-2.599,0.114,Idle
-0.005,-0.019,1.037,0.411,-2.555,0.123,Idle
-0.005,-0.021,1.034,0.411,-2.572,0.131,Idle
-0.005,-0.019,1.034,0.403,-2.608,0.166,Idle
-0.005,-0.018,1.035,0.385,-2.616,0.175,Idle
-0.008,-0.020,1.035,0.429,-2.590,0.149,Idle
-0.006,-0.019,1.033,0.438,-2.642,0.114,Idle
-0.003,-0.018,1.032,0.446,-2.616,0.166,Idle
-0.004,-0.019,1.030,0.420,-2.651,0.114,Idle
-0.007,-0.019,1.030,0.420,-2.590,0.123,Idle
-0.005,-0.019,1.032,0.429,-2.608,0.105,Idle
-0.004,-0.019,1.032,0.368,-2.599,0.114,Idle
-0.005,-0.020,1.031,0.464,-2.572,0.131,Idle
-0.005,-0.018,1.031,0.403,-2.599,0.149,Idle
-0.004,-0.019,1.033,0.420,-2.625,0.157,Idle
-0.004,-0.019,1.032,0.411,-2.599,0.105,Idle
-0.006,-0.020,1.033,0.438,-2.634,0.123,Idle
-0.004,-0.018,1.032,0.376,-2.634,0.123,Idle
-0.004,-0.018,1.033,0.429,-2.616,0.131,Idle
-0.006,-0.019,1.032,0.411,-2.651,0.140,Idle
-0.005,-0.019,1.033,0.420,-2.590,0.140,Idle
-0.005,-0.019,1.032,0.420,-2.616,0.149,Idle
-0.004,-0.019,1.031,0.429,-2.634,0.114,Idle
-0.003,-0.022,1.036,0.359,-2.590,0.079,Idle
-0.005,-0.016,1.027,0.446,-2.634,0.131,Idle
-0.004,-0.020,1.031,0.455,-2.651,0.140,Idle
-0.006,-0.018,1.031,0.438,-2.590,0.123,Idle
-0.005,-0.019,1.032,0.376,-2.669,0.175,Idle
-0.003,-0.018,1.031,0.429,-2.581,0.157,Idle
-0.005,-0.019,1.032,0.429,-2.634,0.123,Idle
-0.006,-0.020,1.034,0.368,-2.616,0.105,Idle
-0.005,-0.019,1.032,0.403,-2.651,0.149,Idle
-0.003,-0.018,1.033,0.403,-2.599,0.140,Idle
-0.005,-0.019,1.032,0.446,-2.642,0.096,Idle
-0.006,-0.020,1.032,0.429,-2.590,0.114,Idle
-0.005,-0.019,1.032,0.429,-2.634,0.131,Idle
-0.004,-0.019,1.032,0.429,-2.625,0.131,Idle
-0.007,-0.019,1.032,0.411,-2.634,0.114,Idle
-0.005,-0.019,1.032,0.438,-2.616,0.140,Idle
-0.004,-0.018,1.032,0.376,-2.590,0.114,Idle
-0.006,-0.020,1.032,0.411,-2.590,0.105,Idle
-0.006,-0.020,1.032,0.385,-2.678,0.157,Idle
-0.003,-0.018,1.032,0.490,-2.625,0.149,Idle
-0.004,-0.018,1.031,0.411,-2.660,0.123,Idle
-0.008,-0.021,1.032,0.411,-2.590,0.131,Idle
-0.005,-0.019,1.032,0.420,-2.572,0.140,Idle
-0.002,-0.018,1.032,0.438,-2.590,0.123,Idle
-0.005,-0.020,1.031,0.438,-2.625,0.184,Idle
-0.007,-0.021,1.031,0.394,-2.608,0.105,Idle
-0.003,-0.017,1.034,0.429,-2.616,0.166,Idle
-0.003,-0.017,1.033,0.438,-2.651,0.123,Idle
-0.007,-0.021,1.032,0.455,-2.608,0.131,Idle
-0.004,-0.019,1.032,0.438,-2.616,0.131,Idle
-0.003,-0.018,1.032,0.429,-2.616,0.123,Idle
-0.005,-0.018,1.032,0.403,-2.669,0.140,Idle
-0.006,-0.020,1.032,0.420,-2.634,0.131,Idle
-0.004,-0.019,1.032,0.385,-2.625,0.114,Idle
-0.005,-0.019,1.032,0.455,-2.616,0.131,Idle
-0.006,-0.020,1.032,0.403,-2.616,0.105,Idle
-0.005,-0.020,1.033,0.438,-2.599,0.157,Idle
-0.006,-0.021,1.031,0.420,-2.651,0.140,Idle
-0.005,-0.020,1.031,0.420,-2.651,0.149,Idle
-0.005,-0.017,1.031,0.385,-2.572,0.131,Idle
-0.004,-0.019,1.032,0.455,-2.616,0.114,Idle
-0.007,-0.020,1.032,0.411,-2.669,0.166,Idle
-0.005,-0.019,1.031,0.455,-2.642,0.131,Idle
-0.003,-0.020,1.032,0.472,-2.616,0.123,Idle
-0.005,-0.019,1.033,0.438,-2.634,0.166,Idle
-0.007,-0.020,1.031,0.411,-2.599,0.149,Idle
-0.004,-0.018,1.032,0.376,-2.581,0.096,Idle
-0.004,-0.019,1.031,0.403,-2.616,0.157,Idle
-0.007,-0.021,1.034,0.403,-2.581,0.105,Idle
-0.003,-0.019,1.030,0.438,-2.590,0.105,Idle
-0.004,-0.019,1.033,0.411,-2.642,0.114,Idle
-0.005,-0.020,1.033,0.411,-2.572,0.131,Idle
-0.005,-0.019,1.033,0.455,-2.608,0.123,Idle
-0.005,-0.019,1.033,0.385,-2.581,0.105,Idle
-0.004,-0.019,1.032,0.464,-2.616,0.140,Idle
-0.006,-0.020,1.031,0.446,-2.581,0.149,Idle
-0.004,-0.019,1.032,0.403,-2.616,0.123,Idle
-0.005,-0.019,1.033,0.394,-2.608,0.166,Idle
-0.005,-0.020,1.031,0.385,-2.581,0.157,Idle
-0.005,-0.020,1.032,0.455,-2.608,0.123,Idle
-0.004,-0.019,1.033,0.438,-2.608,0.157,Idle
-0.005,-0.020,1.032,0.394,-2.599,0.131,Idle
-0.005,-0.019,1.032,0.429,-2.590,0.114,Idle
-0.004,-0.020,1.031,0.429,-2.572,0.157,Idle
-0.005,-0.019,1.032,0.403,-2.590,0.140,Idle
-0.005,-0.019,1.032,0.411,-2.599,0.114,Idle
-0.005,-0.020,1.032,0.429,-2.625,0.123,Idle
-0.004,-0.019,1.033,0.403,-2.634,0.123,Idle
-0.005,-0.019,1.031,0.403,-2.642,0.149,Idle
-0.005,-0.020,1.033,0.438,-2.608,0.114,Idle
-0.005,-0.019,1.033,0.411,-2.546,0.157,Idle
-0.005,-0.020,1.030,0.438,-2.599,0.079,Idle
-0.005,-0.019,1.032,0.376,-2.625,0.140,Idle
-0.005,-0.020,1.032,0.394,-2.590,0.157,Idle
-0.004,-0.019,1.031,0.429,-2.590,0.131,Idle
-0.004,-0.019,1.032,0.438,-2.599,0.114,Idle
-0.005,-0.020,1.031,0.438,-2.651,0.149,Idle
-0.006,-0.019,1.031,0.368,-2.642,0.175,Idle
-0.005,-0.019,1.033,0.394,-2.625,0.123,Idle
-0.005,-0.020,1.032,0.403,-2.608,0.123,Idle
-0.006,-0.020,1.030,0.411,-2.634,0.140,Idle
-0.006,-0.019,1.032,0.446,-2.616,0.149,Idle
-0.005,-0.019,1.033,0.385,-2.616,0.114,Idle
-0.006,-0.019,1.031,0.481,-2.625,0.131,Idle
-0.005,-0.019,1.031,0.394,-2.616,0.105,Idle
-0.004,-0.019,1.032,0.411,-2.616,0.123,Idle
-0.004,-0.020,1.032,0.376,-2.599,0.175,Idle
-0.006,-0.019,1.032,0.350,-2.642,0.123,Idle
-0.005,-0.019,1.032,0.394,-2.625,0.105,Idle
-0.004,-0.020,1.032,0.446,-2.616,0.166,Idle
-0.005,-0.020,1.032,0.446,-2.599,0.157,Idle
-0.006,-0.019,1.032,0.411,-2.608,0.123,Idle
-0.005,-0.019,1.032,0.385,-2.581,0.131,Idle
-0.004,-0.019,1.032,0.438,-2.599,0.123,Idle
-0.005,-0.020,1.032,0.403,-2.616,0.123,Idle
-0.004,-0.018,1.033,0.403,-2.564,0.123,Idle
-0.004,-0.019,1.032,0.420,-2.625,0.149,Idle
-0.004,-0.018,1.031,0.385,-2.642,0.123,Idle
-0.005,-0.019,1.031,0.376,-2.625,0.105,Idle
-0.005,-0.020,1.032,0.429,-2.625,0.131,Idle
-0.004,-0.018,1.032,0.455,-2.634,0.087,Idle
-0.006,-0.019,1.032,0.333,-2.634,0.131,Idle
-0.004,-0.020,1.032,0.472,-2.625,0.131,Idle
-0.004,-0.019,1.032,0.394,-2.634,0.105,Idle
-0.004,-0.019,1.032,0.438,-2.660,0.131,Idle
-0.006,-0.020,1.032,0.411,-2.651,0.123,Idle
-0.005,-0.019,1.033,0.438,-2.590,0.157,Idle
-0.004,-0.018,1.032,0.394,-2.616,0.140,Idle
-0.006,-0.020,1.031,0.438,-2.625,0.123,Idle
-0.006,-0.019,1.031,0.403,-2.599,0.131,Idle
-0.004,-0.018,1.032,0.394,-2.590,0.157,Idle
-0.005,-0.019,1.031,0.385,-2.634,0.149,Idle
-0.006,-0.020,1.031,0.446,-2.581,0.114,Idle
-0.005,-0.019,1.032,0.385,-2.608,0.157,Idle
-0.004,-0.020,1.032,0.438,-2.625,0.166,Idle
-0.005,-0.019,1.031,0.411,-2.651,0.096,Idle
-0.006,-0.019,1.032,0.394,-2.616,0.157,Idle
-0.004,-0.018,1.031,0.403,-2.599,0.123,Idle
-0.006,-0.018,1.032,0.376,-2.581,0.140,Idle
-0.005,-0.019,1.033,0.438,-2.660,0.149,Idle
-0.005,-0.019,1.032,0.429,-2.634,0.149,Idle
-0.003,-0.018,1.032,0.438,-2.625,0.105,Idle
-0.005,-0.020,1.032,0.411,-2.590,0.114,Idle
-0.004,-0.019,1.031,0.438,-2.651,0.140,Idle
-0.005,-0.018,1.031,0.411,-2.634,0.157,Idle
-0.005,-0.019,1.033,0.411,-2.651,0.149,Idle
-0.006,-0.018,1.032,0.438,-2.660,0.114,Idle
-0.005,-0.018,1.032,0.429,-2.634,0.140,Idle
-0.005,-0.019,1.032,0.420,-2.625,0.149,Idle
-0.005,-0.020,1.032,0.420,-2.590,0.096,Idle
-0.006,-0.019,1.032,0.429,-2.608,0.114,Idle
-0.005,-0.019,1.032,0.420,-2.616,0.123,Idle
-0.005,-0.019,1.032,0.385,-2.581,0.140,Idle
-0.004,-0.018,1.032,0.403,-2.625,0.131,Idle
-0.004,-0.019,1.032,0.420,-2.590,0.105,Idle
-0.005,-0.019,1.032,0.455,-2.599,0.140,Idle
-0.005,-0.019,1.032,0.359,-2.642,0.123,Idle
-0.005,-0.020,1.033,0.438,-2.564,0.149,Idle
-0.005,-0.019,1.032,0.429,-2.546,0.140,Idle
-0.006,-0.019,1.032,0.350,-2.590,0.123,Idle
-0.006,-0.019,1.032,0.420,-2.608,0.131,Idle
-0.004,-0.019,1.032,0.438,-2.608,0.157,Idle
-0.004,-0.019,1.032,0.376,-2.608,0.140,Idle
-0.004,-0.019,1.031,0.429,-2.642,0.149,Idle
-0.004,-0.019,1.033,0.411,-2.555,0.105,Idle
-0.005,-0.019,1.032,0.420,-2.625,0.079,Idle
-0.006,-0.019,1.031,0.411,-2.572,0.157,Idle
-0.005,-0.019,1.033,0.420,-2.634,0.105,Idle
-0.005,-0.019,1.032,0.376,-2.608,0.105,Idle
-0.005,-0.019,1.031,0.394,-2.642,0.140,Idle
-0.005,-0.019,1.033,0.429,-2.599,0.157,Idle
-0.005,-0.019,1.031,0.420,-2.608,0.123,Idle
-0.005,-0.019,1.032,0.429,-2.608,0.149,Idle
-0.005,-0.020,1.032,0.438,-2.608,0.140,Idle
-0.006,-0.019,1.032,0.394,-2.634,0.166,Idle
-0.005,-0.019,1.032,0.411,-2.572,0.175,Idle
-0.005,-0.020,1.031,0.411,-2.608,0.131,Idle
-0.004,-0.019,1.032,0.394,-2.634,0.105,Idle
-0.005,-0.018,1.032,0.429,-2.634,0.157,Idle
-0.005,-0.019,1.031,0.429,-2.642,0.114,Idle
-0.004,-0.020,1.032,0.429,-2.590,0.131,Idle
-0.004,-0.019,1.031,0.411,-2.599,0.166,Idle
-0.005,-0.019,1.031,0.403,-2.581,0.149,Idle
-0.004,-0.020,1.032,0.403,-2.564,0.131,Idle
-0.005,-0.018,1.032,0.385,-2.608,0.114,Idle
-0.005,-0.020,1.032,0.403,-2.651,0.149,Idle
-0.005,-0.019,1.032,0.446,-2.572,0.131,Idle
-0.005,-0.019,1.031,0.411,-2.564,0.140,Idle
-0.005,-0.019,1.032,0.420,-2.599,0.105,Idle
-0.005,-0.018,1.031,0.376,-2.581,0.140,Idle
-0.005,-0.019,1.032,0.438,-2.608,0.166,Idle
-0.005,-0.020,1.032,0.403,-2.634,0.157,Idle
-0.004,-0.019,1.032,0.446,-2.608,0.114,Idle
-0.004,-0.019,1.032,0.429,-2.581,0.131,Idle
-0.006,-0.020,1.032,0.368,-2.625,0.131,Idle
-0.005,-0.020,1.032,0.438,-2.660,0.149,Idle
-0.005,-0.020,1.031,0.394,-2.572,0.140,Idle
-0.005,-0.019,1.031,0.411,-2.599,0.131,Idle
-0.004,-0.018,1.032,0.464,-2.546,0.140,Idle
-0.005,-0.020,1.032,0.429,-2.616,0.149,Idle
-0.006,-0.020,1.033,0.376,-2.616,0.087,Idle
-0.005,-0.019,1.032,0.411,-2.642,0.175,Idle
-0.005,-0.018,1.031,0.429,-2.634,0.114,Idle
-0.005,-0.020,1.032,0.403,-2.608,0.087,Idle
-0.005,-0.019,1.032,0.429,-2.660,0.149,Idle
-0.005,-0.019,1.031,0.464,-2.599,0.149,Idle
-0.004,-0.019,1.033,0.376,-2.608,0.123,Idle
-0.005,-0.019,1.033,0.420,-2.581,0.123,Idle
-0.004,-0.019,1.033,0.411,-2.669,0.140,Idle
-0.006,-0.020,1.032,0.394,-2.616,0.157,Idle
-0.004,-0.018,1.032,0.472,-2.625,0.123,Idle
-0.006,-0.019,1.033,0.438,-2.572,0.149,Idle
-0.005,-0.019,1.031,0.420,-2.634,0.149,Idle
-0.005,-0.019,1.033,0.403,-2.651,0.114,Idle
-0.005,-0.020,1.033,0.420,-2.608,0.140,Idle
-0.005,-0.018,1.032,0.394,-2.634,0.149,Idle
-0.005,-0.019,1.034,0.429,-2.686,0.105,Idle
-0.005,-0.020,1.032,0.429,-2.599,0.157,Idle
-0.005,-0.020,1.032,0.394,-2.599,0.131,Idle
-0.005,-0.019,1.033,0.420,-2.625,0.131,Idle
-0.005,-0.019,1.033,0.420,-2.616,0.140,Idle
-0.006,-0.019,1.033,0.446,-2.564,0.123,Idle
-0.005,-0.019,1.032,0.385,-2.599,0.105,Idle
-0.005,-0.020,1.032,0.411,-2.555,0.157,Idle
-0.006,-0.020,1.032,0.394,-2.669,0.096,Idle
-0.005,-0.019,1.032,0.411,-2.634,0.175,Idle
-0.005,-0.019,1.032,0.429,-2.616,0.114,Idle
-0.006,-0.020,1.031,0.429,-2.642,0.096,Idle
-0.005,-0.020,1.032,0.438,-2.625,0.157,Idle
-0.004,-0.019,1.033,0.429,-2.642,0.114,Idle
-0.005,-0.019,1.032,0.411,-2.634,0.123,Idle
-0.005,-0.019,1.031,0.420,-2.564,0.131,Idle
-0.004,-0.019,1.032,0.403,-2.634,0.166,Idle
-0.004,-0.019,1.032,0.385,-2.625,0.114,Idle
-0.005,-0.020,1.033,0.385,-2.642,0.114,Idle
-0.004,-0.019,1.032,0.420,-2.555,0.149,Idle
-0.004,-0.018,1.032,0.394,-2.608,0.123,Idle
-0.006,-0.019,1.032,0.411,-2.634,0.123,Idle
-0.006,-0.020,1.033,0.420,-2.616,0.105,Idle
-0.005,-0.020,1.031,0.394,-2.590,0.131,Idle
-0.004,-0.018,1.033,0.394,-2.581,0.123,Idle
-0.005,-0.019,1.032,0.455,-2.581,0.105,Idle
-0.006,-0.020,1.032,0.429,-2.616,0.140,Idle
-0.004,-0.019,1.032,0.438,-2.581,0.096,Idle
-0.004,-0.019,1.033,0.472,-2.634,0.131,Idle
-0.006,-0.019,1.031,0.438,-2.642,0.114,Idle
-0.005,-0.020,1.032,0.446,-2.572,0.149,Idle
-0.004,-0.019,1.032,0.411,-2.590,0.123,Idle
-0.004,-0.019,1.032,0.438,-2.581,0.123,Idle
-0.006,-0.020,1.032,0.403,-2.625,0.140,Idle
-0.005,-0.019,1.032,0.455,-2.572,0.140,Idle
-0.004,-0.019,1.032,0.420,-2.599,0.131,Idle
-0.005,-0.019,1.031,0.394,-2.608,0.131,Idle
-0.006,-0.019,1.032,0.403,-2.590,0.123,Idle
-0.006,-0.019,1.033,0.429,-2.616,0.096,Idle
-0.005,-0.018,1.032,0.446,-2.608,0.157,Idle
-0.004,-0.019,1.031,0.420,-2.608,0.149,Idle
-0.005,-0.019,1.032,0.438,-2.599,0.105,Idle
-0.005,-0.018,1.033,0.438,-2.642,0.157,Idle
-0.005,-0.018,1.033,0.429,-2.616,0.114,Idle
-0.005,-0.018,1.031,0.376,-2.642,0.184,Idle
-0.005,-0.018,1.031,0.394,-2.651,0.140,Idle
-0.005,-0.019,1.032,0.394,-2.608,0.105,Idle
-0.005,-0.019,1.032,0.341,-2.599,0.114,Idle
-0.005,-0.018,1.033,0.420,-2.608,0.140,Idle
-0.005,-0.018,1.031,0.368,-2.625,0.131,Idle
-0.005,-0.019,1.033,0.429,-2.590,0.149,Idle
-0.005,-0.018,1.033,0.420,-2.590,0.114,Idle
-0.005,-0.019,1.032,0.403,-2.581,0.105,Idle
-0.005,-0.019,1.033,0.411,-2.634,0.149,Idle
-0.004,-0.018,1.032,0.403,-2.625,0.140,Idle
-0.004,-0.020,1.032,0.411,-2.599,0.149,Idle
-0.005,-0.019,1.033,0.455,-2.608,0.131,Idle
-0.005,-0.020,1.031,0.429,-2.590,0.131,Idle
-0.005,-0.018,1.032,0.429,-2.634,0.131,Idle
-0.005,-0.019,1.031,0.429,-2.599,0.166,Idle
-0.005,-0.019,1.031,0.464,-2.634,0.096,Idle
-0.005,-0.019,1.032,0.464,-2.581,0.114,Idle
-0.005,-0.019,1.034,0.394,-2.625,0.166,Idle
-0.005,-0.019,1.032,0.438,-2.616,0.140,Idle
-0.004,-0.019,1.032,0.455,-2.634,0.087,Idle
-0.005,-0.019,1.031,0.376,-2.625,0.105,Idle
-0.005,-0.019,1.033,0.394,-2.634,0.157,Idle
-0.005,-0.019,1.033,0.429,-2.590,0.079,Idle
-0.005,-0.019,1.033,0.438,-2.642,0.140,Idle
-0.005,-0.019,1.032,0.394,-2.660,0.131,Idle
-0.004,-0.019,1.032,0.420,-2.634,0.149,Idle
-0.004,-0.019,1.032,0.394,-2.616,0.114,Idle
-0.005,-0.018,1.033,0.403,-2.625,0.131,Idle
-0.005,-0.019,1.033,0.455,-2.686,0.157,Idle
-0.005,-0.019,1.032,0.403,-2.616,0.131,Idle
-0.005,-0.019,1.031,0.455,-2.625,0.105,Idle
-0.004,-0.019,1.032,0.429,-2.686,0.114,Idle
-0.004,-0.020,1.032,0.376,-2.634,0.140,Idle
-0.005,-0.019,1.032,0.376,-2.572,0.149,Idle
-0.005,-0.019,1.032,0.350,-2.590,0.131,Idle
-0.006,-0.019,1.033,0.368,-2.590,0.140,Idle
-0.004,-0.019,1.032,0.420,-2.634,0.157,Idle
-0.003,-0.019,1.032,0.403,-2.599,0.140,Idle
-0.005,-0.019,1.032,0.446,-2.608,0.105,Idle
-0.005,-0.019,1.031,0.403,-2.616,0.123,Idle
-0.005,-0.020,1.032,0.420,-2.581,0.140,Idle
-0.005,-0.018,1.032,0.403,-2.608,0.114,Idle
-0.006,-0.019,1.032,0.429,-2.599,0.096,Idle
-0.006,-0.019,1.032,0.411,-2.564,0.140,Idle
-0.005,-0.019,1.032,0.368,-2.608,0.157,Idle
-0.005,-0.019,1.031,0.411,-2.625,0.131,Idle
-0.005,-0.019,1.032,0.429,-2.608,0.140,Idle
-0.005,-0.020,1.032,0.464,-2.651,0.140,Idle
-0.004,-0.020,1.031,0.420,-2.581,0.123,Idle
-0.004,-0.020,1.032,0.420,-2.608,0.166,Idle
-0.006,-0.019,1.032,0.411,-2.625,0.096,Idle
-0.006,-0.019,1.032,0.446,-2.608,0.149,Idle
-0.005,-0.019,1.032,0.403,-2.599,0.140,Idle
-0.005,-0.019,1.031,0.403,-2.625,0.131,Idle
-0.005,-0.019,1.033,0.429,-2.616,0.123,Idle
-0.004,-0.018,1.032,0.429,-2.590,0.157,Idle
-0.005,-0.019,1.032,0.403,-2.634,0.149,Idle
-0.006,-0.019,1.032,0.438,-2.581,0.079,Idle
-0.005,-0.019,1.031,0.411,-2.581,0.105,Idle
-0.004,-0.019,1.034,0.411,-2.590,0.123,Idle
-0.004,-0.019,1.031,0.411,-2.651,0.140,Idle
-0.005,-0.019,1.032,0.411,-2.599,0.114,Idle
-0.005,-0.019,1.032,0.420,-2.608,0.140,Idle
-0.007,-0.020,1.032,0.438,-2.608,0.149,Idle
-0.004,-0.019,1.032,0.394,-2.634,0.123,Idle
-0.005,-0.019,1.032,0.403,-2.625,0.157,Idle
-0.005,-0.019,1.032,0.455,-2.625,0.105,Idle
-0.005,-0.020,1.032,0.376,-2.616,0.105,Idle
-0.005,-0.019,1.032,0.376,-2.642,0.079,Idle
-0.005,-0.019,1.032,0.403,-2.616,0.114,Idle
-0.005,-0.020,1.032,0.438,-2.642,0.114,Idle
-0.005,-0.020,1.031,0.420,-2.625,0.140,Idle
-0.004,-0.019,1.032,0.420,-2.642,0.149,Idle
-0.006,-0.020,1.032,0.438,-2.599,0.175,Idle
-0.005,-0.019,1.032,0.429,-2.608,0.123,Idle
-0.005,-0.019,1.031,0.411,-2.608,0.114,Idle
-0.005,-0.018,1.031,0.411,-2.651,0.157,Idle
-0.006,-0.020,1.032,0.411,-2.590,0.105,Idle
-0.004,-0.018,1.031,0.368,-2.642,0.157,Idle
-0.004,-0.019,1.032,0.464,-2.634,0.175,Idle
-0.005,-0.020,1.032,0.438,-2.608,0.131,Idle
-0.005,-0.019,1.032,0.438,-2.616,0.140,Idle
-0.004,-0.018,1.032,0.411,-2.608,0.157,Idle
-0.005,-0.019,1.032,0.385,-2.572,0.096,Idle
-0.005,-0.019,1.031,0.429,-2.625,0.149,Idle
-0.005,-0.019,1.032,0.411,-2.642,0.123,Idle
-0.005,-0.021,1.032,0.420,-2.660,0.096,Idle
-0.006,-0.019,1.033,0.376,-2.608,0.184,Idle
-0.005,-0.018,1.032,0.394,-2.616,0.149,Idle
-0.006,-0.019,1.032,0.446,-2.608,0.114,Idle
-0.004,-0.020,1.032,0.411,-2.616,0.105,Idle
-0.005,-0.019,1.031,0.394,-2.616,0.140,Idle
-0.005,-0.019,1.032,0.438,-2.599,0.166,Idle
-0.005,-0.018,1.033,0.438,-2.616,0.105,Idle
-0.006,-0.019,1.031,0.376,-2.625,0.140,Idle
-0.005,-0.019,1.034,0.394,-2.599,0.123,Idle
-0.005,-0.019,1.032,0.394,-2.634,0.105,Idle
-0.006,-0.019,1.032,0.411,-2.634,0.149,Idle
-0.006,-0.019,1.031,0.403,-2.625,0.140,Idle
-0.005,-0.020,1.033,0.429,-2.572,0.096,Idle
-0.005,-0.019,1.032,0.385,-2.572,0.149,Idle
-0.006,-0.020,1.032,0.385,-2.581,0.175,Idle
-0.004,-0.019,1.032,0.394,-2.642,0.096,Idle
-0.004,-0.019,1.032,0.411,-2.599,0.114,Idle
-0.006,-0.020,1.032,0.411,-2.625,0.131,Idle
-0.006,-0.020,1.032,0.411,-2.634,0.140,Idle
-0.004,-0.018,1.033,0.455,-2.616,0.166,Idle
-0.005,-0.019,1.032,0.403,-2.608,0.131,Idle
-0.006,-0.020,1.032,0.446,-2.608,0.123,Idle
-0.004,-0.019,1.032,0.446,-2.660,0.096,Idle
-0.003,-0.019,1.032,0.438,-2.599,0.157,Idle
-0.006,-0.020,1.032,0.429,-2.660,0.131,Idle
-0.004,-0.018,1.032,0.411,-2.590,0.166,Idle
-0.006,-0.021,1.032,0.420,-2.616,0.131,Idle
-0.006,-0.019,1.032,0.394,-2.599,0.149,Idle
-0.002,-0.017,1.032,0.411,-2.590,0.157,Idle
-0.006,-0.019,1.032,0.394,-2.642,0.140,Idle
-0.007,-0.021,1.032,0.411,-2.608,0.131,Idle
-0.003,-0.018,1.031,0.420,-2.669,0.114,Idle
-0.006,-0.020,1.033,0.411,-2.555,0.114,Idle
-0.008,-0.021,1.033,0.429,-2.599,0.140,Idle
-0.005,-0.019,1.032,0.420,-2.572,0.123,Idle
-0.004,-0.018,1.032,0.403,-2.625,0.140,Idle
-0.005,-0.019,1.033,0.429,-2.634,0.087,Idle
-0.005,-0.018,1.031,0.438,-2.625,0.105,Idle
-0.006,-0.022,1.033,0.455,-2.634,0.123,Idle
-0.008,-0.021,1.030,0.438,-2.616,0.140,Idle
-0.002,-0.019,1.031,0.403,-2.660,0.123,Idle
-0.004,-0.018,1.030,0.420,-2.599,0.157,Idle
-0.006,-0.019,1.031,0.385,-2.608,0.157,Idle
-0.004,-0.019,1.033,0.403,-2.608,0.149,Idle
-0.003,-0.020,1.033,0.429,-2.599,0.096,Idle
-0.006,-0.021,1.032,0.429,-2.581,0.140,Idle
-0.004,-0.019,1.032,0.420,-2.634,0.087,Idle
-0.004,-0.019,1.032,0.385,-2.625,0.140,Idle
-0.005,-0.020,1.032,0.411,-2.599,0.131,Idle
-0.005,-0.020,1.030,0.403,-2.651,0.123,Idle
-0.004,-0.019,1.032,0.403,-2.590,0.123,Idle
-0.005,-0.019,1.032,0.455,-2.599,0.140,Idle
-0.006,-0.020,1.033,0.403,-2.642,0.157,Idle
-0.006,-0.019,1.031,0.411,-2.590,0.131,Idle
-0.005,-0.019,1.033,0.455,-2.616,0.105,Idle
-0.006,-0.021,1.032,0.455,-2.651,0.114,Idle
-0.005,-0.019,1.031,0.403,-2.625,0.131,Idle
-0.004,-0.019,1.032,0.403,-2.608,0.149,Idle
-0.005,-0.019,1.032,0.420,-2.651,0.123,Idle
-0.006,-0.020,1.033,0.403,-2.634,0.140,Idle
-0.004,-0.020,1.032,0.420,-2.599,0.149,Idle
-0.004,-0.019,1.033,0.455,-2.634,0.149,Idle
-0.005,-0.018,1.032,0.438,-2.599,0.184,Idle
-0.005,-0.019,1.032,0.411,-2.625,0.166,Idle
-0.005,-0.019,1.032,0.429,-2.590,0.175,Idle
-0.004,-0.020,1.032,0.394,-2.616,0.123,Idle
-0.006,-0.019,1.031,0.376,-2.581,0.140,Idle
-0.006,-0.019,1.032,0.420,-2.581,0.087,Idle
-0.005,-0.020,1.032,0.446,-2.625,0.123,Idle
-0.004,-0.018,1.033,0.438,-2.634,0.114,Idle
-0.005,-0.020,1.032,0.420,-2.608,0.157,Idle
-0.005,-0.019,1.031,0.420,-2.625,0.096,Idle
-0.005,-0.018,1.031,0.446,-2.669,0.140,Idle
-0.003,-0.020,1.032,0.420,-2.634,0.114,Idle
-0.005,-0.019,1.031,0.429,-2.572,0.140,Idle
-0.004,-0.020,1.033,0.420,-2.581,0.166,Idle
-0.005,-0.018,1.031,0.394,-2.616,0.140,Idle
-0.004,-0.019,1.033,0.438,-2.634,0.123,Idle
-0.006,-0.020,1.032,0.411,-2.608,0.140,Idle
-0.005,-0.019,1.032,0.455,-2.608,0.149,Idle
-0.005,-0.018,1.032,0.411,-2.590,0.123,Idle
-0.006,-0.018,1.032,0.455,-2.608,0.131,Idle
-0.005,-0.021,1.032,0.455,-2.608,0.140,Idle
-0.004,-0.018,1.032,0.411,-2.634,0.131,Idle
-0.005,-0.019,1.032,0.420,-2.625,0.123,Idle
-0.005,-0.019,1.032,0.446,-2.572,0.149,Idle
-0.005,-0.019,1.032,0.446,-2.625,0.166,Idle
-0.004,-0.018,1.032,0.411,-2.599,0.105,Idle
-0.005,-0.019,1.031,0.446,-2.590,0.131,Idle
-0.005,-0.020,1.032,0.446,-2.642,0.175,Idle
-0.005,-0.018,1.031,0.403,-2.625,0.105,Idle
-0.005,-0.019,1.031,0.446,-2.642,0.123,Idle
-0.007,-0.020,1.032,0.429,-2.581,0.157,Idle
-0.004,-0.020,1.031,0.376,-2.616,0.123,Idle
-0.002,-0.018,1.032,0.411,-2.616,0.123,Idle
-0.007,-0.020,1.032,0.411,-2.634,0.105,Idle
-0.005,-0.019,1.032,0.420,-2.608,0.140,Idle
-0.004,-0.019,1.032,0.446,-2.625,0.149,Idle
-0.006,-0.019,1.032,0.411,-2.608,0.123,Idle
-0.006,-0.020,1.032,0.403,-2.625,0.105,Idle
-0.003,-0.018,1.032,0.411,-2.651,0.131,Idle
-0.004,-0.019,1.032,0.385,-2.625,0.131,Idle
-0.007,-0.020,1.032,0.429,-2.616,0.131,Idle
-0.005,-0.020,1.032,0.411,-2.590,0.166,Idle
-0.004,-0.019,1.031,0.438,-2.634,0.105,Idle
-0.004,-0.020,1.032,0.385,-2.669,0.140,Idle
-0.005,-0.019,1.031,0.446,-2.642,0.131,Idle
-0.005,-0.019,1.032,0.464,-2.608,0.175,Idle
-0.005,-0.019,1.032,0.420,-2.616,0.149,Idle
-0.005,-0.019,1.032,0.429,-2.608,0.096,Idle
-0.005,-0.018,1.032,0.368,-2.634,0.140,Idle
-0.005,-0.019,1.032,0.420,-2.616,0.140,Idle
-0.006,-0.020,1.030,0.438,-2.599,0.114,Idle
-0.005,-0.018,1.032,0.429,-2.590,0.131,Idle
-0.004,-0.020,1.031,0.438,-2.564,0.149,Idle
-0.005,-0.019,1.032,0.376,-2.616,0.096,Idle
-0.006,-0.019,1.032,0.403,-2.599,0.114,Idle
-0.005,-0.019,1.031,0.420,-2.581,0.096,Idle
-0.005,-0.019,1.032,0.420,-2.660,0.149,Idle
-0.005,-0.019,1.031,0.429,-2.642,0.157,Idle
-0.006,-0.019,1.032,0.385,-2.616,0.131,Idle
-0.005,-0.019,1.033,0.446,-2.599,0.131,Idle
-0.005,-0.019,1.033,0.411,-2.608,0.105,Idle
-0.005,-0.019,1.034,0.429,-2.625,0.149,Idle
-0.005,-0.019,1.033,0.420,-2.616,0.149,Idle
-0.005,-0.019,1.031,0.420,-2.642,0.105,Idle
-0.005,-0.020,1.031,0.403,-2.616,0.114,Idle
-0.004,-0.019,1.032,0.403,-2.686,0.166,Idle
-0.004,-0.019,1.033,0.420,-2.616,0.131,Idle
-0.005,-0.019,1.032,0.385,-2.616,0.123,Idle
-0.005,-0.019,1.031,0.420,-2.634,0.079,Idle
-0.005,-0.019,1.032,0.403,-2.608,0.131,Idle
-0.005,-0.019,1.032,0.446,-2.599,0.131,Idle
-0.005,-0.019,1.032,0.411,-2.564,0.123,Idle
-0.005,-0.019,1.033,0.455,-2.625,0.123,Idle
-0.004,-0.018,1.033,0.438,-2.599,0.123,Idle
-0.006,-0.020,1.033,0.438,-2.642,0.096,Idle
-0.005,-0.019,1.032,0.438,-2.625,0.140,Idle
-0.004,-0.018,1.032,0.411,-2.642,0.166,Idle
-0.003,-0.019,1.032,0.420,-2.616,0.149,Idle
-0.007,-0.020,1.033,0.455,-2.625,0.140,Idle
-0.006,-0.019,1.033,0.403,-2.634,0.149,Idle
-0.004,-0.018,1.033,0.394,-2.590,0.123,Idle
-0.005,-0.019,1.031,0.455,-2.608,0.149,Idle
-0.005,-0.020,1.033,0.376,-2.625,0.140,Idle
-0.006,-0.020,1.032,0.394,-2.608,0.105,Idle
-0.004,-0.019,1.032,0.403,-2.642,0.096,Idle
-0.005,-0.019,1.031,0.403,-2.590,0.131,Idle
-0.005,-0.018,1.032,0.420,-2.634,0.149,Idle
-0.005,-0.019,1.032,0.420,-2.572,0.166,Idle
-0.005,-0.019,1.033,0.411,-2.608,0.131,Idle
-0.006,-0.019,1.032,0.403,-2.625,0.166,Idle
-0.005,-0.019,1.031,0.403,-2.608,0.131,Idle
-0.004,-0.018,1.032,0.446,-2.616,0.140,Idle
-0.005,-0.018,1.032,0.411,-2.634,0.131,Idle
-0.006,-0.019,1.031,0.446,-2.660,0.140,Idle
-0.005,-0.019,1.033,0.376,-2.599,0.096,Idle
-0.005,-0.020,1.032,0.376,-2.590,0.149,Idle
-0.005,-0.018,1.031,0.403,-2.581,0.131,Idle
-0.005,-0.021,1.032,0.429,-2.581,0.140,Idle
-0.004,-0.019,1.032,0.385,-2.546,0.131,Idle
-0.005,-0.020,1.032,0.420,-2.590,0.087,Idle
-0.005,-0.019,1.031,0.429,-2.625,0.140,Idle
-0.005,-0.018,1.031,0.376,-2.625,0.149,Idle
-0.005,-0.018,1.032,0.385,-2.625,0.140,Idle
-0.005,-0.018,1.032,0.420,-2.616,0.140,Idle
-0.006,-0.019,1.032,0.403,-2.642,0.131,Idle
-0.004,-0.019,1.032,0.385,-2.616,0.157,Idle
-0.005,-0.019,1.032,0.394,-2.686,0.123,Idle
-0.006,-0.019,1.031,0.411,-2.608,0.140,Idle
-0.005,-0.020,1.032,0.438,-2.634,0.149,Idle
-0.004,-0.019,1.032,0.420,-2.608,0.149,Idle
-0.005,-0.018,1.031,0.411,-2.625,0.149,Idle
-0.005,-0.020,1.031,0.438,-2.616,0.140,Idle
-0.005,-0.019,1.032,0.438,-2.599,0.140,Idle
-0.005,-0.019,1.032,0.420,-2.616,0.105,Idle
-0.005,-0.020,1.031,0.438,-2.590,0.131,Idle
-0.005,-0.019,1.032,0.438,-2.651,0.105,Idle
-0.004,-0.019,1.031,0.403,-2.625,0.123,Idle
-0.005,-0.019,1.032,0.429,-2.625,0.105,Idle
-0.005,-0.019,1.032,0.429,-2.634,0.114,Idle
-0.004,-0.019,1.032,0.420,-2.651,0.114,Idle
-0.005,-0.019,1.031,0.481,-2.651,0.114,Idle
-0.005,-0.020,1.032,0.429,-2.651,0.114,Idle
-0.005,-0.019,1.033,0.411,-2.660,0.105,Idle
-0.004,-0.019,1.031,0.385,-2.608,0.149,Idle
-0.005,-0.020,1.032,0.411,-2.642,0.131,Idle
-0.005,-0.019,1.032,0.446,-2.581,0.131,Idle
-0.004,-0.018,1.032,0.420,-2.634,0.096,Idle
-0.006,-0.020,1.032,0.464,-2.581,0.131,Idle
-0.007,-0.019,1.031,0.376,-2.590,0.131,Idle
-0.005,-0.019,1.032,0.446,-2.651,0.114,Idle
-0.004,-0.019,1.032,0.446,-2.590,0.123,Idle
-0.006,-0.020,1.032,0.394,-2.642,0.114,Idle
-0.005,-0.019,1.031,0.403,-2.625,0.157,Idle
-0.004,-0.018,1.032,0.420,-2.581,0.140,Idle
-0.005,-0.019,1.032,0.438,-2.616,0.114,Idle
-0.005,-0.020,1.031,0.411,-2.625,0.131,Idle
-0.004,-0.019,1.033,0.429,-2.616,0.131,Idle
-0.005,-0.019,1.032,0.411,-2.651,0.123,Idle
-0.006,-0.019,1.032,0.438,-2.581,0.140,Idle
-0.005,-0.019,1.033,0.446,-2.616,0.149,Idle
-0.005,-0.020,1.031,0.403,-2.616,0.131,Idle
-0.006,-0.019,1.032,0.446,-2.625,0.140,Idle
-0.005,-0.019,1.032,0.420,-2.572,0.157,Idle
-0.005,-0.019,1.031,0.403,-2.599,0.149,Idle
-0.005,-0.019,1.032,0.385,-2.608,0.166,Idle
-0.005,-0.020,1.031,0.385,-2.642,0.157,Idle
-0.004,-0.018,1.031,0.403,-2.608,0.140,Idle
-0.005,-0.020,1.032,0.403,-2.564,0.105,Idle
-0.006,-0.020,1.032,0.455,-2.616,0.114,Idle
-0.005,-0.019,1.032,0.438,-2.634,0.149,Idle
-0.005,-0.018,1.032,0.455,-2.625,0.149,Idle
-0.005,-0.020,1.033,0.429,-2.608,0.123,Idle
-0.005,-0.018,1.031,0.438,-2.581,0.114,Idle
-0.004,-0.018,1.032,0.403,-2.608,0.123,Idle
-0.005,-0.019,1.031,0.420,-2.625,0.123,Idle
-0.004,-0.019,1.032,0.446,-2.581,0.114,Idle
-0.005,-0.018,1.031,0.411,-2.634,0.105,Idle
-0.005,-0.019,1.031,0.411,-2.599,0.087,Idle
-0.005,-0.020,1.032,0.411,-2.599,0.131,Idle
-0.005,-0.019,1.032,0.472,-2.634,0.140,Idle
-0.004,-0.019,1.032,0.438,-2.660,0.157,Idle
-0.005,-0.019,1.031,0.411,-2.608,0.123,Idle
-0.005,-0.019,1.031,0.403,-2.581,0.079,Idle
-0.004,-0.019,1.032,0.376,-2.634,0.114,Idle
-0.005,-0.019,1.032,0.385,-2.608,0.114,Idle
-0.005,-0.020,1.032,0.368,-2.581,0.131,Idle
-0.004,-0.018,1.032,0.385,-2.599,0.140,Idle
-0.004,-0.019,1.032,0.420,-2.651,0.105,Idle
-0.005,-0.020,1.032,0.420,-2.651,0.114,Idle
-0.004,-0.019,1.032,0.403,-2.642,0.149,Idle
-0.005,-0.019,1.032,0.411,-2.642,0.114,Idle
-0.005,-0.019,1.032,0.429,-2.625,0.123,Idle
-0.005,-0.020,1.031,0.411,-2.634,0.140,Idle
-0.003,-0.019,1.034,0.411,-2.651,0.087,Idle
-0.004,-0.022,1.032,0.429,-2.625,0.149,Idle
-0.006,-0.019,1.032,0.429,-2.590,0.157,Idle
-0.004,-0.021,1.033,0.411,-2.616,0.175,Idle
-0.005,-0.020,1.034,0.420,-2.564,0.096,Idle
-0.006,-0.016,1.031,0.411,-2.616,0.105,Idle
-0.003,-0.018,1.028,0.411,-2.660,0.131,Idle
-0.005,-0.020,1.031,0.429,-2.634,0.131,Idle
-0.006,-0.017,1.031,0.455,-2.634,0.157,Idle
-0.004,-0.017,1.029,0.420,-2.625,0.149,Idle
-0.004,-0.020,1.029,0.411,-2.660,0.114,Idle
-0.005,-0.019,1.032,0.403,-2.608,0.123,Idle
-0.003,-0.018,1.032,0.455,-2.608,0.123,Idle
-0.000,-0.017,1.036,0.368,-2.590,0.123,Idle
-0.007,-0.017,1.036,0.429,-2.616,0.123,Idle
-0.005,-0.020,1.037,0.350,-2.642,0.123,Idle
-0.005,-0.020,1.034,0.394,-2.634,0.149,Idle
-0.005,-0.020,1.033,0.420,-2.625,0.123,Idle
-0.005,-0.020,1.033,0.438,-2.590,0.087,Idle
-0.004,-0.019,1.033,0.438,-2.642,0.123,Idle
-0.005,-0.020,1.032,0.438,-2.625,0.149,Idle
-0.006,-0.019,1.032,0.403,-2.572,0.131,Idle
-0.005,-0.019,1.032,0.420,-2.651,0.131,Idle
-0.005,-0.019,1.031,0.403,-2.660,0.087,Idle
-0.005,-0.019,1.031,0.394,-2.625,0.123,Idle
-0.006,-0.019,1.032,0.420,-2.651,0.114,Idle
-0.004,-0.019,1.032,0.420,-2.642,0.157,Idle
-0.004,-0.019,1.031,0.438,-2.590,0.105,Idle
-0.006,-0.020,1.031,0.429,-2.581,0.175,Idle
-0.005,-0.019,1.032,0.455,-2.608,0.201,Idle
-0.005,-0.019,1.032,0.385,-2.590,0.131,Idle
-0.005,-0.019,1.032,0.446,-2.616,0.131,Idle
-0.005,-0.019,1.031,0.455,-2.616,0.140,Idle
-0.005,-0.019,1.032,0.420,-2.616,0.096,Idle
-0.005,-0.018,1.032,0.420,-2.608,0.184,Idle
-0.005,-0.020,1.032,0.429,-2.651,0.131,Idle
-0.004,-0.019,1.032,0.420,-2.608,0.114,Idle
-0.004,-0.019,1.031,0.385,-2.634,0.131,Idle
-0.004,-0.019,1.033,0.394,-2.581,0.157,Idle
-0.005,-0.019,1.031,0.420,-2.651,0.114,Idle
-0.005,-0.019,1.032,0.420,-2.651,0.114,Idle
-0.006,-0.019,1.032,0.455,-2.625,0.166,Idle
-0.005,-0.019,1.032,0.420,-2.634,0.096,Idle
-0.005,-0.018,1.028,0.446,-2.651,0.123,Idle
-0.007,-0.019,1.031,0.438,-2.599,0.131,Idle
-0.005,-0.018,1.029,0.455,-2.634,0.149,Idle
-0.004,-0.017,1.031,0.438,-2.678,0.140,Idle
-0.005,-0.021,1.033,0.394,-2.634,0.123,Idle
-0.006,-0.021,1.033,0.403,-2.634,0.105,Idle
-0.004,-0.018,1.032,0.403,-2.599,0.123,Idle
-0.003,-0.018,1.037,0.429,-2.634,0.123,Idle
-0.006,-0.020,1.033,0.446,-2.616,0.157,Idle
-0.006,-0.020,1.036,0.376,-2.616,0.175,Idle
-0.004,-0.020,1.032,0.411,-2.651,0.149,Idle
-0.006,-0.019,1.031,0.429,-2.616,0.149,Idle
-0.004,-0.018,1.031,0.411,-2.590,0.114,Idle
-0.005,-0.020,1.033,0.368,-2.590,0.157,Idle
-0.006,-0.019,1.032,0.385,-2.581,0.114,Idle
-0.007,-0.018,1.032,0.385,-2.642,0.140,Idle
-0.006,-0.020,1.032,0.446,-2.625,0.123,Idle
-0.003,-0.019,1.032,0.446,-2.616,0.131,Idle
-0.005,-0.020,1.032,0.411,-2.642,0.123,Idle
-0.006,-0.020,1.032,0.403,-2.590,0.123,Idle
-0.005,-0.018,1.032,0.385,-2.590,0.157,Idle
-0.004,-0.019,1.032,0.385,-2.651,0.149,Idle
-0.006,-0.019,1.033,0.394,-2.616,0.140,Idle
-0.005,-0.019,1.032,0.403,-2.616,0.105,Idle
-0.003,-0.020,1.032,0.411,-2.608,0.105,Idle
-0.006,-0.020,1.029,0.446,-2.660,0.149,Idle
-0.006,-0.019,1.031,0.411,-2.599,0.123,Idle
-0.004,-0.018,1.032,0.403,-2.608,0.087,Idle
-0.005,-0.019,1.033,0.376,-2.634,0.140,Idle
-0.006,-0.018,1.031,0.403,-2.634,0.114,Idle
-0.003,-0.019,1.031,0.394,-2.634,0.140,Idle
-0.005,-0.019,1.032,0.464,-2.608,0.123,Idle
-0.005,-0.019,1.034,0.455,-2.625,0.114,Idle
-0.006,-0.019,1.033,0.464,-2.590,0.105,Idle
-0.004,-0.019,1.032,0.403,-2.572,0.123,Idle
-0.005,-0.018,1.033,0.420,-2.634,0.140,Idle
-0.006,-0.020,1.033,0.420,-2.642,0.123,Idle
-0.004,-0.019,1.031,0.429,-2.608,0.140,Idle
-0.004,-0.019,1.032,0.420,-2.608,0.149,Idle
-0.007,-0.019,1.033,0.438,-2.651,0.105,Idle
-0.005,-0.019,1.032,0.411,-2.564,0.149,Idle
-0.004,-0.020,1.033,0.429,-2.616,0.184,Idle
-0.004,-0.019,1.032,0.403,-2.625,0.114,Idle
-0.006,-0.019,1.032,0.385,-2.599,0.096,Idle
-0.004,-0.020,1.032,0.438,-2.616,0.149,Idle
-0.005,-0.019,1.032,0.394,-2.608,0.123,Idle
-0.006,-0.020,1.030,0.394,-2.634,0.140,Idle
-0.004,-0.018,1.032,0.411,-2.660,0.149,Idle
-0.005,-0.019,1.033,0.429,-2.625,0.140,Idle
-0.006,-0.021,1.031,0.420,-2.608,0.123,Idle
-0.004,-0.018,1.032,0.420,-2.660,0.131,Idle
-0.005,-0.018,1.033,0.438,-2.634,0.105,Idle
-0.006,-0.020,1.031,0.464,-2.608,0.149,Idle
-0.005,-0.020,1.030,0.411,-2.642,0.114,Idle
-0.004,-0.018,1.033,0.420,-2.634,0.131,Idle
-0.004,-0.019,1.032,0.411,-2.616,0.105,Idle
-0.006,-0.019,1.032,0.420,-2.581,0.087,Idle
-0.006,-0.020,1.031,0.403,-2.625,0.149,Idle
-0.004,-0.019,1.033,0.403,-2.599,0.140,Idle
-0.005,-0.019,1.031,0.420,-2.616,0.096,Idle
-0.006,-0.020,1.032,0.438,-2.608,0.140,Idle
-0.006,-0.019,1.032,0.446,-2.669,0.123,Idle
-0.004,-0.018,1.032,0.455,-2.616,0.123,Idle
-0.005,-0.019,1.031,0.403,-2.616,0.149,Idle
-0.005,-0.016,1.032,0.429,-2.625,0.149,Idle
-0.004,-0.020,1.033,0.429,-2.642,0.114,Idle
-0.006,-0.020,1.032,0.403,-2.634,0.140,Idle
-0.004,-0.019,1.033,0.376,-2.581,0.149,Idle
-0.004,-0.018,1.032,0.420,-2.599,0.131,Idle
-0.005,-0.020,1.032,0.403,-2.625,0.096,Idle
-0.005,-0.018,1.032,0.481,-2.625,0.105,Idle
-0.004,-0.020,1.032,0.385,-2.599,0.114,Idle
-0.005,-0.018,1.033,0.455,-2.616,0.131,Idle
-0.005,-0.018,1.033,0.385,-2.581,0.149,Idle
-0.005,-0.019,1.033,0.376,-2.599,0.149,Idle
-0.005,-0.020,1.032,0.438,-2.625,0.123,Idle
-0.004,-0.019,1.032,0.394,-2.599,0.131,Idle
-0.005,-0.018,1.032,0.403,-2.599,0.096,Idle
-0.005,-0.019,1.032,0.455,-2.642,0.131,Idle
-0.005,-0.019,1.032,0.455,-2.678,0.131,Idle
-0.005,-0.019,1.033,0.411,-2.642,0.131,Idle
-0.005,-0.020,1.032,0.429,-2.625,0.140,Idle
-0.005,-0.020,1.032,0.403,-2.634,0.131,Idle
-0.004,-0.019,1.032,0.429,-2.642,0.105,Idle
-0.005,-0.019,1.031,0.394,-2.599,0.123,Idle
-0.005,-0.019,1.032,0.429,-2.634,0.131,Idle
-0.006,-0.020,1.033,0.438,-2.599,0.096,Idle
-0.004,-0.019,1.032,0.403,-2.634,0.123,Idle
-0.007,-0.020,1.033,0.438,-2.608,0.157,Idle
-0.004,-0.018,1.031,0.411,-2.608,0.114,Idle
-0.004,-0.018,1.033,0.464,-2.599,0.123,Idle
-0.004,-0.020,1.032,0.420,-2.590,0.123,Idle
-0.005,-0.019,1.031,0.403,-2.564,0.105,Idle
-0.006,-0.019,1.032,0.446,-2.590,0.105,Idle
-0.006,-0.019,1.033,0.429,-2.642,0.131,Idle
-0.006,-0.019,1.031,0.429,-2.642,0.149,Idle
-0.005,-0.020,1.033,0.420,-2.608,0.140,Idle
-0.003,-0.018,1.032,0.420,-2.625,0.123,Idle
-0.005,-0.019,1.033,0.376,-2.660,0.087,Idle
-0.006,-0.019,1.034,0.455,-2.634,0.096,Idle
-0.004,-0.019,1.032,0.472,-2.616,0.140,Idle
-0.005,-0.019,1.032,0.420,-2.642,0.131,Idle
-0.006,-0.019,1.032,0.446,-2.616,0.123,Idle
-0.004,-0.019,1.032,0.464,-2.651,0.175,Idle
-0.004,-0.019,1.032,0.429,-2.634,0.123,Idle
-0.005,-0.020,1.033,0.394,-2.616,0.096,Idle
-0.005,-0.019,1.033,0.420,-2.599,0.114,Idle
-0.007,-0.020,1.031,0.429,-2.599,0.140,Idle
-0.006,-0.020,1.031,0.411,-2.625,0.131,Idle
-0.004,-0.019,1.032,0.376,-2.616,0.105,Idle
-0.004,-0.019,1.031,0.385,-2.651,0.061,Idle
-0.006,-0.019,1.032,0.455,-2.651,0.175,Idle
-0.004,-0.020,1.031,0.420,-2.608,0.131,Idle
-0.004,-0.020,1.032,0.420,-2.608,0.131,Idle
-0.005,-0.018,1.033,0.438,-2.608,0.166,Idle
-0.005,-0.019,1.033,0.394,-2.581,0.131,Idle
-0.005,-0.019,1.032,0.429,-2.599,0.123,Idle
-0.005,-0.020,1.032,0.455,-2.625,0.105,Idle
-0.004,-0.019,1.033,0.376,-2.642,0.131,Idle
-0.005,-0.020,1.032,0.438,-2.546,0.114,Idle
-0.005,-0.019,1.031,0.420,-2.678,0.157,Idle
-0.004,-0.018,1.032,0.394,-2.625,0.096,Idle
-0.006,-0.019,1.032,0.394,-2.625,0.096,Idle
-0.005,-0.019,1.032,0.403,-2.599,0.123,Idle
-0.005,-0.019,1.032,0.403,-2.616,0.114,Idle
-0.005,-0.019,1.032,0.446,-2.634,0.123,Idle
-0.005,-0.020,1.032,0.403,-2.642,0.157,Idle
-0.005,-0.019,1.032,0.446,-2.616,0.149,Idle
-0.005,-0.019,1.032,0.438,-2.608,0.131,Idle
-0.006,-0.020,1.032,0.429,-2.634,0.096,Idle
-0.005,-0.019,1.033,0.403,-2.651,0.123,Idle
-0.005,-0.020,1.033,0.455,-2.572,0.175,Idle
-0.006,-0.019,1.033,0.411,-2.625,0.149,Idle
-0.004,-0.018,1.032,0.411,-2.608,0.105,Idle
-0.005,-0.019,1.032,0.446,-2.634,0.140,Idle
-0.005,-0.020,1.032,0.438,-2.642,0.105,Idle
-0.005,-0.018,1.033,0.438,-2.642,0.105,Idle
-0.005,-0.018,1.033,0.420,-2.581,0.131,Idle
-0.005,-0.018,1.032,0.411,-2.669,0.131,Idle
-0.006,-0.020,1.032,0.411,-2.634,0.131,Idle
-0.005,-0.019,1.033,0.420,-2.616,0.105,Idle
-0.003,-0.019,1.032,0.376,-2.625,0.131,Idle
-0.005,-0.020,1.032,0.420,-2.616,0.149,Idle
-0.005,-0.020,1.032,0.411,-2.572,0.123,Idle
-0.004,-0.020,1.031,0.429,-2.599,0.157,Idle
-0.005,-0.019,1.032,0.420,-2.546,0.140,Idle
-0.006,-0.019,1.032,0.341,-2.599,0.105,Idle
-0.006,-0.020,1.032,0.420,-2.642,0.114,Idle
-0.004,-0.020,1.034,0.438,-2.642,0.131,Idle
-0.004,-0.020,1.030,0.411,-2.599,0.079,Idle
-0.006,-0.021,1.032,0.438,-2.642,0.140,Idle
-0.005,-0.019,1.033,0.385,-2.634,0.149,Idle
-0.005,-0.019,1.032,0.411,-2.616,0.131,Idle
-0.006,-0.020,1.032,0.420,-2.599,0.131,Idle
-0.007,-0.020,1.032,0.464,-2.660,0.087,Idle
-0.005,-0.019,1.034,0.420,-2.642,0.096,Idle
-0.003,-0.018,1.032,0.411,-2.608,0.149,Idle
-0.005,-0.020,1.032,0.446,-2.608,0.096,Idle
-0.005,-0.020,1.033,0.394,-2.608,0.131,Idle
-0.004,-0.018,1.033,0.394,-2.616,0.105,Idle
-0.006,-0.020,1.032,0.411,-2.634,0.140,Idle
-0.004,-0.019,1.032,0.438,-2.608,0.157,Idle
-0.004,-0.019,1.031,0.438,-2.608,0.149,Idle
-0.007,-0.020,1.034,0.411,-2.642,0.087,Idle
-0.005,-0.020,1.033,0.394,-2.616,0.149,Idle
-0.003,-0.021,1.030,0.376,-2.599,0.123,Idle
-0.006,-0.018,1.034,0.455,-2.625,0.131,Idle
-0.005,-0.020,1.031,0.420,-2.599,0.149,Idle
-0.004,-0.019,1.032,0.420,-2.634,0.123,Idle
-0.005,-0.018,1.032,0.411,-2.642,0.131,Idle
-0.005,-0.020,1.032,0.420,-2.616,0.123,Idle
-0.006,-0.019,1.031,0.438,-2.599,0.140,Idle
-0.006,-0.019,1.033,0.455,-2.625,0.149,Idle
-0.005,-0.019,1.032,0.446,-2.625,0.131,Idle
-0.004,-0.019,1.029,0.403,-2.608,0.157,Idle
-0.005,-0.019,1.032,0.438,-2.599,0.175,Idle
-0.004,-0.019,1.032,0.438,-2.634,0.149,Idle
-0.006,-0.019,1.031,0.403,-2.608,0.131,Idle
-0.005,-0.019,1.032,0.394,-2.599,0.140,Idle
-0.005,-0.019,1.032,0.420,-2.634,0.123,Idle
-0.005,-0.019,1.031,0.420,-2.599,0.149,Idle
-0.005,-0.020,1.031,0.368,-2.625,0.123,Idle
-0.005,-0.019,1.033,0.394,-2.599,0.131,Idle
-0.005,-0.020,1.032,0.385,-2.581,0.087,Idle
-0.005,-0.019,1.032,0.411,-2.608,0.149,Idle
-0.004,-0.019,1.032,0.394,-2.625,0.105,Idle
-0.005,-0.019,1.032,0.420,-2.608,0.096,Idle
-0.006,-0.019,1.032,0.438,-2.599,0.157,Idle
-0.006,-0.019,1.033,0.394,-2.608,0.096,Idle
-0.004,-0.019,1.033,0.420,-2.634,0.096,Idle
-0.004,-0.019,1.032,0.438,-2.634,0.114,Idle
-0.005,-0.020,1.033,0.403,-2.572,0.149,Idle
-0.004,-0.018,1.033,0.429,-2.660,0.131,Idle
-0.005,-0.019,1.032,0.403,-2.599,0.131,Idle
-0.005,-0.019,1.031,0.446,-2.651,0.123,Idle
-0.005,-0.020,1.033,0.385,-2.581,0.131,Idle
-0.006,-0.018,1.031,0.403,-2.651,0.157,Idle
-0.005,-0.020,1.032,0.438,-2.651,0.131,Idle
-0.006,-0.019,1.032,0.429,-2.642,0.131,Idle
-0.005,-0.018,1.033,0.394,-2.642,0.114,Idle
-0.005,-0.019,1.033,0.429,-2.642,0.123,Idle
-0.005,-0.020,1.032,0.420,-2.572,0.087,Idle
-0.005,-0.019,1.032,0.411,-2.599,0.131,Idle
-0.005,-0.018,1.032,0.438,-2.616,0.131,Idle
-0.004,-0.019,1.032,0.385,-2.625,0.096,Idle
-0.005,-0.020,1.031,0.411,-2.608,0.149,Idle
-0.006,-0.019,1.032,0.446,-2.660,0.123,Idle
-0.004,-0.018,1.032,0.438,-2.634,0.157,Idle
-0.006,-0.020,1.033,0.446,-2.616,0.114,Idle
-0.005,-0.021,1.033,0.411,-2.625,0.105,Idle
-0.005,-0.020,1.032,0.411,-2.634,0.140,Idle
-0.003,-0.020,1.032,0.429,-2.581,0.149,Idle
-0.004,-0.020,1.032,0.446,-2.608,0.131,Idle
-0.005,-0.019,1.032,0.420,-2.590,0.140,Idle
-0.005,-0.019,1.032,0.455,-2.651,0.079,Idle
-0.004,-0.019,1.032,0.438,-2.590,0.131,Idle
-0.004,-0.019,1.031,0.429,-2.608,0.140,Idle
-0.004,-0.019,1.032,0.411,-2.625,0.114,Idle
-0.004,-0.019,1.032,0.438,-2.625,0.114,Idle
-0.005,-0.019,1.032,0.394,-2.599,0.105,Idle
-0.005,-0.019,1.032,0.385,-2.634,0.105,Idle
-0.004,-0.019,1.032,0.403,-2.581,0.105,Idle
-0.004,-0.019,1.032,0.411,-2.599,0.149,Idle
-0.006,-0.019,1.032,0.429,-2.599,0.149,Idle
-0.004,-0.019,1.031,0.455,-2.642,0.175,Idle
-0.005,-0.018,1.032,0.403,-2.555,0.123,Idle
-0.006,-0.019,1.032,0.438,-2.590,0.140,Idle
-0.006,-0.020,1.032,0.446,-2.608,0.079,Idle
-0.006,-0.020,1.032,0.385,-2.651,0.114,Idle
-0.006,-0.019,1.032,0.455,-2.608,0.114,Idle
-0.005,-0.018,1.032,0.429,-2.608,0.140,Idle
-0.005,-0.020,1.032,0.411,-2.634,0.105,Idle
-0.006,-0.019,1.032,0.376,-2.608,0.114,Idle
-0.005,-0.019,1.032,0.429,-2.608,0.166,Idle
-0.006,-0.019,1.031,0.394,-2.599,0.149,Idle
-0.004,-0.018,1.033,0.385,-2.616,0.131,Idle
-0.004,-0.021,1.034,0.403,-2.581,0.114,Idle
-0.007,-0.018,1.032,0.464,-2.642,0.131,Idle
-0.006,-0.019,1.031,0.411,-2.625,0.131,Idle
-0.006,-0.021,1.032,0.429,-2.625,0.166,Idle
-0.004,-0.018,1.031,0.420,-2.590,0.105,Idle
-0.005,-0.018,1.031,0.411,-2.590,0.157,Idle
-0.006,-0.020,1.031,0.446,-2.608,0.131,Idle
-0.004,-0.018,1.030,0.420,-2.608,0.114,Idle
-0.005,-0.019,1.032,0.420,-2.608,0.140,Idle
-0.005,-0.020,1.032,0.446,-2.616,0.123,Idle
-0.006,-0.018,1.032,0.420,-2.581,0.096,Idle
-0.005,-0.018,1.032,0.359,-2.625,0.149,Idle
-0.005,-0.020,1.032,0.446,-2.616,0.096,Idle
-0.005,-0.020,1.032,0.411,-2.581,0.079,Idle
-0.005,-0.019,1.032,0.403,-2.608,0.149,Idle
-0.005,-0.018,1.032,0.385,-2.634,0.149,Idle
-0.005,-0.019,1.032,0.394,-2.608,0.131,Idle
-0.006,-0.020,1.032,0.429,-2.599,0.087,Idle
-0.005,-0.019,1.031,0.429,-2.590,0.123,Idle
-0.004,-0.019,1.032,0.420,-2.599,0.114,Idle
-0.005,-0.020,1.032,0.455,-2.642,0.166,Idle
-0.005,-0.020,1.032,0.385,-2.634,0.157,Idle
-0.005,-0.019,1.032,0.420,-2.616,0.131,Idle
-0.005,-0.020,1.032,0.464,-2.651,0.131,Idle
-0.006,-0.019,1.033,0.411,-2.625,0.131,Idle
-0.005,-0.019,1.031,0.455,-2.599,0.123,Idle
-0.003,-0.022,1.029,0.455,-2.625,0.105,Idle
-0.007,-0.016,1.032,0.394,-2.555,0.166,Idle
-0.007,-0.018,1.034,0.420,-2.634,0.131,Idle
-0.004,-0.016,1.031,0.438,-2.599,0.114,Idle
-0.004,-0.020,1.031,0.429,-2.634,0.096,Idle
-0.004,-0.019,1.032,0.403,-2.642,0.149,Idle
-0.005,-0.020,1.032,0.446,-2.590,0.149,Idle
-0.005,-0.018,1.032,0.464,-2.616,0.114,Idle
-0.004,-0.020,1.031,0.446,-2.616,0.131,Idle
-0.006,-0.020,1.034,0.403,-2.634,0.123,Idle
-0.004,-0.019,1.030,0.429,-2.616,0.096,Idle
-0.005,-0.019,1.031,0.403,-2.651,0.105,Idle
-0.006,-0.020,1.033,0.420,-2.642,0.096,Idle
-0.004,-0.018,1.030,0.403,-2.581,0.096,Idle
-0.004,-0.019,1.033,0.411,-2.616,0.131,Idle
-0.006,-0.020,1.032,0.411,-2.660,0.096,Idle
-0.005,-0.020,1.031,0.438,-2.634,0.166,Idle
-0.005,-0.018,1.032,0.420,-2.625,0.157,Idle
-0.004,-0.020,1.032,0.438,-2.616,0.140,Idle
-0.006,-0.020,1.032,0.403,-2.599,0.131,Idle
-0.005,-0.019,1.031,0.446,-2.608,0.114,Idle
-0.003,-0.019,1.032,0.394,-2.625,0.140,Idle
-0.005,-0.019,1.032,0.411,-2.651,0.123,Idle
-0.004,-0.018,1.032,0.438,-2.572,0.123,Idle
-0.004,-0.019,1.032,0.429,-2.625,0.157,Idle
-0.007,-0.020,1.032,0.420,-2.625,0.149,Idle
-0.005,-0.019,1.032,0.420,-2.625,0.131,Idle
-0.004,-0.018,1.032,0.420,-2.572,0.123,Idle
-0.006,-0.020,1.031,0.464,-2.625,0.140,Idle
-0.006,-0.020,1.032,0.411,-2.572,0.149,Idle
-0.005,-0.018,1.033,0.420,-2.608,0.123,Idle
-0.005,-0.019,1.033,0.403,-2.642,0.096,Idle
-0.007,-0.020,1.030,0.376,-2.599,0.140,Idle
-0.002,-0.019,1.024,0.438,-2.599,0.105,Idle
-0.004,-0.017,1.026,0.429,-2.651,0.131,Idle
-0.006,-0.018,1.031,0.438,-2.590,0.114,Idle
-0.006,-0.020,1.032,0.481,-2.625,0.131,Idle
-0.004,-0.019,1.031,0.394,-2.642,0.114,Idle
-0.002,-0.019,1.027,0.429,-2.642,0.131,Idle
-0.004,-0.019,1.029,0.455,-2.599,0.105,Idle
-0.006,-0.019,1.031,0.438,-2.625,0.123,Idle
-0.004,-0.018,1.031,0.438,-2.634,0.123,Idle
-0.005,-0.020,1.033,0.385,-2.669,0.123,Idle
-0.006,-0.020,1.032,0.446,-2.616,0.114,Idle
-0.003,-0.019,1.031,0.385,-2.642,0.157,Idle
-0.005,-0.020,1.033,0.394,-2.616,0.114,Idle
-0.006,-0.021,1.032,0.429,-2.634,0.114,Idle
-0.004,-0.019,1.032,0.429,-2.616,0.140,Idle
-0.005,-0.018,1.033,0.376,-2.625,0.157,Idle
-0.005,-0.019,1.032,0.438,-2.625,0.123,Idle
-0.005,-0.019,1.033,0.394,-2.608,0.123,Idle
-0.006,-0.019,1.032,0.411,-2.634,0.131,Idle
-0.006,-0.019,1.032,0.455,-2.634,0.114,Idle
-0.006,-0.019,1.031,0.420,-2.616,0.105,Idle
-0.008,-0.019,1.030,0.429,-2.651,0.105,Idle
-0.003,-0.019,1.033,0.420,-2.616,0.140,Idle
-0.005,-0.018,1.032,0.420,-2.616,0.131,Idle
-0.005,-0.021,1.032,0.385,-2.634,0.149,Idle
-0.007,-0.019,1.031,0.420,-2.642,0.123,Idle
-0.003,-0.022,1.032,0.420,-2.608,0.140,Idle
-0.004,-0.019,1.026,0.403,-2.616,0.149,Idle
-0.004,-0.020,1.031,0.411,-2.590,0.114,Idle
-0.005,-0.019,1.034,0.420,-2.608,0.114,Idle
-0.005,-0.019,1.034,0.376,-2.634,0.149,Idle
-0.005,-0.021,1.032,0.438,-2.616,0.149,Idle
-0.005,-0.019,1.032,0.438,-2.625,0.114,Idle
-0.005,-0.017,1.031,0.429,-2.599,0.140,Idle
-0.005,-0.020,1.033,0.411,-2.616,0.166,Idle
-0.005,-0.019,1.030,0.429,-2.634,0.140,Idle
-0.005,-0.020,1.032,0.394,-2.625,0.123,Idle
-0.005,-0.018,1.031,0.438,-2.625,0.149,Idle
-0.005,-0.020,1.032,0.420,-2.590,0.114,Idle
-0.005,-0.019,1.032,0.446,-2.616,0.131,Idle
-0.004,-0.019,1.032,0.446,-2.608,0.131,Idle
-0.005,-0.018,1.032,0.368,-2.608,0.140,Idle
-0.004,-0.020,1.034,0.411,-2.642,0.123,Idle
-0.005,-0.019,1.033,0.394,-2.608,0.123,Idle
-0.005,-0.019,1.033,0.455,-2.651,0.131,Idle
-0.006,-0.019,1.032,0.403,-2.616,0.131,Idle
-0.005,-0.019,1.032,0.446,-2.608,0.105,Idle
-0.004,-0.020,1.032,0.420,-2.616,0.114,Idle
-0.004,-0.019,1.033,0.411,-2.634,0.140,Idle
-0.005,-0.019,1.032,0.411,-2.642,0.131,Idle
-0.005,-0.019,1.032,0.376,-2.616,0.157,Idle
-0.005,-0.019,1.032,0.438,-2.634,0.114,Idle
-0.005,-0.019,1.031,0.438,-2.651,0.123,Idle
-0.007,-0.019,1.032,0.438,-2.660,0.123,Idle
-0.004,-0.019,1.033,0.376,-2.590,0.157,Idle
-0.004,-0.019,1.033,0.411,-2.642,0.123,Idle
-0.005,-0.019,1.032,0.420,-2.634,0.140,Idle
-0.006,-0.020,1.032,0.429,-2.651,0.149,Idle
-0.005,-0.019,1.033,0.420,-2.572,0.114,Idle
-0.004,-0.019,1.031,0.385,-2.642,0.166,Idle
-0.004,-0.019,1.036,0.411,-2.608,0.140,Idle
-0.006,-0.019,1.033,0.376,-2.642,0.140,Idle
-0.004,-0.016,1.031,0.411,-2.599,0.105,Idle
-0.005,-0.020,1.032,0.411,-2.616,0.123,Idle
-0.007,-0.020,1.033,0.429,-2.590,0.140,Idle
-0.004,-0.018,1.032,0.472,-2.634,0.079,Idle
-0.003,-0.018,1.033,0.429,-2.590,0.131,Idle
-0.005,-0.018,1.031,0.376,-2.616,0.131,Idle
-0.006,-0.021,1.042,0.394,-2.608,0.149,Idle
-0.005,-0.019,1.027,0.446,-2.608,0.157,Idle
-0.002,-0.014,1.029,0.455,-2.634,0.149,Idle
-0.005,-0.018,1.030,0.472,-2.616,0.123,Idle
-0.007,-0.019,1.027,0.455,-2.678,0.114,Idle
-0.004,-0.015,1.030,0.438,-2.669,0.114,Idle
-0.006,-0.019,1.033,0.411,-2.616,0.131,Idle
-0.006,-0.022,1.032,0.446,-2.599,0.114,Idle
-0.005,-0.016,1.031,0.455,-2.642,0.123,Idle
-0.006,-0.018,1.032,0.429,-2.651,0.131,Idle
-0.005,-0.019,1.031,0.403,-2.599,0.131,Idle
-0.006,-0.019,1.032,0.446,-2.590,0.114,Idle
-0.005,-0.019,1.032,0.411,-2.599,0.131,Idle
-0.004,-0.019,1.031,0.455,-2.634,0.140,Idle
-0.005,-0.020,1.032,0.403,-2.564,0.149,Idle
-0.005,-0.018,1.033,0.429,-2.625,0.105,Idle
-0.005,-0.020,1.031,0.455,-2.590,0.140,Idle
-0.006,-0.018,1.031,0.411,-2.651,0.140,Idle
-0.003,-0.020,1.034,0.368,-2.608,0.175,Idle
-0.005,-0.019,1.032,0.394,-2.564,0.149,Idle
-0.003,-0.019,1.032,0.446,-2.590,0.175,Idle
-0.005,-0.018,1.031,0.411,-2.590,0.140,Idle
-0.006,-0.020,1.032,0.420,-2.625,0.140,Idle
-0.005,-0.019,1.031,0.438,-2.634,0.123,Idle
-0.004,-0.018,1.031,0.420,-2.634,0.131,Idle
-0.005,-0.018,1.031,0.446,-2.616,0.149,Idle
-0.005,-0.019,1.032,0.464,-2.634,0.140,Idle
-0.004,-0.018,1.032,0.446,-2.634,0.087,Idle
-0.004,-0.020,1.032,0.411,-2.599,0.123,Idle
-0.006,-0.019,1.031,0.420,-2.581,0.149,Idle
-0.005,-0.020,1.031,0.376,-2.608,0.114,Idle
-0.004,-0.019,1.033,0.394,-2.616,0.149,Idle
-0.005,-0.020,1.032,0.403,-2.625,0.123,Idle
-0.005,-0.019,1.033,0.403,-2.634,0.149,Idle
-0.004,-0.018,1.032,0.420,-2.590,0.114,Idle
-0.004,-0.019,1.031,0.394,-2.599,0.114,Idle
-0.006,-0.019,1.033,0.420,-2.616,0.131,Idle
-0.004,-0.022,1.034,0.411,-2.625,0.149,Idle
-0.005,-0.018,1.031,0.411,-2.686,0.140,Idle
-0.005,-0.019,1.031,0.429,-2.660,0.140,Idle
-0.005,-0.020,1.033,0.385,-2.581,0.114,Idle
-0.006,-0.019,1.032,0.446,-2.678,0.096,Idle
-0.004,-0.019,1.031,0.446,-2.581,0.114,Idle
-0.006,-0.020,1.031,0.385,-2.616,0.166,Idle
-0.005,-0.018,1.032,0.359,-2.625,0.140,Idle
-0.004,-0.018,1.032,0.411,-2.625,0.131,Idle
-0.005,-0.019,1.032,0.420,-2.625,0.123,Idle
-0.006,-0.020,1.033,0.420,-2.581,0.140,Idle
-0.004,-0.019,1.032,0.438,-2.590,0.123,Idle
-0.005,-0.019,1.032,0.429,-2.608,0.105,Idle
-0.004,-0.019,1.031,0.420,-2.608,0.079,Idle
-0.005,-0.019,1.032,0.385,-2.642,0.140,Idle
-0.005,-0.018,1.032,0.420,-2.616,0.123,Idle
-0.004,-0.018,1.033,0.411,-2.651,0.123,Idle
-0.005,-0.018,1.032,0.446,-2.616,0.131,Idle
-0.006,-0.019,1.033,0.438,-2.616,0.123,Idle
-0.005,-0.019,1.032,0.420,-2.625,0.131,Idle
-0.005,-0.019,1.032,0.420,-2.634,0.140,Idle
-0.004,-0.019,1.031,0.403,-2.616,0.131,Idle
-0.004,-0.020,1.032,0.481,-2.608,0.149,Idle
-0.004,-0.019,1.032,0.411,-2.678,0.096,Idle
-0.005,-0.019,1.032,0.429,-2.660,0.157,Idle
-0.005,-0.019,1.032,0.385,-2.642,0.131,Idle
-0.004,-0.020,1.032,0.455,-2.634,0.149,Idle
-0.004,-0.019,1.032,0.429,-2.651,0.149,Idle
-0.005,-0.019,1.032,0.385,-2.634,0.157,Idle
-0.005,-0.020,1.032,0.438,-2.590,0.131,Idle
-0.004,-0.019,1.029,0.420,-2.634,0.105,Idle
-0.005,-0.018,1.032,0.420,-2.625,0.166,Idle
-0.005,-0.020,1.033,0.368,-2.616,0.157,Idle
-0.006,-0.020,1.031,0.438,-2.651,0.105,Idle
-0.005,-0.019,1.031,0.411,-2.608,0.096,Idle
-0.005,-0.018,1.032,0.464,-2.608,0.105,Idle
-0.006,-0.020,1.031,0.376,-2.599,0.105,Idle
-0.005,-0.019,1.031,0.403,-2.608,0.114,Idle
-0.003,-0.018,1.033,0.429,-2.608,0.149,Idle
-0.004,-0.019,1.032,0.411,-2.581,0.140,Idle
-0.005,-0.020,1.032,0.420,-2.642,0.131,Idle
-0.004,-0.018,1.032,0.446,-2.599,0.123,Idle
-0.004,-0.018,1.031,0.429,-2.616,0.140,Idle
-0.007,-0.021,1.033,0.420,-2.625,0.123,Idle
-0.007,-0.020,1.034,0.376,-2.660,0.123,Idle
-0.004,-0.019,1.033,0.394,-2.572,0.123,Idle
-0.006,-0.019,1.031,0.411,-2.581,0.131,Idle
-0.005,-0.019,1.031,0.420,-2.590,0.123,Idle
-0.004,-0.018,1.031,0.438,-2.660,0.140,Idle
-0.006,-0.019,1.032,0.472,-2.616,0.105,Idle
-0.006,-0.018,1.032,0.438,-2.651,0.131,Idle
-0.005,-0.020,1.032,0.438,-2.651,0.131,Idle
-0.003,-0.019,1.032,0.420,-2.599,0.131,Idle
-0.006,-0.020,1.032,0.403,-2.651,0.140,Idle
-0.005,-0.020,1.033,0.446,-2.616,0.140,Idle
-0.004,-0.018,1.031,0.429,-2.599,0.096,Idle
-0.003,-0.021,1.028,0.455,-2.616,0.105,Idle
-0.005,-0.020,1.028,0.472,-2.634,0.131,Idle
-0.005,-0.017,1.028,0.411,-2.616,0.149,Idle
-0.004,-0.019,1.033,0.411,-2.608,0.166,Idle
-0.007,-0.022,1.033,0.420,-2.616,0.149,Idle
-0.005,-0.019,1.032,0.429,-2.634,0.105,Idle
-0.004,-0.017,1.031,0.429,-2.625,0.131,Idle
-0.005,-0.020,1.033,0.420,-2.669,0.131,Idle
-0.005,-0.020,1.031,0.429,-2.608,0.140,Idle
-0.004,-0.018,1.031,0.411,-2.616,0.131,Idle
-0.004,-0.019,1.033,0.429,-2.642,0.123,Idle
-0.005,-0.020,1.033,0.420,-2.555,0.123,Idle
-0.004,-0.019,1.031,0.438,-2.634,0.123,Idle
-0.003,-0.018,1.031,0.368,-2.642,0.140,Idle
-0.005,-0.019,1.033,0.403,-2.625,0.123,Idle
-0.006,-0.019,1.032,0.438,-2.616,0.166,Idle
-0.005,-0.019,1.032,0.429,-2.608,0.105,Idle
-0.005,-0.018,1.033,0.455,-2.581,0.123,Idle
-0.004,-0.020,1.032,0.403,-2.608,0.123,Idle
-0.005,-0.019,1.032,0.429,-2.616,0.201,Idle
-0.005,-0.018,1.031,0.472,-2.599,0.166,Idle
-0.004,-0.019,1.030,0.403,-2.616,0.114,Idle
-0.006,-0.019,1.031,0.403,-2.616,0.114,Idle
-0.007,-0.020,1.033,0.438,-2.642,0.096,Idle
-0.005,-0.019,1.032,0.385,-2.625,0.149,Idle
-0.005,-0.019,1.032,0.394,-2.608,0.140,Idle
-0.004,-0.019,1.032,0.455,-2.642,0.149,Idle
-0.005,-0.019,1.032,0.403,-2.616,0.123,Idle
-0.005,-0.019,1.031,0.472,-2.616,0.123,Idle
-0.004,-0.019,1.032,0.403,-2.599,0.149,Idle
-0.007,-0.019,1.031,0.420,-2.616,0.131,Idle
-0.007,-0.020,1.039,0.403,-2.625,0.157,Idle
-0.004,-0.018,1.033,0.438,-2.599,0.131,Idle
-0.004,-0.021,1.030,0.429,-2.616,0.149,Idle
-0.006,-0.021,1.034,0.411,-2.599,0.157,Idle
-0.005,-0.019,1.031,0.394,-2.660,0.131,Idle
-0.005,-0.020,1.033,0.403,-2.625,0.105,Idle
-0.005,-0.019,1.031,0.429,-2.608,0.157,Idle
-0.005,-0.020,1.031,0.403,-2.651,0.123,Idle
-0.006,-0.018,1.031,0.376,-2.581,0.140,Idle
-0.002,-0.019,1.031,0.403,-2.616,0.131,Idle
-0.004,-0.021,1.031,0.429,-2.608,0.123,Idle
-0.007,-0.022,1.035,0.438,-2.651,0.105,Idle
-0.004,-0.018,1.030,0.359,-2.608,0.131,Idle
-0.005,-0.022,1.034,0.446,-2.581,0.149,Idle
-0.006,-0.020,1.034,0.420,-2.581,0.105,Idle
-0.005,-0.018,1.033,0.376,-2.581,0.105,Idle
-0.005,-0.020,1.032,0.385,-2.651,0.131,Idle
-0.005,-0.019,1.032,0.368,-2.634,0.140,Idle
-0.005,-0.019,1.032,0.411,-2.616,0.131,Idle
-0.005,-0.019,1.032,0.403,-2.651,0.114,Idle
-0.004,-0.019,1.032,0.481,-2.616,0.123,Idle
-0.005,-0.019,1.032,0.438,-2.616,0.105,Idle
-0.005,-0.019,1.033,0.429,-2.634,0.131,Idle
-0.005,-0.018,1.032,0.429,-2.590,0.079,Idle
-0.005,-0.019,1.033,0.438,-2.634,0.096,Idle
-0.007,-0.020,1.033,0.359,-2.651,0.114,Idle
-0.005,-0.019,1.031,0.429,-2.599,0.114,Idle
-0.004,-0.019,1.032,0.429,-2.616,0.123,Idle
-0.005,-0.020,1.033,0.385,-2.616,0.105,Idle
-0.005,-0.020,1.032,0.411,-2.651,0.123,Idle
-0.004,-0.019,1.033,0.429,-2.599,0.175,Idle
-0.005,-0.019,1.031,0.420,-2.608,0.140,Idle
-0.005,-0.020,1.032,0.429,-2.537,0.157,Idle
-0.004,-0.019,1.033,0.411,-2.642,0.140,Idle
-0.005,-0.019,1.033,0.472,-2.625,0.140,Idle
-0.005,-0.020,1.032,0.403,-2.642,0.131,Idle
-0.005,-0.019,1.033,0.411,-2.616,0.123,Idle
-0.005,-0.019,1.031,0.376,-2.625,0.131,Idle
-0.005,-0.019,1.032,0.403,-2.616,0.149,Idle
-0.005,-0.018,1.032,0.420,-2.625,0.131,Idle
-0.005,-0.019,1.031,0.455,-2.669,0.157,Idle
-0.005,-0.020,1.032,0.385,-2.599,0.114,Idle
-0.004,-0.018,1.032,0.429,-2.599,0.184,Idle
-0.005,-0.019,1.032,0.420,-2.616,0.096,Idle
-0.006,-0.020,1.032,0.403,-2.608,0.131,Idle
-0.006,-0.019,1.032,0.420,-2.608,0.123,Idle
-0.005,-0.019,1.032,0.385,-2.616,0.157,Idle
-0.005,-0.019,1.033,0.420,-2.572,0.140,Idle
-0.006,-0.020,1.032,0.446,-2.599,0.140,Idle
-0.005,-0.019,1.033,0.481,-2.590,0.114,Idle
-0.005,-0.019,1.032,0.411,-2.608,0.105,Idle
-0.006,-0.019,1.031,0.376,-2.642,0.140,Idle
-0.005,-0.018,1.032,0.438,-2.651,0.140,Idle
-0.004,-0.018,1.031,0.446,-2.625,0.149,Idle
-0.005,-0.019,1.033,0.385,-2.590,0.131,Idle
-0.004,-0.017,1.032,0.411,-2.660,0.131,Idle
-0.004,-0.017,1.032,0.429,-2.599,0.140,Idle
-0.005,-0.021,1.032,0.403,-2.634,0.131,Idle
-0.005,-0.020,1.032,0.429,-2.590,0.140,Idle
-0.005,-0.018,1.032,0.420,-2.616,0.157,Idle
-0.005,-0.018,1.032,0.403,-2.564,0.123,Idle
-0.008,-0.021,1.033,0.446,-2.599,0.140,Idle
-0.001,-0.016,1.034,0.420,-2.660,0.149,Idle
-0.007,-0.021,1.032,0.403,-2.590,0.105,Idle
-0.007,-0.021,1.033,0.420,-2.608,0.123,Idle
-0.003,-0.019,1.034,0.403,-2.599,0.140,Idle
-0.005,-0.018,1.032,0.472,-2.625,0.131,Idle
-0.006,-0.020,1.033,0.403,-2.608,0.096,Idle
-0.005,-0.019,1.032,0.429,-2.642,0.140,Idle
-0.005,-0.019,1.033,0.394,-2.616,0.157,Idle
-0.005,-0.019,1.032,0.376,-2.634,0.131,Idle
-0.006,-0.019,1.033,0.429,-2.581,0.140,Idle
-0.005,-0.019,1.033,0.394,-2.625,0.157,Idle
-0.005,-0.019,1.034,0.438,-2.642,0.131,Idle
-0.004,-0.020,1.031,0.429,-2.599,0.140,Idle
-0.005,-0.020,1.032,0.403,-2.651,0.140,Idle
-0.006,-0.020,1.034,0.394,-2.625,0.166,Idle
-0.005,-0.020,1.033,0.438,-2.616,0.114,Idle
-0.005,-0.021,1.034,0.403,-2.642,0.140,Idle
-0.005,-0.020,1.034,0.420,-2.625,0.070,Idle
-0.005,-0.020,1.033,0.446,-2.634,0.096,Idle
-0.006,-0.019,1.032,0.429,-2.634,0.149,Idle
-0.004,-0.021,1.033,0.385,-2.599,0.087,Idle
-0.002,-0.018,1.035,0.385,-2.590,0.140,Idle
-0.007,-0.016,1.036,0.438,-2.616,0.123,Idle
-0.006,-0.020,1.037,0.438,-2.642,0.123,Idle
-0.005,-0.021,1.033,0.411,-2.581,0.131,Idle
-0.004,-0.020,1.033,0.411,-2.634,0.131,Idle
-0.004,-0.019,1.035,0.420,-2.625,0.131,Idle
-0.006,-0.020,1.032,0.411,-2.616,0.114,Idle
-0.004,-0.019,1.032,0.411,-2.634,0.149,Idle
-0.003,-0.018,1.031,0.420,-2.642,0.123,Idle
-0.005,-0.020,1.034,0.420,-2.599,0.166,Idle
-0.004,-0.019,1.032,0.420,-2.625,0.131,Idle
-0.004,-0.019,1.032,0.411,-2.599,0.114,Idle
-0.004,-0.018,1.030,0.446,-2.564,0.140,Idle
-0.006,-0.019,1.032,0.429,-2.651,0.131,Idle
-0.005,-0.019,1.032,0.403,-2.608,0.149,Idle
-0.004,-0.020,1.033,0.446,-2.625,0.149,Idle
-0.005,-0.018,1.030,0.429,-2.616,0.140,Idle
-0.006,-0.019,1.029,0.411,-2.642,0.131,Idle
-0.006,-0.019,1.030,0.420,-2.660,0.131,Idle
-0.003,-0.018,1.032,0.403,-2.616,0.131,Idle
-0.005,-0.018,1.033,0.446,-2.599,0.123,Idle
-0.007,-0.019,1.033,0.455,-2.651,0.149,Idle
-0.004,-0.019,1.032,0.446,-2.608,0.140,Idle
-0.004,-0.018,1.032,0.376,-2.599,0.149,Idle
-0.005,-0.019,1.032,0.455,-2.625,0.131,Idle
-0.006,-0.020,1.034,0.455,-2.599,0.175,Idle
-0.005,-0.020,1.035,0.420,-2.599,0.149,Idle
-0.004,-0.019,1.037,0.429,-2.599,0.140,Idle
-0.005,-0.023,1.038,0.376,-2.572,0.175,Idle
-0.006,-0.021,1.035,0.385,-2.599,0.140,Idle
-0.004,-0.018,1.034,0.429,-2.608,0.131,Idle
-0.005,-0.020,1.033,0.394,-2.599,0.123,Idle
-0.005,-0.021,1.033,0.446,-2.642,0.157,Idle
-0.006,-0.021,1.034,0.411,-2.642,0.175,Idle
-0.005,-0.018,1.033,0.420,-2.608,0.105,Idle
-0.006,-0.020,1.036,0.403,-2.599,0.157,Idle
-0.006,-0.020,1.039,0.420,-2.581,0.149,Idle
-0.005,-0.020,1.038,0.403,-2.572,0.087,Idle
-0.005,-0.019,1.032,0.411,-2.599,0.114,Idle
-0.006,-0.019,1.033,0.394,-2.634,0.140,Idle
-0.005,-0.018,1.035,0.385,-2.634,0.184,Idle
-0.005,-0.020,1.033,0.411,-2.616,0.149,Idle
-0.006,-0.019,1.032,0.420,-2.634,0.140,Idle
-0.005,-0.019,1.033,0.420,-2.608,0.140,Idle
-0.005,-0.019,1.033,0.420,-2.590,0.140,Idle
-0.006,-0.019,1.032,0.403,-2.608,0.140,Idle
-0.007,-0.024,1.036,0.420,-2.599,0.157,Idle
-0.007,-0.017,1.040,0.394,-2.608,0.140,Idle
-0.007,-0.020,1.039,0.376,-2.608,0.105,Idle
-0.005,-0.020,1.037,0.368,-2.599,0.166,Idle
-0.005,-0.020,1.032,0.429,-2.625,0.114,Idle
-0.006,-0.019,1.034,0.429,-2.625,0.105,Idle
-0.005,-0.018,1.035,0.420,-2.572,0.131,Idle
-0.005,-0.019,1.034,0.420,-2.616,0.114,Idle
-0.004,-0.019,1.034,0.385,-2.608,0.140,Idle
-0.006,-0.018,1.033,0.376,-2.634,0.131,Idle
-0.005,-0.018,1.033,0.411,-2.616,0.123,Idle
-0.004,-0.018,1.032,0.438,-2.660,0.087,Idle
-0.005,-0.020,1.032,0.455,-2.634,0.149,Idle
-0.006,-0.018,1.033,0.438,-2.599,0.140,Idle
-0.007,-0.019,1.033,0.438,-2.616,0.149,Idle
-0.004,-0.018,1.031,0.394,-2.616,0.131,Idle
-0.006,-0.017,1.030,0.429,-2.634,0.105,Idle
-0.007,-0.016,1.028,0.455,-2.669,0.149,Idle
-0.002,-0.016,1.021,0.394,-2.608,0.131,Idle
0.000,-0.017,1.022,0.438,-2.616,0.140,Idle
-0.008,-0.017,1.028,0.359,-2.686,0.157,Idle
-0.010,-0.023,1.026,0.490,-2.616,0.123,Idle
0.002,-0.013,1.027,0.464,-2.651,0.166,Idle
-0.002,-0.017,1.033,0.350,-2.590,0.149,Idle
-0.011,-0.024,1.032,0.341,-2.634,0.114,Idle
-0.006,-0.019,1.029,0.376,-2.599,0.140,Idle
0.004,-0.013,1.031,0.359,-2.651,0.114,Idle
-0.011,-0.024,1.032,0.394,-2.608,0.123,Idle
-0.012,-0.026,1.029,0.394,-2.616,0.123,Idle
0.003,-0.015,1.029,0.411,-2.599,0.149,Idle
-0.002,-0.018,1.030,0.446,-2.625,0.096,Idle
-0.013,-0.024,1.034,0.394,-2.625,0.157,Idle
-0.006,-0.018,1.031,0.455,-2.590,0.105,Idle
0.001,-0.015,1.032,0.368,-2.634,0.096,Idle
-0.010,-0.024,1.033,0.403,-2.625,0.166,Idle
-0.005,-0.019,1.032,0.411,-2.651,0.157,Idle
0.001,-0.016,1.031,0.411,-2.599,0.149,Idle
-0.007,-0.021,1.032,0.411,-2.616,0.123,Idle
-0.009,-0.022,1.033,0.438,-2.625,0.105,Idle
-0.000,-0.015,1.032,0.394,-2.608,0.166,Idle
-0.002,-0.018,1.033,0.455,-2.616,0.105,Idle
-0.009,-0.022,1.032,0.420,-2.599,0.131,Idle
-0.005,-0.019,1.032,0.438,-2.608,0.157,Idle
-0.001,-0.017,1.032,0.420,-2.634,0.157,Idle
-0.006,-0.021,1.033,0.403,-2.608,0.140,Idle
-0.007,-0.021,1.033,0.394,-2.642,0.123,Idle
-0.002,-0.016,1.033,0.403,-2.634,0.114,Idle
-0.006,-0.020,1.031,0.420,-2.616,0.087,Idle
-0.008,-0.020,1.032,0.438,-2.590,0.114,Idle
-0.003,-0.018,1.032,0.411,-2.581,0.166,Idle
-0.003,-0.018,1.032,0.438,-2.616,0.166,Idle
-0.007,-0.019,1.033,0.455,-2.590,0.114,Idle
-0.006,-0.020,1.033,0.429,-2.581,0.096,Idle
-0.002,-0.018,1.032,0.403,-2.581,0.123,Idle
-0.006,-0.018,1.032,0.438,-2.608,0.131,Idle
-0.005,-0.020,1.031,0.429,-2.616,0.131,Idle
-0.005,-0.019,1.033,0.403,-2.590,0.131,Idle
-0.005,-0.019,1.032,0.429,-2.564,0.114,Idle
-0.007,-0.017,1.031,0.411,-2.599,0.123,Idle
-0.005,-0.020,1.036,0.385,-2.599,0.175,Idle
-0.004,-0.019,1.033,0.394,-2.616,0.149,Idle
-0.005,-0.018,1.032,0.429,-2.651,0.096,Idle
-0.005,-0.020,1.032,0.438,-2.608,0.131,Idle
-0.004,-0.019,1.032,0.341,-2.599,0.123,Idle
-0.004,-0.018,1.034,0.411,-2.651,0.123,Idle
-0.005,-0.019,1.033,0.420,-2.625,0.114,Idle
-0.005,-0.019,1.032,0.350,-2.642,0.105,Idle
-0.006,-0.018,1.032,0.472,-2.634,0.157,Idle
-0.004,-0.020,1.029,0.394,-2.599,0.175,Idle
-0.006,-0.020,1.032,0.411,-2.572,0.131,Idle
-0.004,-0.018,1.033,0.446,-2.581,0.140,Idle
-0.003,-0.017,1.033,0.385,-2.651,0.123,Idle
-0.006,-0.021,1.033,0.446,-2.625,0.175,Idle
-0.007,-0.021,1.032,0.403,-2.608,0.149,Idle
-0.000,-0.016,1.033,0.394,-2.616,0.123,Idle
-0.006,-0.020,1.032,0.446,-2.608,0.105,Idle
-0.007,-0.021,1.033,0.429,-2.625,0.114,Idle
-0.004,-0.017,1.032,0.403,-2.599,0.140,Idle
-0.003,-0.018,1.033,0.446,-2.625,0.149,Idle
-0.007,-0.021,1.032,0.446,-2.590,0.123,Idle
-0.007,-0.020,1.032,0.446,-2.599,0.140,Idle
-0.004,-0.018,1.033,0.411,-2.616,0.131,Idle
-0.004,-0.019,1.032,0.429,-2.625,0.114,Idle
-0.006,-0.020,1.033,0.350,-2.599,0.140,Idle
-0.005,-0.019,1.032,0.446,-2.616,0.149,Idle
-0.004,-0.018,1.032,0.376,-2.634,0.105,Idle
-0.006,-0.020,1.032,0.420,-2.616,0.157,Idle
-0.006,-0.019,1.032,0.403,-2.608,0.157,Idle
-0.004,-0.020,1.031,0.429,-2.599,0.131,Idle
-0.004,-0.019,1.032,0.420,-2.625,0.105,Idle
-0.003,-0.019,1.032,0.411,-2.616,0.140,Idle
-0.005,-0.019,1.034,0.455,-2.608,0.157,Idle
-0.004,-0.019,1.032,0.438,-2.634,0.114,Idle
-0.005,-0.019,1.033,0.403,-2.564,0.105,Idle
-0.006,-0.020,1.031,0.385,-2.642,0.105,Idle
-0.005,-0.018,1.033,0.411,-2.625,0.140,Idle
-0.004,-0.019,1.031,0.429,-2.599,0.096,Idle
-0.005,-0.019,1.032,0.411,-2.608,0.123,Idle
-0.006,-0.020,1.032,0.394,-2.590,0.140,Idle
-0.005,-0.018,1.033,0.429,-2.634,0.140,Idle
-0.004,-0.018,1.032,0.420,-2.590,0.140,Idle
-0.006,-0.020,1.031,0.438,-2.642,0.114,Idle
-0.006,-0.020,1.032,0.394,-2.581,0.123,Idle
-0.004,-0.019,1.032,0.385,-2.625,0.123,Idle
-0.004,-0.018,1.032,0.411,-2.669,0.131,Idle
-0.005,-0.018,1.032,0.429,-2.555,0.149,Idle
-0.005,-0.020,1.032,0.438,-2.642,0.184,Idle
-0.004,-0.021,1.032,0.385,-2.590,0.140,Idle
-0.005,-0.018,1.033,0.429,-2.608,0.096,Idle
-0.005,-0.018,1.031,0.403,-2.608,0.131,Idle
-0.005,-0.018,1.032,0.411,-2.608,0.096,Idle
-0.005,-0.019,1.032,0.438,-2.634,0.096,Idle
-0.005,-0.019,1.031,0.411,-2.590,0.166,Idle
-0.004,-0.018,1.033,0.481,-2.642,0.070,Idle
-0.007,-0.020,1.031,0.403,-2.616,0.105,Idle
-0.003,-0.018,1.032,0.403,-2.625,0.175,Idle
-0.003,-0.017,1.032,0.438,-2.564,0.131,Idle
-0.006,-0.018,1.032,0.464,-2.599,0.131,Idle
-0.006,-0.020,1.032,0.446,-2.625,0.123,Idle
-0.003,-0.018,1.032,0.411,-2.590,0.140,Idle
-0.003,-0.019,1.032,0.411,-2.608,0.114,Idle
-0.006,-0.019,1.032,0.403,-2.590,0.157,Idle
-0.006,-0.019,1.032,0.420,-2.608,0.114,Idle
-0.004,-0.019,1.032,0.438,-2.669,0.149,Idle
-0.005,-0.020,1.033,0.394,-2.590,0.140,Idle
-0.006,-0.020,1.033,0.438,-2.608,0.131,Idle
-0.005,-0.019,1.034,0.368,-2.599,0.123,Idle
-0.002,-0.017,1.030,0.429,-2.625,0.149,Idle
-0.005,-0.019,1.031,0.446,-2.616,0.166,Idle
-0.006,-0.020,1.032,0.446,-2.599,0.123,Idle
-0.004,-0.019,1.031,0.446,-2.642,0.149,Idle
-0.004,-0.019,1.032,0.446,-2.625,0.096,Idle
-0.006,-0.019,1.032,0.429,-2.634,0.157,Idle
-0.004,-0.019,1.031,0.429,-2.537,0.079,Idle
-0.005,-0.019,1.032,0.368,-2.572,0.140,Idle
-0.006,-0.019,1.032,0.420,-2.599,0.166,Idle
-0.005,-0.019,1.032,0.411,-2.625,0.114,Idle
-0.006,-0.019,1.031,0.420,-2.625,0.140,Idle
-0.005,-0.021,1.034,0.446,-2.669,0.114,Idle
-0.005,-0.022,1.036,0.403,-2.608,0.087,Idle
-0.004,-0.020,1.033,0.420,-2.564,0.149,Idle
-0.005,-0.018,1.033,0.420,-2.651,0.087,Idle
-0.005,-0.019,1.032,0.446,-2.642,0.140,Idle
-0.004,-0.019,1.031,0.438,-2.634,0.157,Idle
-0.007,-0.020,1.030,0.455,-2.634,0.131,Idle
-0.006,-0.019,1.035,0.464,-2.599,0.105,Idle
-0.004,-0.020,1.033,0.420,-2.599,0.114,Idle
-0.005,-0.020,1.032,0.420,-2.634,0.131,Idle
-0.006,-0.019,1.031,0.403,-2.581,0.149,Idle
-0.005,-0.020,1.035,0.438,-2.564,0.149,Idle
-0.005,-0.027,1.039,0.429,-2.564,0.149,Idle
-0.007,-0.020,1.039,0.411,-2.590,0.149,Idle
-0.007,-0.018,1.033,0.411,-2.634,0.131,Idle
-0.003,-0.021,1.034,0.385,-2.642,0.175,Idle
-0.004,-0.019,1.034,0.420,-2.590,0.105,Idle
-0.007,-0.019,1.034,0.429,-2.599,0.131,Idle
-0.005,-0.019,1.033,0.359,-2.581,0.123,Idle
-0.004,-0.018,1.033,0.411,-2.599,0.123,Idle
-0.005,-0.019,1.032,0.376,-2.599,0.140,Idle
-0.006,-0.020,1.033,0.411,-2.581,0.079,Idle
-0.004,-0.018,1.032,0.394,-2.608,0.096,Idle
-0.005,-0.018,1.032,0.359,-2.625,0.123,Idle
-0.007,-0.020,1.030,0.429,-2.616,0.149,Idle
-0.004,-0.019,1.032,0.385,-2.642,0.114,Idle
-0.003,-0.018,1.033,0.359,-2.642,0.096,Idle
-0.006,-0.020,1.032,0.429,-2.599,0.123,Idle
-0.007,-0.021,1.032,0.385,-2.625,0.140,Idle
-0.005,-0.017,1.031,0.403,-2.642,0.131,Idle
-0.005,-0.020,1.032,0.455,-2.625,0.140,Idle
-0.006,-0.020,1.032,0.464,-2.581,0.157,Idle
-0.004,-0.020,1.032,0.446,-2.625,0.131,Idle
-0.004,-0.018,1.032,0.455,-2.599,0.123,Idle
-0.005,-0.018,1.032,0.411,-2.634,0.131,Idle
-0.005,-0.021,1.034,0.385,-2.581,0.131,Idle
-0.004,-0.019,1.033,0.403,-2.616,0.114,Idle
-0.004,-0.019,1.032,0.429,-2.642,0.114,Idle
-0.007,-0.021,1.033,0.446,-2.651,0.140,Idle
-0.006,-0.020,1.032,0.429,-2.625,0.131,Idle
-0.003,-0.019,1.032,0.429,-2.616,0.114,Idle
-0.005,-0.019,1.032,0.446,-2.634,0.149,Idle
-0.006,-0.020,1.032,0.385,-2.616,0.114,Idle
-0.005,-0.018,1.033,0.420,-2.625,0.157,Idle
-0.003,-0.019,1.032,0.403,-2.608,0.105,Idle
-0.007,-0.020,1.033,0.385,-2.660,0.157,Idle
-0.005,-0.019,1.031,0.411,-2.616,0.131,Idle
-0.004,-0.018,1.033,0.385,-2.625,0.131,Idle
-0.004,-0.019,1.031,0.376,-2.625,0.105,Idle
-0.006,-0.020,1.032,0.438,-2.581,0.131,Idle
-0.004,-0.020,1.032,0.394,-2.625,0.140,Idle
-0.004,-0.020,1.032,0.403,-2.660,0.149,Idle
-0.005,-0.020,1.031,0.376,-2.616,0.105,Idle
-0.006,-0.019,1.032,0.429,-2.599,0.131,Idle
-0.005,-0.019,1.032,0.376,-2.590,0.131,Idle
-0.004,-0.019,1.032,0.438,-2.581,0.149,Idle
-0.005,-0.019,1.031,0.446,-2.625,0.131,Idle
-0.006,-0.019,1.031,0.438,-2.581,0.123,Idle
-0.004,-0.019,1.032,0.438,-2.634,0.157,Idle
-0.005,-0.019,1.032,0.411,-2.634,0.140,Idle
-0.005,-0.019,1.032,0.411,-2.616,0.149,Idle
-0.004,-0.019,1.032,0.411,-2.608,0.131,Idle
-0.005,-0.020,1.033,0.446,-2.616,0.140,Idle
-0.006,-0.020,1.033,0.403,-2.599,0.149,Idle
-0.005,-0.019,1.032,0.429,-2.599,0.131,Idle
-0.004,-0.018,1.032,0.429,-2.616,0.166,Idle
-0.004,-0.019,1.033,0.446,-2.634,0.123,Idle
-0.006,-0.020,1.032,0.446,-2.599,0.114,Idle
-0.005,-0.018,1.032,0.420,-2.599,0.114,Idle
-0.004,-0.019,1.031,0.394,-2.616,0.123,Idle
-0.006,-0.020,1.032,0.403,-2.616,0.140,Idle
-0.006,-0.020,1.032,0.394,-2.599,0.140,Idle
-0.004,-0.019,1.033,0.472,-2.581,0.192,Idle
-0.004,-0.019,1.032,0.411,-2.599,0.149,Idle
-0.004,-0.021,1.031,0.429,-2.634,0.149,Idle
-0.006,-0.020,1.032,0.446,-2.599,0.114,Idle
-0.005,-0.019,1.032,0.446,-2.599,0.114,Idle
-0.005,-0.019,1.031,0.411,-2.634,0.114,Idle
-0.005,-0.020,1.031,0.429,-2.581,0.123,Idle
-0.005,-0.019,1.031,0.403,-2.590,0.166,Idle
-0.005,-0.019,1.032,0.385,-2.608,0.149,Idle
-0.006,-0.019,1.032,0.394,-2.581,0.157,Idle
-0.004,-0.020,1.030,0.420,-2.616,0.157,Idle
-0.004,-0.019,1.031,0.429,-2.642,0.157,Idle
-0.005,-0.018,1.030,0.403,-2.599,0.131,Idle
-0.005,-0.019,1.031,0.403,-2.625,0.149,Idle
-0.005,-0.020,1.033,0.411,-2.634,0.114,Idle
-0.004,-0.018,1.032,0.411,-2.590,0.114,Idle
-0.004,-0.018,1.032,0.429,-2.599,0.131,Idle
-0.006,-0.021,1.033,0.429,-2.651,0.149,Idle
-0.007,-0.021,1.032,0.403,-2.590,0.131,Idle
-0.004,-0.019,1.032,0.403,-2.616,0.123,Idle
-0.002,-0.018,1.032,0.403,-2.616,0.123,Idle
-0.007,-0.021,1.031,0.499,-2.581,0.149,Idle
-0.006,-0.019,1.032,0.420,-2.572,0.131,Idle
-0.003,-0.018,1.032,0.368,-2.634,0.166,Idle
-0.005,-0.019,1.032,0.464,-2.616,0.131,Idle
-0.007,-0.020,1.033,0.472,-2.608,0.114,Idle
-0.005,-0.019,1.032,0.420,-2.651,0.175,Idle
-0.003,-0.019,1.032,0.429,-2.608,0.228,Idle
-0.005,-0.020,1.033,0.438,-2.660,0.131,Idle
-0.006,-0.020,1.032,0.438,-2.590,0.140,Idle
-0.004,-0.019,1.032,0.394,-2.642,0.087,Idle
-0.005,-0.019,1.033,0.411,-2.599,0.175,Idle
-0.006,-0.020,1.032,0.420,-2.634,0.114,Idle
-0.005,-0.019,1.033,0.394,-2.616,0.157,Idle
-0.004,-0.019,1.032,0.429,-2.625,0.166,Idle
-0.005,-0.019,1.033,0.455,-2.616,0.157,Idle
-0.006,-0.019,1.032,0.420,-2.564,0.140,Idle
-0.005,-0.020,1.032,0.420,-2.608,0.140,Idle
-0.006,-0.019,1.032,0.455,-2.608,0.166,Idle
-0.005,-0.019,1.032,0.446,-2.599,0.105,Idle
-0.005,-0.019,1.032,0.420,-2.581,0.123,Idle
-0.004,-0.018,1.034,0.429,-2.599,0.131,Idle
-0.005,-0.019,1.036,0.394,-2.625,0.123,Idle
-0.005,-0.020,1.032,0.368,-2.608,0.105,Idle
-0.006,-0.020,1.032,0.455,-2.616,0.105,Idle
-0.005,-0.019,1.032,0.411,-2.642,0.140,Idle
-0.004,-0.018,1.032,0.438,-2.599,0.087,Idle
-0.004,-0.020,1.032,0.394,-2.616,0.131,Idle
-0.004,-0.018,1.032,0.411,-2.581,0.149,Idle
-0.005,-0.019,1.031,0.420,-2.608,0.123,Idle
-0.005,-0.019,1.031,0.438,-2.678,0.157,Idle
-0.005,-0.019,1.031,0.455,-2.616,0.105,Idle
-0.004,-0.019,1.033,0.464,-2.625,0.157,Idle
-0.005,-0.020,1.031,0.420,-2.616,0.114,Idle
-0.005,-0.020,1.035,0.420,-2.608,0.140,Idle
-0.005,-0.021,1.031,0.394,-2.590,0.131,Idle
-0.006,-0.021,1.033,0.411,-2.634,0.096,Idle
-0.005,-0.021,1.033,0.411,-2.616,0.157,Idle
-0.004,-0.017,1.034,0.403,-2.581,0.131,Idle
-0.005,-0.021,1.031,0.438,-2.616,0.140,Idle
-0.005,-0.019,1.031,0.429,-2.634,0.157,Idle
-0.004,-0.018,1.032,0.420,-2.634,0.114,Idle
-0.005,-0.018,1.032,0.429,-2.572,0.123,Idle
-0.005,-0.020,1.033,0.411,-2.642,0.175,Idle
-0.005,-0.020,1.032,0.420,-2.642,0.157,Idle
-0.004,-0.019,1.032,0.446,-2.642,0.131,Idle
-0.006,-0.019,1.031,0.376,-2.651,0.149,Idle
-0.006,-0.020,1.032,0.438,-2.608,0.123,Idle
-0.004,-0.020,1.032,0.420,-2.581,0.157,Idle
-0.004,-0.018,1.031,0.429,-2.660,0.175,Idle
-0.006,-0.021,1.031,0.420,-2.555,0.157,Idle
-0.006,-0.020,1.033,0.420,-2.599,0.105,Idle
-0.003,-0.017,1.031,0.394,-2.599,0.123,Idle
-0.004,-0.019,1.032,0.394,-2.608,0.131,Idle
-0.007,-0.020,1.032,0.368,-2.642,0.149,Idle
-0.004,-0.019,1.031,0.411,-2.572,0.131,Idle
-0.005,-0.019,1.033,0.464,-2.616,0.131,Idle
-0.004,-0.019,1.032,0.394,-2.608,0.131,Idle
-0.007,-0.019,1.034,0.420,-2.590,0.131,Idle
-0.005,-0.020,1.032,0.411,-2.555,0.105,Idle
-0.004,-0.020,1.032,0.394,-2.634,0.114,Idle
-0.006,-0.019,1.033,0.385,-2.642,0.140,Idle
-0.005,-0.018,1.032,0.420,-2.590,0.149,Idle
-0.005,-0.019,1.032,0.394,-2.625,0.140,Idle
-0.005,-0.019,1.031,0.446,-2.616,0.157,Idle
-0.006,-0.021,1.032,0.438,-2.642,0.131,Idle
-0.004,-0.017,1.032,0.429,-2.590,0.131,Idle
-0.004,-0.019,1.031,0.446,-2.599,0.123,Idle
-0.006,-0.020,1.032,0.420,-2.634,0.131,Idle
-0.006,-0.019,1.032,0.411,-2.590,0.157,Idle
-0.004,-0.018,1.032,0.403,-2.634,0.123,Idle
-0.004,-0.018,1.033,0.385,-2.608,0.131,Idle
-0.005,-0.020,1.032,0.403,-2.625,0.087,Idle
-0.004,-0.019,1.032,0.350,-2.616,0.087,Idle
-0.005,-0.020,1.033,0.341,-2.616,0.140,Idle
-0.005,-0.021,1.032,0.411,-2.625,0.131,Idle
-0.006,-0.019,1.032,0.376,-2.660,0.149,Idle
-0.005,-0.020,1.032,0.429,-2.634,0.123,Idle
-0.005,-0.019,1.032,0.394,-2.625,0.105,Idle
-0.005,-0.018,1.032,0.455,-2.572,0.140,Idle
-0.005,-0.020,1.032,0.394,-2.634,0.123,Idle
-0.005,-0.020,1.032,0.420,-2.590,0.114,Idle
-0.004,-0.019,1.033,0.385,-2.590,0.114,Idle
-0.005,-0.019,1.033,0.464,-2.660,0.114,Idle
-0.004,-0.018,1.032,0.420,-2.608,0.175,Idle
-0.005,-0.019,1.033,0.429,-2.608,0.131,Idle
-0.005,-0.018,1.032,0.385,-2.616,0.123,Idle
-0.004,-0.019,1.032,0.394,-2.625,0.123,Idle
-0.005,-0.019,1.032,0.429,-2.642,0.123,Idle
-0.005,-0.018,1.030,0.368,-2.634,0.114,Idle
-0.005,-0.019,1.033,0.446,-2.590,0.140,Idle
-0.004,-0.017,1.034,0.394,-2.590,0.131,Idle
-0.005,-0.021,1.035,0.438,-2.599,0.131,Idle
-0.005,-0.022,1.035,0.403,-2.599,0.157,Idle
-0.005,-0.020,1.036,0.429,-2.616,0.157,Idle
-0.005,-0.016,1.032,0.411,-2.590,0.123,Idle
-0.009,-0.024,1.034,0.411,-2.634,0.131,Idle
-0.005,-0.021,1.033,0.429,-2.590,0.149,Idle
-0.004,-0.018,1.033,0.403,-2.625,0.114,Idle
-0.005,-0.020,1.033,0.429,-2.642,0.123,Idle
-0.006,-0.020,1.032,0.376,-2.616,0.140,Idle
-0.005,-0.019,1.034,0.385,-2.634,0.096,Idle
-0.004,-0.019,1.032,0.420,-2.616,0.157,Idle
-0.005,-0.020,1.032,0.429,-2.581,0.149,Idle
-0.005,-0.019,1.031,0.411,-2.590,0.140,Idle
-0.005,-0.020,1.033,0.464,-2.590,0.131,Idle
-0.004,-0.020,1.032,0.411,-2.616,0.149,Idle
-0.005,-0.019,1.031,0.420,-2.590,0.149,Idle
-0.004,-0.019,1.033,0.438,-2.625,0.149,Idle
-0.005,-0.019,1.032,0.438,-2.599,0.131,Idle
-0.004,-0.019,1.031,0.420,-2.625,0.140,Idle
-0.005,-0.022,1.037,0.359,-2.625,0.123,Idle
-0.006,-0.018,1.030,0.438,-2.599,0.175,Idle
-0.003,-0.020,1.033,0.403,-2.608,0.114,Idle
-0.007,-0.021,1.033,0.438,-2.581,0.131,Idle
-0.005,-0.019,1.033,0.429,-2.625,0.131,Idle
-0.004,-0.020,1.032,0.464,-2.599,0.087,Idle
-0.005,-0.020,1.031,0.394,-2.616,0.140,Idle
-0.006,-0.019,1.033,0.420,-2.608,0.131,Idle
-0.002,-0.018,1.032,0.385,-2.564,0.105,Idle
-0.005,-0.020,1.033,0.438,-2.616,0.123,Idle
-0.006,-0.020,1.033,0.411,-2.608,0.123,Idle
-0.005,-0.021,1.032,0.438,-2.616,0.123,Idle
-0.005,-0.019,1.032,0.403,-2.581,0.131,Idle
-0.004,-0.020,1.032,0.420,-2.642,0.166,Idle
-0.006,-0.019,1.032,0.403,-2.608,0.140,Idle
-0.005,-0.020,1.032,0.403,-2.599,0.157,Idle
-0.005,-0.019,1.032,0.376,-2.608,0.157,Idle
-0.006,-0.019,1.032,0.394,-2.625,0.114,Idle
-0.004,-0.019,1.033,0.420,-2.651,0.157,Idle
-0.005,-0.018,1.032,0.403,-2.616,0.140,Idle
-0.003,-0.019,1.033,0.394,-2.590,0.131,Idle
-0.004,-0.020,1.032,0.376,-2.590,0.105,Idle
-0.005,-0.019,1.032,0.446,-2.590,0.149,Idle
-0.005,-0.019,1.032,0.429,-2.634,0.096,Idle
-0.005,-0.018,1.032,0.429,-2.572,0.149,Idle
-0.006,-0.019,1.031,0.446,-2.599,0.140,Idle
-0.005,-0.019,1.033,0.411,-2.599,0.131,Idle
-0.005,-0.020,1.033,0.420,-2.634,0.149,Idle
-0.004,-0.018,1.032,0.438,-2.625,0.149,Idle
-0.005,-0.020,1.033,0.464,-2.616,0.123,Idle
-0.006,-0.020,1.033,0.429,-2.642,0.131,Idle
-0.005,-0.020,1.032,0.411,-2.625,0.114,Idle
-0.005,-0.018,1.032,0.394,-2.616,0.140,Idle
-0.005,-0.019,1.032,0.394,-2.616,0.149,Idle
-0.006,-0.020,1.032,0.429,-2.581,0.105,Idle
-0.004,-0.019,1.033,0.446,-2.660,0.131,Idle
-0.004,-0.019,1.032,0.420,-2.625,0.131,Idle
-0.006,-0.020,1.032,0.420,-2.608,0.123,Idle
-0.006,-0.020,1.033,0.359,-2.555,0.149,Idle
-0.004,-0.019,1.032,0.376,-2.572,0.140,Idle
-0.007,-0.021,1.033,0.446,-2.634,0.131,Idle
-0.005,-0.020,1.032,0.411,-2.581,0.175,Idle
-0.003,-0.018,1.033,0.368,-2.642,0.175,Idle
-0.005,-0.020,1.032,0.420,-2.581,0.140,Idle
-0.005,-0.020,1.032,0.411,-2.616,0.157,Idle
-0.004,-0.019,1.032,0.446,-2.616,0.131,Idle
-0.004,-0.018,1.032,0.385,-2.660,0.105,Idle
-0.006,-0.020,1.031,0.429,-2.590,0.166,Idle
-0.004,-0.019,1.033,0.403,-2.642,0.149,Idle
-0.004,-0.017,1.031,0.455,-2.581,0.140,Idle
-0.006,-0.020,1.032,0.403,-2.564,0.096,Idle
-0.007,-0.020,1.033,0.438,-2.599,0.123,Idle
-0.004,-0.018,1.032,0.438,-2.555,0.157,Idle
-0.004,-0.019,1.033,0.368,-2.651,0.166,Idle
-0.007,-0.019,1.033,0.429,-2.634,0.105,Idle
-0.006,-0.018,1.032,0.464,-2.572,0.175,Idle
-0.003,-0.019,1.033,0.385,-2.616,0.149,Idle
-0.006,-0.020,1.032,0.438,-2.634,0.123,Idle
-0.005,-0.020,1.033,0.376,-2.616,0.140,Idle
-0.004,-0.020,1.032,0.403,-2.634,0.105,Idle
-0.004,-0.019,1.032,0.420,-2.634,0.123,Idle
-0.006,-0.020,1.033,0.359,-2.608,0.175,Idle
-0.005,-0.019,1.033,0.420,-2.634,0.123,Idle
-0.004,-0.017,1.032,0.403,-2.651,0.123,Idle
-0.004,-0.020,1.032,0.394,-2.642,0.131,Idle
-0.006,-0.020,1.033,0.464,-2.599,0.140,Idle
-0.004,-0.019,1.032,0.403,-2.634,0.131,Idle
-0.004,-0.019,1.032,0.403,-2.590,0.105,Idle
-0.005,-0.019,1.031,0.420,-2.581,0.114,Idle
-0.006,-0.020,1.032,0.394,-2.625,0.175,Idle
-0.003,-0.018,1.031,0.394,-2.599,0.149,Idle
-0.004,-0.018,1.032,0.394,-2.608,0.131,Idle
-0.007,-0.020,1.033,0.403,-2.599,0.131,Idle
-0.005,-0.019,1.032,0.420,-2.581,0.149,Idle
-0.003,-0.018,1.031,0.411,-2.590,0.123,Idle
-0.006,-0.020,1.032,0.394,-2.634,0.096,Idle
-0.006,-0.021,1.032,0.394,-2.625,0.149,Idle
-0.004,-0.019,1.031,0.403,-2.572,0.149,Idle
-0.004,-0.019,1.031,0.394,-2.616,0.131,Idle
-0.006,-0.019,1.032,0.403,-2.581,0.123,Idle
-0.003,-0.018,1.032,0.438,-2.608,0.140,Idle
-0.005,-0.020,1.032,0.438,-2.625,0.105,Idle
-0.006,-0.020,1.032,0.446,-2.590,0.131,Idle
-0.005,-0.019,1.032,0.420,-2.634,0.157,Idle
-0.006,-0.019,1.032,0.420,-2.590,0.131,Idle
-0.006,-0.019,1.031,0.438,-2.625,0.123,Idle
-0.004,-0.019,1.032,0.411,-2.634,0.140,Idle
-0.003,-0.018,1.032,0.411,-2.642,0.123,Idle
-0.006,-0.020,1.032,0.411,-2.581,0.131,Idle
-0.007,-0.020,1.032,0.411,-2.590,0.166,Idle
-0.002,-0.019,1.032,0.420,-2.599,0.105,Idle
-0.004,-0.018,1.032,0.411,-2.608,0.140,Idle
-0.005,-0.019,1.032,0.420,-2.625,0.149,Idle
-0.007,-0.020,1.032,0.420,-2.634,0.149,Idle
-0.004,-0.019,1.032,0.446,-2.634,0.123,Idle
-0.004,-0.018,1.033,0.429,-2.625,0.175,Idle
-0.005,-0.020,1.033,0.455,-2.599,0.149,Idle
-0.006,-0.020,1.032,0.446,-2.625,0.131,Idle
-0.004,-0.019,1.032,0.429,-2.634,0.140,Idle
-0.004,-0.018,1.032,0.403,-2.616,0.123,Idle
-0.004,-0.019,1.031,0.420,-2.581,0.131,Idle
-0.006,-0.021,1.032,0.411,-2.616,0.140,Idle
-0.005,-0.019,1.032,0.385,-2.590,0.201,Idle
-0.005,-0.018,1.032,0.455,-2.642,0.114,Idle
-0.005,-0.020,1.032,0.446,-2.581,0.114,Idle
-0.005,-0.019,1.031,0.403,-2.599,0.157,Idle
-0.004,-0.018,1.032,0.403,-2.634,0.140,Idle
-0.005,-0.019,1.033,0.429,-2.590,0.131,Idle
-0.006,-0.020,1.031,0.411,-2.634,0.140,Idle
-0.005,-0.019,1.032,0.359,-2.634,0.114,Idle
-0.005,-0.020,1.032,0.376,-2.564,0.114,Idle
-0.005,-0.020,1.032,0.455,-2.625,0.157,Idle
-0.004,-0.020,1.033,0.376,-2.625,0.123,Idle
-0.004,-0.019,1.033,0.420,-2.599,0.123,Idle
-0.005,-0.019,1.032,0.403,-2.608,0.096,Idle
-0.006,-0.020,1.032,0.394,-2.634,0.114,Idle
-0.005,-0.018,1.033,0.420,-2.581,0.131,Idle
-0.004,-0.019,1.032,0.446,-2.634,0.096,Idle
-0.005,-0.020,1.033,0.411,-2.590,0.131,Idle
-0.005,-0.019,1.032,0.446,-2.625,0.123,Idle
-0.004,-0.018,1.031,0.411,-2.616,0.131,Idle
-0.005,-0.020,1.032,0.394,-2.642,0.114,Idle
-0.006,-0.021,1.032,0.403,-2.651,0.123,Idle
-0.004,-0.019,1.032,0.385,-2.608,0.123,Idle
-0.004,-0.018,1.032,0.429,-2.642,0.114,Idle
-0.006,-0.021,1.032,0.464,-2.599,0.140,Idle
-0.006,-0.021,1.032,0.385,-2.590,0.149,Idle
-0.004,-0.018,1.032,0.403,-2.651,0.157,Idle
-0.005,-0.019,1.032,0.438,-2.616,0.131,Idle
-0.006,-0.020,1.033,0.429,-2.599,0.131,Idle
-0.003,-0.019,1.032,0.420,-2.616,0.096,Idle
-0.004,-0.019,1.032,0.429,-2.590,0.140,Idle
-0.005,-0.020,1.032,0.464,-2.625,0.123,Idle
-0.004,-0.019,1.032,0.446,-2.608,0.114,Idle
-0.004,-0.019,1.032,0.411,-2.599,0.114,Idle
-0.005,-0.020,1.031,0.420,-2.608,0.157,Idle
-0.006,-0.020,1.033,0.420,-2.599,0.131,Idle
-0.005,-0.020,1.033,0.411,-2.608,0.149,Idle
-0.009,-0.025,1.035,0.438,-2.651,0.114,Idle
-0.000,-0.017,1.031,0.324,-2.555,0.166,Idle
-0.002,-0.017,1.031,0.420,-2.608,0.140,Idle
-0.011,-0.024,1.032,0.438,-2.581,0.140,Idle
-0.007,-0.020,1.032,0.429,-2.616,0.157,Idle
-0.001,-0.017,1.031,0.429,-2.572,0.131,Idle
-0.008,-0.022,1.032,0.455,-2.616,0.149,Idle
-0.004,-0.019,1.032,0.464,-2.599,0.131,Idle
-0.002,-0.017,1.032,0.403,-2.572,0.184,Idle
-0.005,-0.018,1.031,0.472,-2.599,0.149,Idle
-0.007,-0.021,1.032,0.420,-2.608,0.157,Idle
-0.005,-0.018,1.034,0.446,-2.625,0.157,Idle
-0.004,-0.018,1.033,0.403,-2.581,0.149,Idle
-0.005,-0.020,1.033,0.438,-2.642,0.131,Idle
-0.005,-0.020,1.032,0.411,-2.599,0.131,Idle
-0.004,-0.018,1.033,0.446,-2.642,0.157,Idle
-0.005,-0.019,1.033,0.438,-2.625,0.140,Idle
-0.005,-0.019,1.033,0.429,-2.634,0.131,Idle
-0.005,-0.019,1.033,0.455,-2.642,0.079,Idle
-0.006,-0.019,1.032,0.490,-2.642,0.123,Idle
-0.005,-0.019,1.032,0.438,-2.678,0.131,Idle
-0.004,-0.018,1.032,0.472,-2.590,0.166,Idle
-0.005,-0.019,1.032,0.403,-2.581,0.140,Idle
-0.005,-0.019,1.032,0.472,-2.634,0.131,Idle
-0.004,-0.018,1.032,0.420,-2.642,0.123,Idle
-0.006,-0.019,1.038,0.429,-2.590,0.123,Idle
-0.006,-0.021,1.037,0.411,-2.590,0.105,Idle
-0.003,-0.020,1.035,0.446,-2.599,0.131,Idle
-0.004,-0.019,1.032,0.411,-2.634,0.114,Idle
-0.005,-0.019,1.032,0.438,-2.616,0.131,Idle
-0.004,-0.019,1.034,0.420,-2.634,0.114,Idle
-0.004,-0.018,1.033,0.350,-2.590,0.140,Idle
-0.007,-0.018,1.035,0.438,-2.608,0.131,Idle
-0.007,-0.022,1.038,0.455,-2.599,0.114,Idle
-0.004,-0.019,1.033,0.411,-2.599,0.149,Idle
-0.005,-0.021,1.035,0.394,-2.669,0.140,Idle
-0.004,-0.020,1.031,0.455,-2.572,0.114,Idle
-0.006,-0.019,1.032,0.429,-2.608,0.131,Idle
-0.005,-0.020,1.032,0.403,-2.642,0.123,Idle
-0.004,-0.018,1.032,0.368,-2.660,0.105,Idle
-0.006,-0.020,1.032,0.403,-2.625,0.140,Idle
-0.006,-0.020,1.031,0.429,-2.590,0.131,Idle
-0.004,-0.019,1.032,0.376,-2.608,0.114,Idle
-0.005,-0.020,1.032,0.394,-2.634,0.149,Idle
-0.006,-0.020,1.032,0.438,-2.599,0.131,Idle
-0.004,-0.019,1.033,0.411,-2.599,0.105,Idle
-0.005,-0.019,1.033,0.411,-2.616,0.114,Idle
-0.006,-0.020,1.033,0.429,-2.625,0.131,Idle
-0.006,-0.020,1.033,0.429,-2.634,0.123,Idle
-0.005,-0.020,1.032,0.411,-2.616,0.114,Idle
-0.004,-0.019,1.032,0.455,-2.625,0.123,Idle
-0.006,-0.021,1.031,0.403,-2.590,0.105,Idle
-0.008,-0.019,1.030,0.403,-2.590,0.114,Idle
-0.002,-0.023,1.033,0.438,-2.590,0.123,Idle
-0.007,-0.022,1.037,0.420,-2.608,0.149,Idle
-0.006,-0.020,1.034,0.429,-2.651,0.087,Idle
-0.002,-0.017,1.032,0.403,-2.616,0.157,Idle
-0.004,-0.018,1.032,0.464,-2.616,0.166,Idle
-0.006,-0.020,1.033,0.438,-2.608,0.131,Idle
-0.003,-0.020,1.033,0.376,-2.590,0.184,Idle
-0.003,-0.019,1.032,0.403,-2.590,0.166,Idle
-0.005,-0.020,1.032,0.385,-2.608,0.131,Idle
-0.005,-0.020,1.033,0.446,-2.581,0.140,Idle
-0.004,-0.019,1.033,0.385,-2.625,0.140,Idle
-0.002,-0.017,1.032,0.376,-2.616,0.149,Idle
0.001,-0.015,1.032,0.490,-2.660,0.822,Idle
-0.002,-0.012,1.037,0.105,-2.861,-2.432,Idle
-0.016,-0.027,1.031,0.333,-2.660,1.225,Idle
-0.001,-0.017,1.033,0.420,-2.625,0.586,Idle
-0.017,-0.025,1.030,0.087,-2.537,1.575,Idle
-0.004,-0.020,1.033,0.315,-2.581,0.341,Idle
-0.005,-0.020,1.033,0.403,-2.608,0.368,Idle
-0.008,-0.022,1.032,0.394,-2.642,0.464,Idle
-0.005,-0.020,1.032,0.411,-2.642,0.341,Idle
-0.003,-0.018,1.032,0.429,-2.625,0.192,Idle
-0.007,-0.021,1.032,0.394,-2.581,0.123,Idle
-0.006,-0.020,1.033,0.376,-2.625,0.131,Idle
-0.003,-0.018,1.032,0.429,-2.642,0.140,Idle
-0.007,-0.020,1.033,0.411,-2.599,0.149,Idle
-0.004,-0.020,1.033,0.411,-2.625,0.114,Idle
-0.005,-0.017,1.037,0.420,-2.634,0.149,Idle
-0.005,-0.021,1.040,0.455,-2.608,0.131,Idle
-0.006,-0.022,1.041,0.411,-2.616,0.140,Idle
-0.004,-0.022,1.038,0.481,-2.616,0.149,Idle
-0.003,-0.018,1.033,0.472,-2.599,0.149,Idle
-0.005,-0.019,1.035,0.455,-2.608,0.149,Idle
-0.004,-0.018,1.035,0.438,-2.572,0.157,Idle
-0.003,-0.020,1.033,0.420,-2.590,0.175,Idle
-0.005,-0.020,1.031,0.464,-2.608,0.114,Idle
-0.006,-0.020,1.032,0.429,-2.616,0.114,Idle
-0.005,-0.019,1.034,0.446,-2.669,0.131,Idle
-0.005,-0.020,1.034,0.464,-2.608,0.114,Idle
-0.006,-0.019,1.033,0.455,-2.616,0.140,Idle
-0.005,-0.021,1.032,0.403,-2.616,0.114,Idle
-0.003,-0.020,1.034,0.394,-2.608,0.140,Idle
-0.005,-0.020,1.031,0.438,-2.608,0.149,Idle
-0.005,-0.019,1.034,0.385,-2.616,0.131,Idle
-0.006,-0.019,1.033,0.403,-2.651,0.157,Idle
-0.004,-0.019,1.032,0.446,-2.642,0.157,Idle
-0.004,-0.020,1.032,0.368,-2.634,0.192,Idle
-0.005,-0.020,1.032,0.446,-2.608,0.131,Idle
-0.004,-0.019,1.032,0.420,-2.616,0.149,Idle
-0.005,-0.018,1.030,0.376,-2.625,0.123,Idle
-0.002,-0.019,1.026,0.368,-2.616,0.149,Idle
-0.007,-0.021,1.039,0.438,-2.625,0.166,Idle
-0.005,-0.018,1.034,0.376,-2.590,0.175,Idle
-0.003,-0.017,1.032,0.429,-2.634,0.149,Idle
-0.004,-0.021,1.032,0.420,-2.590,0.149,Idle
-0.006,-0.020,1.033,0.394,-2.608,0.131,Idle
-0.006,-0.018,1.034,0.411,-2.660,0.140,Idle
-0.004,-0.020,1.032,0.403,-2.625,0.149,Idle
-0.006,-0.020,1.032,0.420,-2.599,0.140,Idle
-0.006,-0.020,1.033,0.403,-2.616,0.184,Idle
-0.005,-0.019,1.032,0.420,-2.599,0.105,Idle
-0.004,-0.019,1.032,0.429,-2.590,0.149,Idle
-0.004,-0.019,1.032,0.403,-2.564,0.149,Idle
-0.005,-0.019,1.032,0.420,-2.625,0.166,Idle
-0.004,-0.019,1.030,0.420,-2.651,0.157,Idle
-0.008,-0.018,1.028,0.368,-2.651,0.149,Idle
-0.009,-0.017,1.030,0.464,-2.590,0.114,Idle
-0.002,-0.019,1.034,0.429,-2.625,0.175,Idle
-0.005,-0.022,1.032,0.411,-2.590,0.140,Idle
-0.005,-0.021,1.031,0.394,-2.625,0.149,Idle
-0.005,-0.019,1.031,0.376,-2.616,0.096,Idle
-0.004,-0.020,1.033,0.394,-2.616,0.123,Idle
-0.007,-0.022,1.037,0.438,-2.625,0.140,Idle
-0.005,-0.020,1.036,0.403,-2.651,0.123,Idle
-0.004,-0.019,1.032,0.429,-2.608,0.149,Idle
-0.003,-0.020,1.033,0.411,-2.634,0.096,Idle
-0.001,-0.018,1.034,0.411,-2.581,0.105,Idle
-0.004,-0.017,1.033,0.411,-2.590,0.114,Idle
-0.005,-0.019,1.031,0.359,-2.564,0.166,Idle
-0.005,-0.020,1.031,0.403,-2.572,0.149,Idle
-0.005,-0.019,1.032,0.420,-2.616,0.140,Idle
-0.004,-0.019,1.033,0.438,-2.660,0.105,Idle
-0.005,-0.019,1.033,0.446,-2.634,0.140,Idle
-0.005,-0.020,1.031,0.446,-2.608,0.175,Idle
-0.005,-0.019,1.032,0.455,-2.555,0.175,Idle
-0.005,-0.019,1.033,0.411,-2.625,0.123,Idle
-0.005,-0.019,1.033,0.464,-2.660,0.123,Idle
-0.005,-0.020,1.031,0.420,-2.669,0.123,Idle
-0.005,-0.019,1.032,0.411,-2.634,0.123,Idle
-0.004,-0.020,1.032,0.411,-2.625,0.140,Idle
-0.004,-0.019,1.033,0.420,-2.590,0.131,Idle
-0.005,-0.019,1.032,0.464,-2.660,0.149,Idle
-0.005,-0.020,1.032,0.429,-2.642,0.140,Idle
-0.005,-0.020,1.032,0.376,-2.572,0.140,Idle
-0.005,-0.019,1.032,0.403,-2.634,0.123,Idle
-0.005,-0.020,1.032,0.411,-2.642,0.114,Idle
-0.006,-0.020,1.032,0.411,-2.642,0.184,Idle
-0.004,-0.019,1.032,0.429,-2.642,0.105,Idle
-0.004,-0.020,1.031,0.420,-2.625,0.096,Idle
-0.005,-0.018,1.032,0.420,-2.616,0.140,Idle
-0.005,-0.019,1.032,0.429,-2.616,0.105,Idle
-0.005,-0.020,1.033,0.455,-2.616,0.114,Idle
-0.004,-0.018,1.033,0.385,-2.616,0.114,Idle
-0.005,-0.019,1.033,0.455,-2.625,0.105,Idle
-0.004,-0.019,1.033,0.420,-2.608,0.140,Idle
-0.004,-0.020,1.032,0.446,-2.599,0.131,Idle
-0.005,-0.020,1.032,0.403,-2.608,0.131,Idle
-0.005,-0.019,1.032,0.411,-2.590,0.157,Idle
-0.004,-0.019,1.032,0.368,-2.642,0.114,Idle
-0.005,-0.019,1.032,0.429,-2.625,0.123,Idle
-0.005,-0.020,1.031,0.403,-2.634,0.175,Idle
-0.005,-0.019,1.033,0.411,-2.616,0.131,Idle
-0.005,-0.020,1.032,0.403,-2.642,0.157,Idle
-0.005,-0.018,1.033,0.472,-2.634,0.114,Idle
-0.005,-0.021,1.032,0.394,-2.634,0.140,Idle
-0.005,-0.019,1.032,0.411,-2.599,0.114,Idle
-0.004,-0.019,1.032,0.420,-2.590,0.140,Idle
-0.005,-0.020,1.032,0.403,-2.572,0.149,Idle
-0.004,-0.019,1.034,0.376,-2.625,0.131,Idle
-0.003,-0.019,1.032,0.420,-2.616,0.131,Idle
-0.004,-0.019,1.034,0.403,-2.599,0.131,Idle
-0.005,-0.019,1.033,0.429,-2.608,0.131,Idle
-0.005,-0.019,1.032,0.455,-2.651,0.157,Idle
-0.006,-0.019,1.032,0.446,-2.608,0.114,Idle
-0.005,-0.019,1.031,0.429,-2.625,0.131,Idle
-0.005,-0.020,1.032,0.385,-2.608,0.140,Idle
-0.005,-0.020,1.033,0.420,-2.625,0.123,Idle
-0.004,-0.019,1.033,0.403,-2.599,0.123,Idle
-0.005,-0.019,1.032,0.394,-2.625,0.105,Idle
-0.004,-0.019,1.033,0.403,-2.608,0.105,Idle
-0.004,-0.020,1.033,0.446,-2.608,0.123,Idle
-0.002,-0.018,1.033,0.394,-2.642,0.131,Idle
-0.005,-0.019,1.031,0.420,-2.616,0.114,Idle
-0.004,-0.020,1.032,0.438,-2.660,0.105,Idle
-0.004,-0.019,1.032,0.385,-2.564,0.123,Idle
-0.005,-0.019,1.032,0.411,-2.608,0.114,Idle
-0.005,-0.020,1.032,0.411,-2.564,0.123,Idle
-0.004,-0.019,1.032,0.394,-2.608,0.123,Idle
-0.004,-0.020,1.032,0.411,-2.634,0.149,Idle
-0.006,-0.020,1.031,0.429,-2.590,0.123,Idle
-0.004,-0.019,1.031,0.446,-2.634,0.131,Idle
-0.004,-0.019,1.033,0.403,-2.616,0.157,Idle
-0.005,-0.020,1.032,0.429,-2.634,0.131,Idle
-0.006,-0.020,1.033,0.429,-2.608,0.131,Idle
-0.003,-0.019,1.032,0.376,-2.590,0.114,Idle
-0.004,-0.018,1.033,0.472,-2.625,0.096,Idle
-0.005,-0.020,1.032,0.385,-2.599,0.149,Idle
-0.005,-0.019,1.033,0.394,-2.581,0.131,Idle
-0.005,-0.019,1.032,0.385,-2.581,0.105,Idle
-0.005,-0.019,1.033,0.429,-2.651,0.140,Idle
-0.006,-0.020,1.031,0.368,-2.572,0.114,Idle
-0.004,-0.018,1.032,0.403,-2.608,0.123,Idle
-0.004,-0.019,1.032,0.429,-2.642,0.157,Idle
-0.006,-0.021,1.032,0.411,-2.651,0.149,Idle
-0.005,-0.020,1.031,0.385,-2.625,0.166,Idle
-0.004,-0.019,1.033,0.411,-2.608,0.140,Idle
-0.004,-0.019,1.033,0.359,-2.581,0.105,Idle
-0.007,-0.020,1.032,0.403,-2.642,0.123,Idle
0.000,-0.020,1.035,0.420,-2.608,0.149,Idle
-0.003,-0.016,1.031,0.411,-2.590,0.131,Idle
-0.006,-0.022,1.035,0.341,-2.625,0.140,Idle
-0.002,-0.018,1.032,0.420,-2.660,0.149,Pitch
-0.006,-0.020,1.032,0.438,-2.590,0.114,Pitch
-0.007,-0.023,1.033,0.394,-2.581,0.096,Pitch
-0.003,-0.018,1.033,0.429,-2.616,0.149,Pitch
-0.004,-0.019,1.033,0.403,-2.590,0.131,Pitch
-0.006,-0.022,1.032,0.403,-2.572,0.149,Pitch
-0.006,-0.020,1.031,0.403,-2.599,0.157,Pitch
-0.098,-0.722,0.715,-3.693,14.796,-1.426,Pitch
-0.103,-0.770,0.710,2.870,-0.656,8.575,Pitch
-0.105,-0.727,0.738,-10.150,-14.744,19.740,Pitch
-0.058,-0.571,0.515,27.440,-10.290,21.866,Pitch
-0.112,-0.515,0.639,69.037,-34.624,0.394,Pitch
-0.057,-0.620,0.567,59.868,-45.684,-14.359,Pitch
-0.017,-0.650,0.526,74.909,-43.461,-14.971,Pitch
-0.000,-0.496,0.433,149.520,-52.903,-3.237,Pitch
0.061,-0.438,0.408,283.535,-17.062,-14.892,Pitch
0.105,-0.114,0.446,286.685,1.234,-10.062,Pitch
-0.134,0.286,0.922,286.685,0.000,-27.020,Pitch
-0.199,0.412,1.687,286.685,27.615,-103.889,Pitch
-0.123,0.086,1.247,282.730,77.298,-114.984,Pitch
-0.163,0.024,0.520,-79.074,-60.121,74.200,Pitch
-0.536,1.461,1.941,-273.551,-219.345,114.091,Pitch
-0.144,0.339,1.999,-286.685,-51.844,22.820,Pitch
0.160,-0.053,1.685,-286.685,-23.310,33.757,Pitch
0.244,-0.306,1.187,-286.685,-51.861,64.724,Pitch
0.449,-0.157,0.365,-286.685,-47.653,97.650,Pitch
0.220,-0.324,-0.095,-286.685,45.316,111.562,Pitch
0.013,-1.147,-0.040,-286.685,138.574,91.683,Pitch
0.099,-0.630,-0.447,-86.214,146.764,37.511,Pitch
-0.477,-0.761,-0.228,145.049,71.522,-6.510,Pitch
-0.126,-0.441,-0.583,178.964,-25.909,-5.661,Pitch
-0.112,-0.478,-0.108,286.685,-123.051,-25.541,Pitch
0.238,-0.711,0.231,286.685,-119.499,-12.320,Pitch
0.065,-0.134,0.701,286.685,-47.303,10.579,Pitch
0.100,-0.120,0.906,286.685,-47.871,-7.927,Pitch
-0.042,-0.203,1.404,286.685,-31.106,-30.931,Pitch
0.061,-0.086,1.380,286.685,-20.580,-70.070,Pitch
-0.124,0.295,1.362,155.811,21.612,-71.418,Pitch
-0.214,0.484,1.669,-154.438,-22.942,-58.100,Pitch
-0.189,0.072,1.999,-286.685,-30.240,-53.191,Pitch
0.088,0.155,1.682,-286.685,-82.723,-20.396,Pitch
0.046,-0.133,0.670,-286.685,-120.111,84.647,Pitch
0.111,-0.753,-0.287,-286.685,60.655,45.395,Pitch
-0.056,-0.574,-0.327,-282.485,60.042,25.104,Pitch
0.050,-0.583,-0.870,-92.610,1.934,32.620,Pitch
0.003,-0.693,-0.278,-4.366,1.435,-9.861,Pitch
-0.204,-0.849,-0.310,140.770,-26.897,19.241,Pitch
-0.013,-0.676,-0.758,281.890,-20.860,28.910,Pitch
0.132,0.386,-0.274,286.685,-20.589,37.450,Pitch
0.218,0.055,0.676,286.685,-70.044,-40.338,Pitch
-0.042,0.173,1.645,286.685,-36.706,5.162,Pitch
0.132,0.061,1.612,286.685,-43.190,-0.394,Pitch
0.084,0.323,1.212,286.685,-69.353,-44.713,Pitch
0.050,0.281,1.220,271.635,-55.562,-39.760,Pitch
0.137,0.708,1.878,19.093,-8.531,-1.846,Pitch
0.049,0.689,1.871,-274.785,3.850,25.331,Pitch
0.129,0.505,1.999,-286.685,26.565,24.509,Pitch
0.283,0.655,1.941,-286.685,28.639,41.982,Pitch
0.176,0.048,0.828,-286.685,66.045,85.724,Pitch
0.089,0.182,0.330,-286.685,69.982,73.264,Pitch
-0.056,-0.549,-0.932,-286.685,45.736,35.840,Pitch
-0.064,-0.768,-1.031,-47.994,60.585,59.351,Pitch
-0.129,-0.720,-0.812,97.816,42.910,40.915,Pitch
-0.101,-0.583,-0.912,268.747,13.326,14.927,Pitch
0.114,-0.272,-0.981,286.685,-47.224,16.310,Pitch
0.174,0.321,0.258,286.685,-85.706,26.302,Pitch
0.294,0.722,0.938,286.685,-102.270,21.525,Pitch
-0.108,1.031,1.971,286.685,-32.112,20.396,Pitch
0.020,0.112,1.514,286.685,9.949,-36.978,Pitch
0.022,0.260,0.897,286.685,-40.792,-59.640,Pitch
0.005,1.454,1.637,35.298,-98.201,-23.004,Pitch
-0.042,1.350,1.815,-244.151,-73.054,-39.182,Pitch
-0.129,1.263,1.999,-286.685,-71.584,-54.224,Pitch
-0.130,1.177,1.881,-286.685,-148.348,15.181,Pitch
-0.102,0.829,1.168,-286.685,-159.784,18.130,Pitch
-0.095,1.018,0.464,-286.685,-122.920,42.700,Pitch
0.063,0.017,-0.705,-286.685,-76.405,15.767,Pitch
0.295,-1.208,-1.161,-286.545,-54.827,27.388,Pitch
0.161,-0.631,-0.521,-155.977,10.386,68.714,Pitch
-0.013,-0.399,-0.839,-78.137,-6.834,-4.620,Pitch
0.148,-1.009,-1.054,198.879,-1.619,-33.688,Pitch
0.169,-0.626,-1.046,286.685,36.706,-45.421,Pitch
0.243,0.727,-0.064,286.685,33.136,-14.761,Pitch
-0.006,1.074,0.372,286.685,-9.748,-40.618,Pitch
-0.254,1.779,1.999,286.685,50.776,-65.853,Pitch
0.293,-0.670,1.754,286.685,131.792,-136.666,Pitch
0.196,0.568,0.513,285.434,73.981,-50.785,Pitch
-0.052,1.311,1.564,79.310,61.092,-39.795,Pitch
-0.142,1.052,1.756,-218.908,72.590,-43.330,Pitch
-0.185,0.931,1.988,-286.685,-82.959,1.864,Pitch
-0.043,0.881,1.467,-286.685,-280.350,22.750,Pitch
0.017,0.393,1.088,-286.685,-286.685,51.581,Pitch
0.046,0.471,0.364,-286.685,-154.140,72.844,Pitch
-0.126,-0.090,-0.474,-286.685,-65.485,74.261,Pitch
0.436,-1.279,-1.404,-286.396,-71.400,112.026,Pitch
0.432,-1.053,-0.906,-165.454,-102.183,166.959,Pitch
0.052,-0.331,-0.904,-8.584,-67.147,104.160,Pitch
-0.093,-0.180,-1.198,255.929,56.271,64.234,Pitch
0.045,-0.728,-1.388,286.685,39.611,7.341,Pitch
0.156,0.374,0.111,286.685,-89.897,-46.384,Pitch
0.120,1.117,0.366,286.685,-181.921,-77.175,Pitch
0.091,1.404,1.999,286.685,32.847,-47.486,Pitch
0.335,-0.472,1.215,286.685,113.820,-40.609,Pitch
0.157,0.859,0.899,283.176,-22.776,-49.717,Pitch
-0.037,1.256,1.389,-13.729,-35.822,-49.779,Pitch
-0.073,1.517,1.980,-286.685,-66.544,-10.439,Pitch
-0.027,1.076,1.596,-286.685,-143.421,72.590,Pitch
0.089,0.842,0.886,-286.685,-145.626,125.309,Pitch
0.183,0.236,0.774,-286.685,-78.698,101.964,Pitch
0.034,0.416,-0.013,-286.685,-13.169,93.879,Pitch
0.152,-0.663,-1.442,-286.685,24.325,27.667,Pitch
0.361,-1.342,-1.035,-200.681,-26.591,132.274,Pitch
0.064,-0.871,-1.187,82.548,46.987,94.552,Pitch
-0.240,-0.691,-1.252,278.189,70.963,37.013,Pitch
0.230,-0.747,-1.184,286.685,61.451,-0.945,Pitch
0.322,0.387,-0.413,286.685,-136.640,10.701,Pitch
0.277,1.557,0.721,286.685,-204.916,-81.734,Pitch
-0.212,1.383,1.999,286.685,-51.984,-163.091,Pitch
0.409,-0.182,0.517,286.685,129.911,-87.544,Pitch
0.084,1.075,1.380,151.926,-8.610,-73.089,Pitch
-0.175,1.518,1.468,-191.223,52.561,-9.896,Pitch
-0.058,1.122,1.827,-286.685,-12.049,16.415,Pitch
0.015,0.850,1.629,-286.685,-137.848,79.266,Pitch
0.007,0.816,0.858,-286.685,-214.069,85.374,Pitch
0.038,0.284,0.237,-286.685,-98.683,70.175,Pitch
0.096,0.197,-0.327,-286.685,-50.540,42.018,Pitch
0.290,-0.943,-1.353,-286.685,-51.826,68.906,Pitch
0.448,-1.203,-1.110,-175.744,-36.278,107.537,Pitch
0.082,-0.769,-1.238,152.617,62.002,80.229,Pitch
-0.169,-0.868,-1.426,286.571,115.710,36.811,Pitch
0.264,-0.838,-1.560,286.685,96.827,-15.041,Pitch
0.108,1.519,-0.319,286.685,-89.469,4.025,Pitch
-0.136,1.980,1.704,286.685,-57.575,-69.309,Pitch
0.126,0.636,1.999,286.685,94.238,-99.496,Pitch
0.239,-0.028,-0.004,286.685,50.592,-92.768,Pitch
-0.100,1.300,1.615,28.901,-2.660,-86.424,Pitch
-0.205,1.304,1.448,-157.876,37.319,-23.739,Pitch
-0.095,0.994,1.717,-285.775,-13.318,14.131,Pitch
-0.101,1.383,1.482,-286.685,-152.014,36.601,Pitch
0.010,0.471,0.815,-286.685,-213.150,33.924,Pitch
0.024,0.635,-0.191,-286.685,-89.880,23.319,Pitch
0.069,0.020,-0.374,-286.685,-75.661,1.654,Pitch
0.389,-1.072,-1.553,-286.685,-186.375,57.706,Pitch
0.448,-1.424,-1.059,-136.605,-90.510,121.389,Pitch
0.003,-0.429,-1.190,95.375,67.804,43.811,Pitch
-0.014,-1.280,-1.676,286.685,101.518,-19.372,Pitch
0.353,-1.066,-1.821,286.685,88.882,9.424,Pitch
0.223,1.565,-0.377,286.685,-86.319,41.790,Pitch
-0.041,1.954,1.289,286.685,-51.310,-62.851,Pitch
0.431,-0.142,1.951,286.685,138.845,-144.952,Pitch
0.178,-0.059,-0.040,286.685,137.637,-58.100,Pitch
0.013,1.291,1.693,71.522,36.794,-48.414,Pitch
-0.166,1.473,1.438,-203.796,17.894,13.212,Pitch
0.017,0.740,1.716,-286.685,-110.031,57.496,Pitch
-0.049,1.180,1.472,-286.685,-208.827,112.577,Pitch
0.051,0.477,0.912,-286.685,-169.129,107.686,Pitch
0.073,0.390,0.200,-286.685,-39.882,74.130,Pitch
0.177,-0.301,-1.137,-286.685,-40.005,34.484,Pitch
0.297,-1.002,-1.395,-279.878,-108.246,147.901,Pitch
0.211,-0.831,-1.211,-110.976,-3.885,90.073,Pitch
-0.085,-0.436,-1.438,82.276,101.176,21.394,Pitch
-0.007,-1.250,-1.774,286.685,68.399,-25.996,Pitch
0.565,0.056,-0.844,286.685,41.571,18.226,Pitch
0.133,1.483,0.166,286.685,-144.244,2.118,Pitch
-0.059,1.623,1.986,286.685,-85.356,-148.557,Pitch
0.191,-0.359,1.311,286.685,265.606,-154.490,Pitch
0.078,0.584,0.861,267.006,22.558,-16.371,Pitch
-0.052,1.115,1.691,-102.725,-6.142,-58.800,Pitch
-0.131,1.163,1.604,-286.685,-95.830,32.839,Pitch
0.044,0.591,1.832,-286.685,-188.755,131.154,Pitch
0.151,1.000,1.366,-286.685,-165.515,126.140,Pitch
0.001,0.325,0.893,-286.685,-56.682,102.113,Pitch
0.187,-0.004,-0.385,-286.685,4.839,25.585,Pitch
0.285,-0.741,-1.764,-286.685,-52.868,23.756,Pitch
0.133,-0.469,-0.807,-283.867,-84.805,92.382,Pitch
0.049,-0.340,-1.386,-82.679,32.252,32.847,Pitch
0.056,-1.219,-1.973,286.685,129.299,2.485,Pitch
0.346,-0.517,-1.606,286.685,118.423,-47.609,Pitch
0.050,1.790,0.442,286.685,42.079,-3.474,Pitch
-0.116,1.773,1.895,286.685,76.738,-42.936,Pitch
-0.206,0.427,1.999,286.685,52.264,-48.685,Pitch
0.069,0.086,0.395,286.685,121.573,-61.827,Pitch
-0.091,1.107,1.594,-30.083,38.841,-59.684,Pitch
-0.216,1.118,1.725,-247.188,11.252,-40.390,Pitch
-0.158,0.903,1.780,-286.685,-141.321,38.054,Pitch
-0.136,1.264,1.447,-286.685,-244.633,89.985,Pitch
-0.032,0.838,0.329,-286.685,-107.686,40.609,Pitch
0.000,0.754,-0.573,-286.685,-92.444,13.396,Pitch
0.217,-0.475,-1.874,-286.685,-117.863,35.700,Pitch
0.207,-1.017,-1.398,-284.961,-106.076,85.925,Pitch
0.041,-0.667,-1.781,174.344,52.325,27.737,Pitch
0.050,-1.061,-1.750,286.685,75.014,-25.865,Pitch
0.351,-0.644,-1.570,286.685,91.936,-55.974,Pitch
0.115,1.633,0.405,286.685,70.630,-12.740,Pitch
-0.093,1.264,1.999,286.685,49.752,-53.524,Pitch
-0.043,-0.205,1.848,286.685,99.382,-52.719,Pitch
-0.044,0.007,0.123,286.685,176.628,-80.045,Pitch
0.002,0.949,1.385,153.773,75.084,-29.173,Pitch
-0.187,1.223,1.715,-245.569,-5.661,1.811,Pitch
-0.152,0.935,1.908,-286.685,-162.671,34.615,Pitch
-0.242,1.049,1.627,-286.685,-261.625,102.690,Pitch
0.179,0.873,1.087,-286.685,-140.551,101.885,Pitch
-0.168,0.560,-0.214,-286.685,-41.090,-4.130,Pitch
0.245,-0.373,-1.859,-286.685,-62.248,-17.640,Pitch
0.358,-1.104,-1.206,-213.299,-152.390,114.441,Pitch
0.174,-0.549,-0.989,-71.855,-20.983,41.344,Pitch
-0.048,-0.979,-1.559,280.726,134.960,23.599,Pitch
0.285,-0.583,-1.404,286.685,143.098,-21.254,Pitch
-0.080,1.670,0.582,286.685,0.691,-13.090,Pitch
-0.097,1.510,1.979,286.685,-62.064,-129.754,Pitch
-0.076,0.117,1.999,286.685,123.471,-107.599,Pitch
0.145,-0.190,-0.159,286.685,224.656,-11.760,Pitch
-0.038,0.952,1.466,-7.394,58.126,-11.113,Pitch
-0.222,0.956,1.700,-252.997,5.495,0.438,Pitch
-0.045,0.658,1.631,-286.685,-134.190,29.733,Pitch
-0.047,0.832,1.453,-286.685,-248.106,47.469,Pitch
-0.025,0.046,1.034,-286.685,-102.471,28.201,Pitch
-0.014,0.175,0.393,-286.685,-104.143,26.906,Pitch
0.281,-0.675,-1.299,-286.685,-116.480,53.891,Pitch
0.354,-0.970,-1.087,-219.021,-147.438,129.001,Pitch
0.004,-0.366,-1.219,52.474,37.441,65.511,Pitch
-0.171,-1.007,-1.832,286.685,128.923,-19.364,Pitch
0.188,-0.662,-1.126,286.685,132.029,-32.909,Pitch
0.047,1.579,0.485,286.685,67.253,-3.378,Pitch
0.101,1.151,1.999,286.685,-5.626,-67.533,Pitch
0.099,-0.562,1.400,286.685,218.575,-76.440,Pitch
0.207,0.169,0.705,283.456,93.581,62.842,Pitch
-0.146,1.275,1.647,-13.204,56.394,43.041,Pitch
-0.105,1.103,1.694,-268.266,-34.195,8.995,Pitch
-0.036,0.781,1.715,-286.685,-150.421,39.865,Pitch
-0.212,1.208,1.468,-286.685,-245.464,99.006,Pitch
0.386,-0.023,1.513,-286.685,-69.974,116.261,Pitch
-0.067,0.474,0.033,-286.685,-9.958,66.552,Pitch
0.217,-0.525,-1.336,-286.685,-38.824,68.556,Pitch
0.167,-0.894,-0.952,-282.511,-65.021,139.081,Pitch
0.057,-0.299,-0.907,-159.163,54.145,76.344,Pitch
-0.425,-1.051,-1.679,264.994,160.527,16.135,Pitch
0.261,-0.463,-1.443,286.685,95.077,-17.334,Pitch
0.138,1.278,0.409,286.685,-152.460,-1.715,Pitch
0.257,1.550,1.747,286.685,-189.744,-72.161,Pitch
-0.159,0.255,1.999,286.685,35.376,-115.990,Pitch
0.118,0.022,-0.238,286.685,140.193,-39.594,Pitch
0.091,0.626,1.764,-47.845,28.035,-20.475,Pitch
-0.191,1.174,1.784,-231.000,20.650,0.490,Pitch
-0.053,0.795,1.693,-286.685,-128.511,44.188,Pitch
-0.039,0.671,1.959,-286.685,-208.197,107.984,Pitch
0.450,0.356,1.342,-286.685,9.083,120.951,Pitch
0.020,0.443,0.264,-286.685,130.883,99.960,Pitch
-0.092,-0.195,-0.663,-286.685,142.966,60.445,Pitch
0.304,-0.799,-1.624,-280.210,26.968,88.130,Pitch
0.160,-0.931,-0.988,-151.148,-3.710,90.046,Pitch
-0.113,-0.822,-1.349,265.615,46.384,35.963,Pitch
0.081,-0.580,-1.639,286.685,40.110,25.235,Pitch
0.305,0.710,-0.356,286.685,-102.559,47.784,Pitch
0.111,1.292,1.542,286.685,-266.280,-10.806,Pitch
-0.075,0.443,1.999,286.685,-32.261,-40.626,Pitch
0.070,-0.182,0.391,286.685,117.556,23.756,Pitch
0.201,0.743,1.121,277.489,-33.241,61.381,Pitch
0.046,1.314,1.563,-191.301,-60.952,-23.503,Pitch
0.017,0.827,1.828,-286.685,-80.675,-13.615,Pitch
-0.011,0.891,1.692,-286.685,-125.055,85.479,Pitch
0.269,0.349,1.281,-286.685,-108.089,106.802,Pitch
0.052,-0.212,0.841,-286.685,64.872,82.058,Pitch
0.099,0.179,0.108,-286.685,5.443,59.754,Pitch
0.252,-0.094,-0.828,-286.685,0.376,84.534,Pitch
0.230,-0.644,-1.400,-286.685,-27.825,111.300,Pitch
-0.045,-1.279,-1.432,18.244,81.296,38.386,Pitch
0.091,-1.025,-1.717,286.685,137.296,-37.091,Pitch
0.370,0.050,-0.530,286.685,51.135,1.803,Pitch
0.179,0.856,0.084,286.685,-100.144,-61.127,Pitch
-0.027,1.392,1.848,286.685,-42.787,-133.306,Pitch
-0.169,0.051,1.930,286.685,138.863,-116.848,Pitch
0.016,0.357,0.505,286.685,182.175,7.656,Pitch
0.109,0.932,1.308,48.974,97.177,34.816,Pitch
-0.144,1.227,1.518,-286.545,-48.143,8.523,Pitch
-0.048,0.855,1.466,-286.685,-210.560,44.432,Pitch
0.061,0.424,1.258,-286.685,-165.489,72.555,Pitch
0.070,0.148,1.221,-286.685,-43.785,55.807,Pitch
0.009,0.571,0.327,-286.685,11.113,27.239,Pitch
0.085,-0.255,-0.728,-286.685,-13.422,20.064,Pitch
0.378,-0.744,-1.686,-286.685,-126.674,60.830,Pitch
0.141,-0.906,-1.251,-246.881,-133.298,64.654,Pitch
0.083,-1.414,-1.474,235.883,44.607,-15.951,Pitch
0.179,-0.826,-1.334,286.685,104.912,-112.341,Pitch
0.129,0.498,-0.080,286.685,83.247,-101.859,Pitch
0.019,1.011,1.060,286.685,-24.675,-168.744,Pitch
0.061,0.834,1.991,286.685,58.467,-132.641,Pitch
-0.111,-0.215,1.543,286.685,178.955,-25.847,Pitch
0.141,0.838,0.878,281.584,121.327,14.595,Pitch
-0.116,1.404,1.615,-125.615,56.184,-10.587,Pitch
0.058,1.243,1.554,-286.685,-52.981,32.585,Pitch
0.157,0.627,1.276,-286.685,-284.191,116.323,Pitch
0.193,-0.173,1.138,-286.685,-239.452,160.081,Pitch
0.289,-0.471,1.018,-286.685,45.894,59.894,Pitch
0.003,-0.079,0.672,-286.685,-30.712,49.088,Pitch
0.082,0.073,-1.312,-286.685,-58.205,79.293,Pitch
0.395,-0.528,-1.832,-286.685,-112.726,103.959,Pitch
0.034,-0.751,-1.830,-39.935,18.567,91.919,Pitch
0.002,-0.195,-1.461,286.685,106.890,19.583,Pitch
0.006,0.033,-1.046,286.685,95.848,-65.957,Pitch
0.083,1.005,0.847,286.685,66.955,-131.443,Pitch
0.338,0.146,1.999,286.685,-61.688,-178.946,Pitch
0.304,0.027,1.994,286.685,44.450,-122.054,Pitch
0.042,-0.075,1.287,286.685,130.270,-64.120,Pitch
0.153,0.360,0.978,286.685,96.530,-23.984,Pitch
0.182,0.777,1.418,2.328,81.524,-42.770,Pitch
0.093,0.890,1.437,-283.307,-35.717,3.894,Pitch
0.148,0.978,1.410,-286.685,-176.383,33.950,Pitch
0.130,0.207,0.648,-286.685,-286.685,59.500,Pitch
0.040,-0.128,0.568,-286.685,-178.719,191.581,Pitch
0.108,0.056,0.412,-286.685,6.895,185.938,Pitch
0.177,0.081,-0.387,-286.685,42.884,59.596,Pitch
0.541,-0.661,-1.997,-226.520,-47.836,28.254,Pitch
0.296,-1.334,-1.279,-67.287,-199.124,101.238,Pitch
0.078,-0.237,-1.147,285.679,50.479,74.567,Pitch
0.070,-0.177,-0.224,286.685,126.875,-0.674,Pitch
0.196,-0.544,0.383,286.685,41.790,-88.900,Pitch
0.161,-0.046,0.998,286.685,-12.591,-104.851,Pitch
0.286,0.049,1.546,286.685,2.642,-55.274,Pitch
0.037,-0.400,1.251,286.685,170.065,-52.062,Pitch
0.081,-0.066,0.863,286.685,186.602,17.229,Pitch
0.145,0.961,1.396,-45.351,53.874,53.865,Pitch
0.029,0.872,1.774,-286.685,-33.215,30.704,Pitch
0.175,0.032,1.334,-286.685,-160.685,41.904,Pitch
-0.030,0.136,1.393,-286.685,-167.405,29.155,Pitch
0.123,0.171,0.419,-286.685,41.807,-2.555,Pitch
0.255,-0.548,-0.157,-286.685,-36.671,-17.132,Pitch
0.290,-0.737,-1.512,-279.851,-48.772,50.601,Pitch
0.223,-1.008,-1.788,-85.978,-59.675,87.579,Pitch
0.166,-0.944,-1.167,265.842,-4.366,164.946,Pitch
0.295,-0.217,-0.861,286.685,70.385,87.185,Pitch
0.088,-0.189,-0.378,286.685,-31.360,-64.978,Pitch
0.019,0.323,0.374,286.685,-111.886,-113.103,Pitch
0.080,0.147,1.337,286.685,-91.560,-126.963,Pitch
0.021,-0.408,1.196,286.685,54.014,-87.666,Pitch
0.101,0.516,1.362,-18.121,18.891,79.065,Pitch
0.297,0.668,1.985,-286.685,-57.426,110.714,Pitch
0.265,0.040,1.706,-286.685,-109.751,87.211,Pitch
0.405,-0.584,1.517,-286.685,31.981,91.630,Pitch
0.202,-0.221,0.425,-286.685,64.942,13.405,Pitch
0.042,-0.424,-0.107,-286.685,43.173,13.536,Pitch
0.155,-0.890,-0.840,-273.534,31.413,15.339,Pitch
0.138,-0.399,-1.148,-154.682,11.113,66.710,Pitch
0.203,-1.195,-1.942,-6.134,-31.815,85.846,Pitch
0.288,-1.052,-1.813,282.669,26.478,75.714,Pitch
0.204,0.006,-1.038,286.685,12.644,43.960,Pitch
0.045,0.101,0.517,286.685,-94.701,-9.712,Pitch
0.136,0.029,1.062,286.685,-137.191,-114.266,Pitch
0.160,0.318,1.284,286.685,-68.215,-99.085,Pitch
0.164,-0.095,1.486,286.685,-49.586,-86.677,Pitch
0.187,0.014,1.311,286.659,3.929,-31.097,Pitch
0.264,0.332,1.390,36.365,14.210,8.969,Pitch
0.283,0.378,1.732,-180.364,-16.590,30.013,Pitch
0.193,0.163,1.631,-286.685,-85.400,40.364,Pitch
0.271,-0.266,1.238,-286.685,-86.109,86.704,Pitch
0.317,-0.543,1.064,-286.685,8.671,108.351,Pitch
0.218,-0.387,0.806,-286.685,49.061,117.652,Pitch
0.018,0.260,0.080,-286.685,35.490,67.760,Pitch
0.130,-0.231,-1.282,-286.685,-21.280,51.651,Pitch
0.092,-0.540,-1.640,-139.475,-71.566,95.786,Pitch
0.033,-1.091,-1.997,-65.240,-77.849,109.637,Pitch
-0.035,-0.871,-1.935,280.114,39.882,37.240,Pitch
0.009,-0.148,-1.181,286.685,53.095,-35.849,Pitch
0.090,0.460,0.191,286.685,42.516,-35.193,Pitch
0.043,0.398,1.338,286.685,-24.299,-9.047,Pitch
0.212,-0.226,1.995,286.685,-200.322,-77.140,Pitch
0.229,-0.546,1.835,286.685,-75.014,-97.073,Pitch
0.069,0.304,1.101,227.806,-44.555,-2.301,Pitch
0.274,0.324,1.999,-222.679,-50.216,6.939,Pitch
0.335,0.122,1.890,-286.685,-16.642,98.009,Pitch
0.438,-0.257,1.208,-286.685,58.004,145.609,Pitch
0.248,-0.132,0.469,-286.685,83.554,78.452,Pitch
0.174,0.079,-0.287,-286.685,51.310,59.316,Pitch
-0.044,-0.270,-1.489,-286.685,-8.505,43.680,Pitch
-0.020,-1.274,-1.650,-177.826,-33.985,65.774,Pitch
-0.024,-0.987,-1.870,269.483,79.223,65.065,Pitch
0.028,-0.559,-1.594,286.685,48.178,68.670,Pitch
0.226,0.267,-0.874,286.685,-52.001,55.256,Pitch
0.135,0.817,0.928,286.685,-174.309,-10.623,Pitch
0.193,0.162,1.999,286.685,-115.596,-83.239,Pitch
0.039,-0.093,1.989,286.685,-37.240,-58.853,Pitch
-0.019,-0.058,1.082,286.685,10.552,-29.584,Pitch
0.038,0.452,1.251,214.725,-1.304,37.476,Pitch
0.111,0.383,1.807,-237.221,-11.690,57.680,Pitch
0.137,0.366,1.873,-286.685,-28.263,80.666,Pitch
0.334,0.173,1.838,-286.685,55.702,78.776,Pitch
0.188,-0.142,1.483,-286.685,204.295,63.315,Pitch
0.154,0.340,0.246,-286.685,173.364,15.330,Pitch
-0.013,-0.134,-0.754,-286.685,49.971,6.571,Pitch
-0.017,-0.967,-1.450,-205.345,-15.374,29.733,Pitch
0.030,-1.047,-1.130,-82.110,-13.204,55.072,Pitch
-0.054,-0.822,-1.417,250.477,58.511,-9.958,Pitch
0.083,-0.325,-1.547,286.685,11.734,19.862,Pitch
0.257,0.515,-0.630,286.685,-63.088,53.226,Pitch
0.048,0.367,1.050,286.685,-210.271,-46.655,Pitch
0.115,-0.099,1.809,286.685,-119.621,-78.829,Pitch
0.073,-0.146,1.525,286.685,-12.434,-13.387,Pitch
0.088,0.137,1.251,286.685,-16.835,12.329,Pitch
0.091,0.280,1.637,118.930,-24.141,7.726,Pitch
0.030,0.378,1.927,-285.617,-49.306,35.333,Pitch
0.242,0.137,1.813,-286.685,-22.978,55.213,Pitch
0.311,-0.373,1.468,-286.685,40.416,70.683,Pitch
0.126,-0.782,0.935,-286.685,125.405,57.899,Pitch
-0.111,-0.241,0.267,-286.685,118.239,29.409,Pitch
-0.092,-0.409,-0.744,-286.457,91.394,8.601,Pitch
0.142,-0.824,-1.322,-208.189,3.500,-11.830,Pitch
0.142,-1.151,-1.649,84.980,-84.770,22.216,Pitch
0.149,-0.120,-0.993,286.685,-27.326,9.975,Pitch
0.038,0.175,-0.022,286.685,-85.829,-88.559,Pitch
0.052,-0.147,0.618,286.685,-105.709,-124.933,Pitch
0.113,-0.125,1.567,286.685,-82.268,-96.530,Pitch
0.178,0.043,1.483,286.685,-42.744,-69.239,Pitch
0.177,0.204,1.256,286.685,20.291,-24.308,Pitch
0.281,0.401,1.336,198.511,23.634,18.384,Pitch
0.195,0.596,1.745,-137.051,8.488,55.449,Pitch
0.185,0.479,1.822,-286.685,-41.694,87.710,Pitch
0.239,0.434,1.678,-286.685,49.228,78.846,Pitch
0.143,-0.136,1.281,-286.685,106.558,54.232,Pitch
0.094,-0.235,0.809,-286.685,106.750,51.502,Pitch
0.029,0.094,-0.055,-286.685,69.309,30.546,Pitch
-0.024,-1.006,-1.257,-265.457,92.155,-29.829,Pitch
0.103,-0.963,-1.460,13.895,-7.070,-37.327,Pitch
0.146,-1.098,-1.461,67.935,-7.508,-45.106,Pitch
-0.027,-0.745,-1.023,286.685,-77.656,-38.631,Pitch
-0.066,0.316,-0.627,286.685,35.936,-49.438,Pitch
0.076,0.255,1.058,286.685,98.586,39.611,Pitch
0.129,-0.181,1.996,286.685,17.640,62.842,Pitch
0.065,0.183,1.574,286.685,-62.326,9.214,Pitch
0.112,0.501,1.441,286.685,-67.620,6.860,Pitch
0.199,0.732,1.474,107.048,-51.564,20.851,Pitch
0.227,0.981,1.652,-230.580,-27.956,4.585,Pitch
0.178,0.446,1.997,-286.685,30.406,15.759,Pitch
0.129,0.199,1.457,-286.685,60.025,60.226,Pitch
0.086,0.011,1.091,-286.685,105.849,61.416,Pitch
-0.012,-0.214,0.625,-286.685,114.118,30.362,Pitch
0.050,0.230,-0.302,-286.685,69.423,-12.828,Pitch
0.022,-0.637,-1.286,-286.668,11.401,55.729,Pitch
0.105,-1.300,-1.804,-15.199,4.375,56.254,Pitch
0.021,-1.345,-1.408,196.499,11.568,50.838,Pitch
0.108,-0.337,-1.381,286.685,-4.296,-19.548,Pitch
0.142,0.453,-0.442,286.685,-93.065,-5.364,Pitch
0.019,0.395,0.785,286.685,-170.870,-41.834,Pitch
0.185,0.464,1.712,286.685,-170.992,-66.649,Pitch
0.081,0.281,1.995,286.685,-55.799,-70.857,Pitch
0.202,0.329,1.239,286.685,3.824,-3.526,Pitch
0.111,0.869,1.512,66.894,-15.934,9.205,Pitch
0.166,0.928,1.830,-207.419,-13.431,12.302,Pitch
0.186,0.460,1.725,-286.685,-29.461,12.355,Pitch
0.175,0.132,1.493,-286.685,-29.715,26.346,Pitch
0.150,-0.066,1.206,-286.685,32.445,49.534,Pitch
0.099,0.117,0.819,-286.685,15.488,41.431,Pitch
0.002,0.020,-0.381,-286.685,-48.554,92.881,Pitch
0.044,-0.629,-1.500,-277.585,26.889,62.379,Pitch
0.083,-0.807,-1.492,-214.174,10.238,63.481,Pitch
0.044,-1.177,-1.612,-37.940,19.504,19.084,Pitch
-0.060,-0.637,-1.593,286.685,13.510,-28.306,Pitch
0.046,0.110,-1.089,286.685,-39.673,-58.721,Pitch
0.131,1.014,0.800,286.685,-3.727,-76.668,Pitch
0.154,0.900,1.799,286.685,-31.351,-61.766,Pitch
0.326,0.210,1.999,286.685,-57.234,-74.637,Pitch
0.144,0.045,1.058,286.685,17.159,-63.857,Pitch
0.150,0.472,1.274,107.223,-50.041,-22.995,Pitch
0.154,0.781,1.888,-230.641,-49.752,2.949,Pitch
0.158,0.328,1.936,-286.685,-13.081,61.889,Pitch
0.143,0.403,1.400,-286.685,-49.507,104.309,Pitch
0.116,-0.155,0.814,-286.685,-46.524,90.816,Pitch
0.063,0.004,0.383,-286.685,-63.411,69.527,Pitch
0.068,-0.122,-0.907,-286.685,-23.118,63.647,Pitch
0.088,-0.852,-1.566,-280.691,16.538,52.570,Pitch
0.102,-1.057,-1.503,-142.931,-8.934,96.075,Pitch
0.069,-1.043,-1.571,162.137,20.335,54.320,Pitch
0.007,-0.586,-1.544,286.685,78.452,29.208,Pitch
0.131,0.332,-0.737,286.685,55.895,3.754,Pitch
0.073,0.975,0.794,286.685,-62.125,-34.125,Pitch
-0.027,0.649,1.620,286.685,-117.408,-61.241,Pitch
0.289,0.283,1.999,286.685,-129.736,-89.224,Pitch
0.104,-0.126,1.429,286.685,23.450,-53.498,Pitch
0.235,0.377,0.848,237.458,28.350,22.286,Pitch
0.221,1.148,1.610,-162.190,-19.110,1.278,Pitch
0.153,0.830,1.952,-286.685,-18.987,13.108,Pitch
0.091,0.261,1.777,-286.685,-37.083,138.014,Pitch
0.220,-0.231,1.209,-286.685,20.624,105.726,Pitch
0.193,-0.400,0.947,-286.685,43.951,36.444,Pitch
-0.020,-0.009,0.280,-286.685,-11.419,34.423,Pitch
0.024,-0.255,-1.179,-286.668,-18.847,46.743,Pitch
0.156,-1.088,-1.495,-116.594,12.547,36.838,Pitch
0.005,-1.343,-1.774,86.940,33.390,59.693,Pitch
0.072,-0.670,-1.319,286.685,58.546,37.555,Pitch
0.095,0.409,-0.570,286.685,-13.545,-32.296,Pitch
0.124,0.536,0.858,286.685,-82.478,-125.694,Pitch
0.115,0.346,1.673,286.685,-86.179,-142.091,Pitch
0.210,0.092,1.999,286.685,0.709,-94.832,Pitch
0.155,0.148,1.041,286.685,137.655,-44.914,Pitch
0.044,0.451,0.974,252.639,24.587,21.245,Pitch
0.095,0.900,1.545,-51.153,-47.373,-0.070,Pitch
0.066,0.353,1.752,-286.685,-129.754,24.299,Pitch
0.231,-0.011,1.954,-286.685,-115.141,108.299,Pitch
0.272,-0.079,1.527,-286.685,-2.424,81.253,Pitch
0.079,0.125,1.111,-286.685,3.404,77.079,Pitch
-0.069,0.356,0.138,-286.685,-34.379,77.368,Pitch
0.058,-0.127,-1.233,-286.685,-89.058,78.452,Pitch
0.192,-0.982,-1.983,-186.550,-60.270,72.266,Pitch
0.143,-1.514,-1.960,270.419,41.431,82.530,Pitch
-0.066,-0.062,-1.221,286.685,105.210,16.196,Pitch
-0.106,0.133,-0.744,286.685,40.443,-61.994,Pitch
0.078,0.031,0.778,286.685,6.142,-81.060,Pitch
0.057,-0.062,1.386,286.685,-34.667,-68.276,Pitch
0.124,-0.135,1.697,286.685,-28.761,-70.499,Pitch
0.160,-0.062,1.411,286.685,-9.056,-129.447,Pitch
0.048,-0.036,1.848,-114.135,-94.920,-13.440,Pitch
0.242,0.234,1.999,-286.685,-164.981,163.669,Pitch
0.449,-0.238,1.769,-286.685,-72.826,151.016,Pitch
0.278,-0.601,1.213,-286.685,55.877,141.277,Pitch
0.079,0.006,0.211,-286.685,72.424,69.685,Pitch
-0.022,-0.152,-0.423,-286.685,-15.120,55.405,Pitch
0.062,-0.631,-1.167,-286.309,-105.787,74.839,Pitch
0.134,-1.198,-1.564,-43.610,-124.486,101.614,Pitch
-0.050,-0.825,-1.132,286.624,32.751,40.679,Pitch
-0.051,-0.406,-1.057,286.685,50.566,-16.888,Pitch
0.062,-0.137,-0.017,286.685,-34.361,-67.664,Pitch
0.019,0.093,0.642,286.685,-54.854,-121.336,Pitch
0.183,0.113,1.378,286.685,-5.609,-91.026,Pitch
0.223,0.337,1.459,286.685,-73.465,-91.175,Pitch
0.128,0.052,1.547,286.685,-46.340,-138.591,Pitch
0.095,0.267,1.321,242.786,12.792,-83.632,Pitch
0.031,0.673,1.711,-61.854,34.256,8.479,Pitch
0.104,0.596,1.768,-286.685,-15.208,59.841,Pitch
0.072,0.471,1.543,-286.685,-91.306,83.948,Pitch
0.122,0.334,1.043,-286.685,-64.444,87.929,Pitch
0.124,-0.110,0.559,-286.685,12.618,57.181,Pitch
0.072,-0.188,-0.168,-286.685,20.458,34.107,Pitch
0.105,-0.766,-1.015,-286.685,-55.501,59.579,Pitch
0.188,-1.254,-1.134,-149.555,-59.097,64.164,Pitch
0.113,-1.353,-1.067,160.624,28.945,30.327,Pitch
0.206,-0.738,-0.939,286.685,24.763,-5.460,Pitch
0.103,0.188,-0.267,286.685,6.597,-13.974,Pitch
0.011,0.252,0.793,286.685,-35.009,-54.329,Pitch
0.120,0.536,1.388,286.685,-54.451,-132.449,Pitch
0.181,0.360,1.995,286.685,22.006,-133.026,Pitch
0.069,0.305,1.316,286.685,46.112,-69.300,Pitch
0.044,0.483,1.004,188.143,45.509,-16.257,Pitch
0.044,0.702,1.478,-96.757,4.742,-7.324,Pitch
0.002,0.469,1.517,-286.685,-23.319,46.060,Pitch
0.074,0.330,1.586,-286.685,-101.334,55.737,Pitch
0.100,0.185,1.207,-286.685,-70.910,68.171,Pitch
0.070,-0.229,1.080,-286.685,-1.041,48.160,Pitch
0.031,0.043,0.259,-286.685,9.555,7.009,Pitch
0.149,-0.378,-0.730,-286.685,-56.175,42.796,Pitch
0.227,-0.909,-1.022,-286.685,-99.382,66.885,Pitch
0.146,-0.976,-1.021,-154.359,-54.057,86.231,Pitch
0.115,-0.988,-1.189,-1.558,5.023,17.859,Pitch
0.115,-0.918,-1.238,285.915,1.881,-31.938,Pitch
0.160,-0.574,-1.083,286.685,-23.993,-29.785,Pitch
0.187,0.258,0.116,286.685,-32.725,-70.857,Pitch
0.140,0.189,1.352,286.685,-2.957,-149.196,Pitch
0.254,0.000,1.925,286.685,22.820,-143.876,Pitch
0.092,-0.022,1.924,286.685,117.268,-111.247,Pitch
0.007,0.156,0.547,286.685,50.803,-66.115,Pitch
-0.023,0.443,1.603,3.859,21.201,-18.804,Pitch
0.006,0.396,1.570,-280.858,0.735,61.338,Pitch
0.146,0.217,1.950,-286.685,-73.378,90.982,Pitch
0.123,0.317,1.489,-286.685,-130.602,98.262,Pitch
0.203,0.141,1.210,-286.685,-4.480,116.821,Pitch
0.014,-0.246,0.537,-286.685,168.333,84.018,Pitch
-0.024,-0.159,-0.282,-286.685,133.551,54.539,Pitch
0.178,-0.602,-1.302,-286.685,48.519,36.339,Pitch
0.205,-1.452,-1.822,-67.191,-19.250,41.641,Pitch
0.233,-1.089,-1.546,285.880,-129.701,40.355,Pitch
0.220,0.078,-1.143,286.685,-97.729,12.171,Pitch
0.087,0.596,0.371,286.685,-97.895,-39.655,Pitch
0.103,0.157,1.396,286.685,-43.243,-53.506,Pitch
0.124,-0.095,1.999,286.685,-23.240,-51.109,Pitch
0.085,-0.124,1.726,286.685,-17.684,-49.595,Pitch
0.100,0.184,1.322,171.054,-32.944,-37.993,Pitch
0.083,0.486,1.779,-281.260,-74.751,26.679,Pitch
0.244,-0.238,1.675,-286.685,-27.974,35.569,Pitch
0.198,-0.562,1.373,-286.685,4.655,13.913,Pitch
0.117,-0.411,1.420,-286.685,34.694,30.608,Pitch
-0.155,0.391,0.602,-286.685,53.699,24.316,Pitch
0.013,-0.220,-0.240,-286.685,-22.671,14.823,Pitch
0.125,-0.579,-0.711,-286.685,-68.189,15.654,Pitch
0.173,-0.854,-1.382,-283.036,-82.031,43.662,Pitch
0.033,-1.381,-1.162,22.759,-27.379,48.589,Pitch
0.079,-0.699,-0.872,286.685,-33.276,-28.709,Pitch
0.112,-0.290,-0.860,286.685,-56.140,-69.974,Pitch
0.111,0.210,0.773,286.685,-13.020,-131.714,Pitch
0.179,0.095,1.175,286.685,32.900,-85.216,Pitch
0.292,0.370,1.820,286.685,0.192,-89.582,Pitch
0.138,0.052,1.587,286.685,-49.674,-71.304,Pitch
0.252,0.279,1.332,279.948,6.965,-25.629,Pitch
0.180,0.573,1.488,50.549,38.334,6.073,Pitch
0.120,0.566,1.584,-280.910,80.640,34.370,Pitch
0.125,0.460,1.458,-286.685,55.178,29.837,Pitch
0.084,-0.069,1.473,-286.685,-16.538,36.391,Pitch
0.137,0.008,1.155,-286.685,-10.325,33.355,Pitch
-0.010,0.079,0.463,-286.685,32.156,1.864,Pitch
0.089,0.045,-0.173,-286.685,31.325,-8.251,Pitch
0.146,-0.461,-1.028,-286.685,-47.889,20.003,Pitch
0.100,-1.180,-1.261,-249.191,-74.323,52.780,Pitch
0.111,-1.556,-1.104,90.326,-27.020,23.179,Pitch
0.146,-1.164,-1.031,274.794,-0.665,-31.701,Pitch
0.147,-0.231,-0.691,286.685,-9.144,-49.289,Pitch
0.003,0.256,0.243,286.685,2.826,-71.811,Pitch
-0.014,-0.111,1.280,286.685,33.443,-81.655,Pitch
0.143,-0.052,1.591,286.685,-31.054,-101.946,Pitch
0.223,0.249,1.714,286.685,-32.673,-124.268,Pitch
0.050,0.255,1.220,286.685,27.939,-12.661,Pitch
0.125,0.632,1.286,84.936,17.692,10.596,Pitch
0.043,0.803,1.428,-234.211,-7.464,57.304,Pitch
0.181,0.413,1.884,-286.685,-56.035,86.791,Pitch
0.199,0.249,1.384,-286.685,4.095,85.374,Pitch
0.103,-0.235,0.887,-286.685,75.232,34.423,Pitch
-0.036,-0.250,0.496,-286.685,85.619,-16.074,Pitch
0.043,-0.178,-0.210,-286.685,-5.932,9.520,Pitch
0.109,-0.623,-0.886,-286.685,-50.243,25.760,Pitch
0.252,-1.043,-1.304,-255.264,-46.244,41.807,Pitch
0.151,-1.344,-1.434,-18.865,-18.655,25.375,Pitch
0.275,-0.946,-1.326,286.685,1.689,-8.759,Pitch
0.209,0.082,-0.641,286.685,1.006,-12.014,Pitch
0.064,0.498,0.787,286.685,-11.804,-83.939,Pitch
-0.017,0.208,1.143,286.685,-8.278,-107.957,Pitch
0.063,0.098,1.999,286.685,16.608,-90.851,Pitch
0.125,-0.078,1.843,286.685,-39.524,-68.757,Pitch
0.045,0.228,0.710,279.353,36.444,-14.131,Pitch
0.138,0.482,1.223,22.155,12.600,25.139,Pitch
0.104,0.641,1.635,-286.685,-0.333,75.670,Pitch
0.233,-0.007,1.584,-286.685,-8.881,74.637,Pitch
0.196,-0.215,1.082,-286.685,36.531,39.847,Pitch
0.091,-0.475,0.987,-286.685,69.353,12.224,Pitch
-0.034,-0.272,0.489,-286.685,74.699,-29.225,Pitch
0.120,-0.234,-0.393,-286.685,-0.560,-17.946,Pitch
0.226,-0.571,-0.979,-286.685,-19.854,-6.186,Pitch
0.245,-0.731,-1.252,-237.676,-51.809,7.665,Pitch
0.241,-1.158,-1.645,34.449,-97.177,34.072,Pitch
0.300,-0.735,-1.033,286.685,-66.334,-1.960,Pitch
0.215,-0.067,-0.403,286.685,-22.593,-56.289,Pitch
0.164,-0.315,0.406,286.685,32.847,-71.120,Pitch
0.004,-0.238,1.013,286.685,27.169,-98.919,Pitch
0.040,0.183,1.424,286.685,67.331,-84.429,Pitch
0.029,-0.061,1.959,286.685,17.001,-39.252,Pitch
0.099,-0.096,1.609,286.685,-72.048,-33.941,Pitch
0.115,0.363,1.058,266.009,-9.616,6.291,Pitch
0.123,0.588,1.379,-19.539,6.282,35.507,Pitch
0.185,0.628,1.579,-286.685,-43.199,59.728,Pitch
0.075,0.308,1.363,-286.685,-117.504,78.094,Pitch
0.366,0.168,1.014,-286.685,-56.875,135.791,Pitch
0.071,-0.277,0.692,-286.685,117.626,59.570,Pitch
0.085,0.079,-0.073,-286.685,70.761,-22.278,Pitch
0.005,-0.269,-0.600,-286.685,-39.944,-6.562,Pitch
0.176,-0.651,-1.209,-286.685,-87.675,5.600,Pitch
0.277,-1.107,-1.674,-160.029,-79.923,1.321,Pitch
0.417,-1.079,-1.728,280.061,-46.454,-3.325,Pitch
0.291,-0.428,-1.417,286.685,-10.176,11.016,Pitch
0.074,0.417,-0.353,286.685,116.305,-53.480,Pitch
0.019,0.859,1.123,286.685,194.845,-54.110,Pitch
-0.136,0.204,1.999,286.685,-8.584,-50.794,Pitch
0.044,-0.111,1.999,286.685,-83.309,-76.423,Pitch
-0.021,0.054,1.169,286.685,25.261,6.991,Pitch
0.147,0.434,1.191,232.759,53.436,64.960,Pitch
0.199,0.483,1.407,-126.402,-9.634,35.525,Pitch
0.196,0.576,1.564,-281.461,-24.132,34.090,Pitch
0.089,0.265,1.554,-286.685,-85.610,40.057,Pitch
0.175,0.118,1.247,-286.685,-20.755,65.713,Pitch
0.037,-0.195,0.787,-286.685,91.438,52.465,Pitch
0.007,-0.287,0.325,-286.685,77.096,-12.241,Pitch
0.148,-0.221,-0.467,-286.685,8.837,-20.204,Pitch
0.173,-0.561,-0.957,-286.685,-83.125,34.825,Pitch
0.232,-1.003,-1.301,-158.848,-64.067,38.736,Pitch
0.210,-1.264,-1.706,48.816,-17.911,20.142,Pitch
0.333,-0.749,-1.367,286.685,7.648,24.036,Pitch
0.238,0.095,-0.580,286.685,9.275,-13.755,Pitch
-0.047,0.462,1.214,286.685,13.641,-74.086,Pitch
-0.123,0.029,1.722,286.685,-0.831,-104.309,Pitch
0.091,0.003,1.999,286.685,-43.374,-76.545,Pitch
0.173,0.056,1.630,286.685,-17.929,-37.222,Pitch
0.097,0.192,1.255,244.834,12.206,3.990,Pitch
0.155,0.463,1.370,-39.576,4.086,23.240,Pitch
0.236,0.409,1.956,-286.685,-42.577,68.757,Pitch
0.159,0.105,1.623,-286.685,15.382,88.585,Pitch
0.199,0.117,0.938,-286.685,82.066,50.120,Pitch
-0.010,-0.313,0.395,-286.685,83.466,-28.700,Pitch
0.191,-0.307,-0.432,-286.685,45.211,-45.474,Pitch
0.143,-0.129,-0.913,-286.685,-21.166,-13.597,Pitch
0.254,-0.779,-1.461,-272.449,-81.077,30.406,Pitch
0.247,-1.290,-1.942,198.432,-101.946,39.357,Pitch
0.326,-0.914,-1.400,286.685,-70.971,39.261,Pitch
0.261,-0.088,-0.894,286.685,-12.679,14.166,Pitch
0.175,0.525,0.490,286.685,-27.729,0.455,Pitch
-0.072,0.307,1.589,286.685,-72.625,-110.574,Pitch
0.172,0.255,1.905,286.685,-68.040,-125.099,Pitch
0.259,0.072,1.920,286.685,-5.714,-102.734,Pitch
0.116,0.164,0.952,286.685,13.729,-1.908,Pitch
0.158,0.396,1.194,28.499,7.394,38.763,Pitch
0.250,0.697,1.985,-256.366,-5.906,41.842,Pitch
0.057,0.548,1.547,-286.685,-40.889,104.501,Pitch
0.279,0.050,1.135,-286.685,18.288,121.065,Pitch
0.121,-0.375,0.996,-286.685,92.207,67.244,Pitch
0.064,-0.333,0.375,-286.685,80.185,20.055,Pitch
0.034,-0.058,-0.790,-286.685,10.509,40.845,Pitch
0.109,-0.673,-1.272,-286.685,-62.860,35.140,Pitch
0.165,-1.277,-1.676,-9.179,-23.923,32.987,Pitch
0.102,-1.260,-1.500,277.786,-6.073,38.421,Pitch
0.177,-0.256,-1.212,286.685,37.371,16.966,Pitch
0.169,0.468,-0.134,286.685,-68.189,13.641,Pitch
-0.102,0.731,1.058,286.685,-123.393,-90.143,Pitch
0.138,0.502,1.963,286.685,-109.533,-125.869,Pitch
0.280,-0.109,1.999,286.685,5.093,-123.121,Pitch
-0.052,0.275,1.026,255.019,48.493,-8.934,Pitch
-0.006,0.684,1.581,-272.729,-27.948,70.044,Pitch
0.327,0.363,1.704,-286.685,-106.706,112.455,Pitch
0.399,-0.214,1.999,-286.685,-90.510,121.266,Pitch
0.330,0.177,1.335,-286.685,165.655,67.760,Pitch
0.047,0.315,0.696,-286.685,197.601,-22.811,Pitch
-0.002,-0.067,-0.355,-286.685,104.808,-34.458,Pitch
0.191,-0.492,-1.428,-286.685,-64.768,-10.587,Pitch
0.106,-1.224,-1.667,-92.829,-99.794,44.091,Pitch
0.159,-1.178,-1.507,271.600,-40.443,11.323,Pitch
0.174,-0.330,-1.268,286.685,-1.925,-20.353,Pitch
0.218,0.245,-0.226,286.685,-20.528,-52.876,Pitch
0.011,0.129,1.110,286.685,-77.394,-134.663,Pitch
0.088,0.263,1.674,286.685,33.180,-73.404,Pitch
0.171,0.379,1.999,286.685,-52.447,-118.405,Pitch
0.128,0.289,1.386,286.685,-6.878,-90.598,Pitch
0.120,0.438,1.087,263.935,19.985,-3.036,Pitch
0.024,0.832,1.372,-151.620,26.364,40.775,Pitch
0.163,0.638,1.493,-286.685,8.111,71.768,Pitch
0.057,0.504,1.589,-286.685,-23.205,75.084,Pitch
0.232,0.083,1.364,-286.685,-65.188,58.599,Pitch
0.128,-0.252,1.165,-286.685,84.280,49.542,Pitch
0.031,0.008,0.748,-286.685,58.126,-25.331,Pitch
0.122,0.133,-0.338,-286.685,-28.114,6.423,Pitch
0.145,-0.542,-1.261,-286.685,-101.692,65.161,Pitch
0.018,-0.760,-1.464,-281.120,-9.599,58.730,Pitch
0.028,-1.035,-1.997,80.089,-20.309,11.725,Pitch
0.122,-0.818,-1.988,286.685,-16.791,-3.465,Pitch
0.124,0.222,-1.210,286.685,-1.033,-46.436,Pitch
0.256,1.051,0.427,286.685,-0.928,-72.293,Pitch
0.050,0.711,1.999,286.685,-15.601,-103.478,Pitch
0.118,-0.201,1.999,286.685,-70.726,-108.308,Pitch
-0.052,0.008,1.311,286.685,-2.931,-54.460,Pitch
0.084,0.533,1.086,217.298,-1.584,35.149,Pitch
0.351,0.599,1.998,-236.066,-59.666,77.709,Pitch
0.278,0.370,1.576,-286.685,-54.294,92.689,Pitch
0.388,0.240,1.659,-286.685,-31.299,113.549,Pitch
0.335,0.024,1.352,-286.685,163.896,110.031,Pitch
0.067,0.108,0.241,-286.685,170.345,-5.145,Pitch
0.139,-0.078,-0.391,-286.685,75.338,-21.219,Pitch
0.032,-0.259,-1.368,-286.685,-34.737,40.583,Pitch
0.155,-0.916,-1.444,-224.613,14.499,37.179,Pitch
0.122,-0.885,-1.827,145.967,-13.125,20.528,Pitch
0.362,-0.800,-1.852,286.046,-14.910,22.767,Pitch
0.329,0.017,-1.189,286.685,-28.385,31.334,Pitch
0.051,0.936,0.432,286.685,-100.914,6.720,Pitch
-0.174,0.721,1.999,286.685,-22.199,-74.296,Pitch
0.022,0.508,1.999,286.685,-28.604,-57.409,Pitch
-0.005,0.362,1.725,286.685,7.665,-90.020,Pitch
0.056,0.213,1.046,281.654,21.665,19.066,Pitch
-0.020,1.009,1.714,-142.511,-1.067,74.419,Pitch
0.131,0.746,1.709,-286.685,-25.034,50.925,Pitch
-0.026,0.535,1.999,-286.685,-34.755,50.382,Pitch
0.136,0.205,1.699,-286.685,41.886,41.694,Pitch
0.005,0.229,0.669,-286.685,89.644,-20.799,Pitch
0.063,-0.065,0.225,-286.685,1.225,-49.621,Pitch
0.075,0.066,-0.906,-286.685,-82.005,16.905,Pitch
0.222,-0.676,-1.657,-286.685,-34.493,54.854,Pitch
0.090,-1.078,-1.996,66.202,27.247,45.395,Pitch
0.176,-0.593,-1.776,286.659,17.071,38.412,Pitch
0.152,-0.017,-1.092,286.685,-11.358,18.156,Pitch
0.154,0.498,-0.069,286.685,-130.191,-48.388,Pitch
-0.068,0.990,1.159,286.685,-89.451,-130.961,Pitch
0.202,0.912,1.999,286.685,-19.994,-117.793,Pitch
0.206,0.257,1.968,286.685,43.916,-99.418,Pitch
-0.005,0.614,0.613,280.490,1.558,26.539,Pitch
0.222,1.211,1.774,-252.770,14.954,38.850,Pitch
0.066,0.948,1.572,-286.685,3.990,25.007,Pitch
0.050,0.452,1.839,-286.685,-32.471,65.686,Pitch
0.170,0.545,1.497,-286.685,18.515,53.646,Pitch
0.042,0.011,1.035,-286.685,68.950,-22.601,Pitch
-0.003,0.070,0.774,-286.685,-15.592,-11.270,Pitch
0.116,0.420,-0.157,-286.685,-45.089,34.353,Pitch
0.115,-0.121,-1.573,-286.685,-34.370,56.822,Pitch
0.112,-1.158,-1.997,-87.316,-20.003,65.940,Pitch
0.131,-1.025,-1.997,271.355,-9.494,36.899,Pitch
-0.051,-0.246,-1.338,286.685,-8.470,-6.108,Pitch
0.105,0.426,-0.538,286.685,2.336,-56.201,Pitch
-0.010,0.948,1.394,286.685,-6.912,-67.121,Pitch
0.087,0.764,1.965,286.685,-27.825,-43.006,Pitch
0.302,0.694,1.999,286.685,-128.091,-132.615,Pitch
-0.039,0.258,0.511,286.685,30.923,-40.644,Pitch
0.259,1.079,1.877,-8.216,-36.251,53.007,Pitch
0.231,0.864,1.772,-286.414,40.197,40.031,Pitch
0.171,0.577,1.971,-286.685,33.967,79.179,Pitch
0.114,0.792,1.854,-286.685,22.741,63.525,Pitch
0.069,0.668,1.207,-286.685,100.975,-5.136,Pitch
0.141,0.247,0.262,-286.685,78.137,-104.449,Pitch
0.067,0.340,-0.588,-286.685,-149.205,-7.070,Pitch
0.084,-0.331,-1.752,-286.685,-104.457,87.850,Pitch
0.128,-0.406,-1.997,-104.519,-8.741,84.997,Pitch
0.018,-0.248,-1.948,256.751,-3.736,59.885,Pitch
-0.095,-0.348,-1.639,286.685,-7.350,19.163,Pitch
0.346,0.601,-0.579,286.685,-2.713,-62.493,Pitch
0.159,1.063,1.925,286.685,-111.598,-127.400,Pitch
0.224,0.549,1.999,286.685,-102.699,-151.148,Pitch
0.314,0.459,1.999,286.685,-37.572,-173.617,Pitch
0.083,0.179,0.979,286.685,65.923,-100.118,Pitch
0.334,0.516,1.568,-51.118,-19.714,10.955,Pitch
0.245,0.906,1.969,-286.396,-43.575,57.050,Pitch
0.084,0.840,1.999,-286.685,-86.984,143.579,Pitch
0.319,0.252,1.586,-286.685,4.935,139.527,Pitch
0.146,0.067,0.422,-286.685,71.741,-27.038,Pitch
0.171,0.324,-0.284,-286.685,-25.034,-13.589,Pitch
0.155,0.062,-1.305,-286.685,-165.121,105.927,Pitch
0.131,-0.513,-1.698,-208.040,-24.938,93.511,Pitch
-0.116,-0.481,-1.591,33.145,97.169,42.893,Pitch
0.034,-0.852,-1.932,286.073,63.000,33.556,Pitch
0.167,-0.421,-1.436,286.685,24.946,24.885,Pitch
0.249,0.623,0.621,286.685,-44.266,-33.976,Pitch
0.059,0.034,1.959,286.685,-49.682,-106.925,Pitch
0.053,0.443,1.782,286.685,41.921,-67.147,Pitch
0.124,0.442,1.739,286.685,35.857,-85.531,Pitch
0.175,0.389,1.645,286.685,-6.405,-57.601,Pitch
0.081,0.569,1.683,22.505,3.605,37.494,Pitch
0.138,0.829,1.999,-286.685,-56.595,81.016,Pitch
0.130,0.597,1.999,-286.685,-31.211,104.204,Pitch
0.082,0.597,1.762,-286.685,36.356,63.079,Pitch
0.003,0.318,0.442,-286.685,48.002,-42.131,Pitch
0.119,0.219,-0.368,-286.685,-78.820,4.804,Pitch
0.010,0.087,-1.084,-286.685,-126.656,80.299,Pitch
0.218,-0.788,-1.997,-257.092,-2.669,72.923,Pitch
0.134,-0.839,-1.997,267.024,51.678,31.176,Pitch
0.051,0.145,-1.284,286.685,41.799,0.892,Pitch
0.189,0.243,-0.907,286.685,10.658,-44.844,Pitch
0.166,0.727,0.696,286.685,-83.274,-69.055,Pitch
0.031,0.607,1.999,286.685,-39.629,-89.136,Pitch
0.249,0.204,1.999,286.685,-1.645,-81.874,Pitch
0.194,0.190,1.619,286.685,78.295,-84.595,Pitch
0.039,0.626,1.045,213.001,56.341,4.637,Pitch
0.201,0.477,1.716,-142.144,-45.404,21.744,Pitch
0.155,0.211,1.544,-286.685,-119.096,84.079,Pitch
0.201,0.181,1.860,-286.685,-84.630,123.567,Pitch
0.199,0.293,1.635,-286.685,95.777,101.990,Pitch
-0.013,0.340,0.707,-286.685,169.146,12.084,Pitch
0.024,-0.456,-0.184,-286.685,15.645,10.701,Pitch
0.034,-0.440,-0.631,-286.685,-74.007,21.997,Pitch
0.094,-0.427,-0.909,-286.685,-45.885,61.854,Pitch
0.158,-0.862,-1.880,-187.434,16.065,48.283,Pitch
0.114,-0.830,-1.909,276.054,30.249,22.208,Pitch
0.168,-0.433,-1.534,286.685,18.559,13.501,Pitch
0.258,0.291,-0.343,286.685,-59.342,-15.435,Pitch
-0.068,0.819,1.733,286.685,-85.986,-89.372,Pitch
0.179,0.071,1.990,286.685,-90.685,-73.378,Pitch
0.255,0.023,1.944,286.685,-103.626,-93.152,Pitch
0.187,0.264,1.264,284.848,-45.561,-59.334,Pitch
0.360,0.350,1.940,-145.189,-65.021,37.380,Pitch
0.399,0.124,1.930,-286.685,-82.793,125.799,Pitch
0.358,0.177,1.956,-286.685,-54.801,134.295,Pitch
0.417,0.243,1.496,-286.685,57.592,116.646,Pitch
0.229,-0.166,0.952,-286.685,85.243,128.809,Pitch
-0.001,0.411,-0.202,-286.685,87.185,145.206,Pitch
-0.021,-0.181,-1.146,-286.685,122.465,108.089,Pitch
0.033,-0.585,-1.432,-277.742,106.951,67.541,Pitch
-0.029,-1.203,-1.904,-37.432,0.691,71.321,Pitch
0.050,-0.706,-1.233,286.685,-12.110,32.454,Pitch
0.062,-0.278,-1.155,286.685,-74.480,-10.456,Pitch
0.073,0.251,0.112,286.685,-103.976,-38.307,Pitch
0.079,0.885,1.285,286.685,-86.004,-41.484,Pitch
0.208,0.019,1.999,286.685,-65.126,-19.267,Pitch
0.003,-0.779,1.985,286.685,-83.764,7.595,Pitch
0.256,0.346,1.393,250.512,-91.507,2.354,Pitch
0.197,0.495,1.999,-285.793,7.963,30.468,Pitch
0.124,-0.240,1.988,-286.685,85.155,32.471,Pitch
0.021,-0.259,1.680,-286.685,126.315,19.635,Pitch
-0.022,-0.006,0.954,-286.685,136.990,-33.565,Pitch
0.080,0.003,0.086,-286.685,44.240,-45.360,Pitch
0.072,-0.249,-1.025,-286.685,-54.014,13.545,Pitch
0.158,-1.043,-1.892,-157.981,-57.426,33.075,Pitch
0.068,-1.024,-1.628,96.749,1.374,24.185,Pitch
0.116,-0.429,-1.417,286.685,5.224,24.097,Pitch
0.186,-0.056,-0.934,286.685,-61.373,7.105,Pitch
0.169,0.393,0.618,286.685,-160.186,-60.226,Pitch
0.081,0.555,1.162,286.685,-161.648,-106.356,Pitch
0.308,0.800,1.999,286.685,-149.354,-129.806,Pitch
0.271,0.316,1.299,286.685,-34.711,-119.700,Pitch
0.279,0.822,1.647,180.548,70.700,-51.013,Pitch
0.237,0.957,1.501,-19.425,104.256,-49.674,Pitch
0.137,0.665,1.742,-151.541,36.645,17.010,Pitch
0.118,0.566,1.781,-286.685,-11.961,68.941,Pitch
0.087,0.460,1.511,-286.685,-19.250,44.485,Pitch
-0.020,0.328,1.385,-286.685,41.072,30.555,Pitch
0.001,0.831,0.359,-286.685,115.868,-34.886,Pitch
0.074,-0.082,-0.619,-286.685,-28.315,-44.039,Pitch
0.310,-0.590,-1.394,-286.685,-144.104,29.680,Pitch
0.320,-1.168,-1.374,-241.194,-12.792,32.506,Pitch
0.126,-1.535,-1.465,39.007,57.803,18.996,Pitch
0.164,-0.716,-1.265,286.685,88.314,-24.439,Pitch
0.053,-0.072,-0.579,286.685,33.897,-28.753,Pitch
-0.004,0.665,0.347,286.685,31.701,2.231,Pitch
-0.054,0.630,1.390,286.685,-32.244,-14.910,Pitch
0.178,0.683,1.999,286.685,-78.601,-95.253,Pitch
-0.091,0.183,1.045,286.685,81.821,-31.465,Pitch
0.203,0.666,1.514,101.588,45.106,56.464,Pitch
0.198,0.844,1.856,-208.294,50.461,38.185,Pitch
-0.005,0.634,1.529,-286.685,-6.799,39.804,Pitch
-0.075,0.467,1.976,-286.685,-47.311,22.794,Pitch
0.018,0.490,1.536,-286.685,62.344,-33.180,Pitch
0.159,0.464,0.516,-286.685,92.636,-99.584,Pitch
0.136,0.287,-0.773,-286.685,-24.141,-26.022,Pitch
0.228,-0.492,-1.655,-286.685,-139.510,81.095,Pitch
0.160,-1.002,-1.494,-206.701,-73.220,83.274,Pitch
0.086,-0.985,-1.478,15.164,-42.009,38.439,Pitch
0.041,-0.563,-1.495,286.685,-5.924,-27.291,Pitch
0.069,-0.120,-0.795,286.685,-30.958,-84.753,Pitch
0.202,0.425,0.518,286.685,-7.385,-70.997,Pitch
0.119,0.599,0.976,286.685,-69.921,-67.611,Pitch
0.232,0.588,1.992,286.685,-102.603,-82.941,Pitch
0.173,0.203,1.465,286.685,16.222,-75.574,Pitch
0.142,0.616,1.239,274.628,31.561,11.252,Pitch
0.345,0.797,1.888,60.261,13.212,14.586,Pitch
0.232,0.785,1.930,-283.981,48.291,23.468,Pitch
0.008,0.778,1.856,-286.685,12.311,21.105,Pitch
0.097,0.334,1.517,-286.685,-10.859,-6.335,Pitch
0.068,0.234,1.045,-286.685,43.094,-29.138,Pitch
0.207,0.154,-0.122,-286.685,23.975,-47.504,Pitch
0.149,0.008,-0.904,-286.685,-56.306,31.824,Pitch
0.227,-0.612,-1.426,-285.626,-131.775,144.646,Pitch
0.192,-1.032,-1.725,65.327,-23.826,114.354,Pitch
0.032,-1.106,-1.937,279.606,36.190,41.860,Pitch
0.054,-0.259,-1.078,286.685,25.611,-57.741,Pitch
-0.031,0.675,0.267,286.685,-79.223,-124.933,Pitch
-0.016,0.533,1.356,286.685,-45.491,-82.863,Pitch
0.200,0.270,1.712,286.685,-53.926,-41.195,Pitch
0.145,0.637,1.860,286.685,-21.788,-55.414,Pitch
0.223,0.449,1.027,276.710,-9.599,10.797,Pitch
0.379,0.758,1.842,-199.133,-48.064,43.811,Pitch
0.225,0.750,1.666,-286.685,-0.928,54.626,Pitch
0.158,0.371,1.670,-286.685,15.934,55.528,Pitch
0.161,-0.038,1.729,-286.685,56.674,41.213,Pitch
0.098,0.163,1.248,-286.685,71.479,-0.472,Pitch
0.187,0.344,0.232,-286.685,39.261,-34.396,Pitch
0.065,0.400,-0.843,-286.685,-48.772,3.911,Pitch
0.184,-0.405,-1.972,-286.685,-82.014,62.965,Pitch
0.145,-0.855,-1.997,25.926,-26.206,47.014,Pitch
0.094,-0.520,-1.704,224.446,17.964,10.894,Pitch
0.227,-0.083,-1.457,286.685,64.794,21.831,Pitch
0.250,0.439,-0.536,286.685,59.377,63.919,Pitch
-0.053,0.722,1.077,286.685,-43.776,3.990,Pitch
-0.133,0.341,1.999,286.685,-136.159,-58.362,Pitch
0.194,0.290,1.999,286.685,-121.371,-66.798,Pitch
-0.051,0.352,0.677,286.685,55.676,-63.455,Pitch
0.135,0.446,0.969,4.935,-44.380,34.318,Pitch
0.175,0.825,1.931,-188.090,-39.550,24.395,Pitch
0.156,0.436,1.828,-286.685,-27.247,21.525,Pitch
-0.010,0.711,1.999,-286.685,-42.621,73.981,Pitch
0.214,0.491,1.807,-286.685,39.935,45.474,Pitch
0.070,0.515,0.775,-286.685,67.988,-14.691,Pitch
0.172,0.523,-0.434,-286.685,-43.391,-16.153,Pitch
0.037,0.038,-1.768,-286.685,-117.346,43.557,Pitch
0.236,-0.607,-1.997,-216.834,-78.741,83.475,Pitch
0.112,-0.860,-1.996,16.844,-11.664,73.631,Pitch
0.063,-0.369,-1.935,286.685,48.230,28.429,Pitch
0.152,0.286,-1.057,286.685,52.780,-12.084,Pitch
0.176,0.634,-0.145,286.685,-25.218,-32.716,Pitch
0.093,1.178,1.551,286.685,-45.806,-57.592,Pitch
0.280,0.428,1.999,286.685,-133.105,-98.744,Pitch
0.288,0.215,1.697,286.685,6.886,-181.965,Pitch
-0.116,0.412,0.597,233.634,48.939,-6.265,Pitch
0.308,0.434,1.566,-72.669,-17.124,32.786,Pitch
0.133,0.783,1.817,-286.685,0.228,77.359,Pitch
0.099,0.579,1.847,-286.685,-24.754,65.669,Pitch
0.158,0.052,1.567,-286.685,35.735,55.169,Pitch
0.126,0.021,1.123,-286.685,41.011,-10.736,Pitch
0.200,0.655,0.052,-286.685,-46.847,-49.044,Pitch
-0.014,0.159,-0.939,-286.685,-144.034,43.111,Pitch
-0.002,-0.612,-1.935,-285.828,-125.353,90.956,Pitch
0.106,-0.773,-1.997,-90.405,-51.292,75.512,Pitch
0.021,-0.812,-1.997,284.427,43.960,25.795,Pitch
0.035,-0.038,-1.538,286.685,79.012,-19.618,Pitch
0.069,0.721,-0.249,286.685,38.666,-72.170,Pitch
0.048,1.089,1.243,286.685,5.994,-55.169,Pitch
0.260,0.356,1.999,286.685,-87.316,-50.803,Pitch
0.300,0.106,1.969,286.685,-84.166,-115.728,Pitch
0.012,0.209,0.554,286.685,56.884,-41.729,Pitch
0.122,0.496,1.358,171.386,3.666,22.400,Pitch
0.183,0.788,1.971,-199.001,25.839,25.996,Pitch
0.230,0.390,1.977,-286.685,-44.188,94.675,Pitch
0.197,0.814,1.814,-286.685,-49.761,86.887,Pitch
0.334,0.403,1.392,-286.685,45.491,88.918,Pitch
0.071,0.339,0.519,-286.685,93.844,61.101,Pitch
0.095,0.274,-0.851,-286.685,4.883,52.290,Pitch
-0.032,-0.549,-1.524,-286.685,-168.070,68.355,Pitch
0.070,-0.548,-1.440,-179.305,-49.306,110.198,Pitch
0.044,-0.370,-1.277,-24.587,105.709,102.489,Pitch
-0.161,-0.681,-1.864,131.836,124.775,82.338,Pitch
0.172,-0.654,-1.407,286.685,38.150,28.665,Pitch
0.059,0.136,0.027,286.685,-54.819,-17.833,Pitch
-0.091,0.348,1.286,286.685,-90.003,-41.361,Pitch
0.099,0.141,1.726,286.685,-133.613,-73.194,Pitch
0.280,0.403,1.799,286.685,-130.428,-73.692,Pitch
0.153,-0.103,1.580,286.685,-136.386,-86.170,Pitch
0.181,-0.135,1.736,131.626,-27.554,-30.800,Pitch
0.178,0.647,1.999,-286.685,1.111,108.281,Pitch
0.201,0.783,1.999,-286.685,55.011,72.231,Pitch
-0.091,0.499,1.228,-286.685,87.238,27.921,Pitch
0.058,0.391,-0.094,-286.685,57.339,-40.574,Pitch
0.194,-0.068,-0.985,-286.685,-131.119,-35.998,Pitch
0.114,-0.599,-1.452,-286.685,-188.265,65.546,Pitch
0.166,-0.679,-1.534,-89.022,13.501,52.080,Pitch
0.068,-0.595,-1.884,253.794,57.627,15.024,Pitch
0.039,-0.543,-1.699,286.685,31.728,-15.663,Pitch
0.142,0.142,-1.228,286.685,-1.085,-58.013,Pitch
0.156,0.820,0.643,286.685,2.634,-70.464,Pitch
-0.023,0.256,1.957,286.685,7.508,-88.375,Pitch
0.251,-0.002,1.999,286.685,23.397,-58.188,Pitch
0.037,0.488,1.123,286.685,40.171,1.671,Pitch
0.202,0.388,1.547,279.948,-8.523,54.880,Pitch
0.216,0.522,1.994,-143.999,-12.337,76.177,Pitch
0.237,0.909,1.999,-286.685,-35.700,84.455,Pitch
0.270,0.550,1.819,-286.685,33.276,32.664,Pitch
0.177,0.038,1.356,-286.685,97.720,25.909,Pitch
0.022,0.154,0.545,-286.685,131.057,7.508,Pitch
0.018,-0.006,-0.098,-286.685,86.319,7.446,Pitch
0.132,-0.404,-1.123,-286.685,-44.397,53.909,Pitch
0.167,-0.685,-1.416,-286.265,-88.673,98.350,Pitch
-0.068,-1.461,-1.997,122.614,-14.752,46.646,Pitch
-0.004,-0.826,-1.952,286.685,39.349,-11.121,Pitch
0.202,0.493,-0.965,286.685,-24.806,-78.811,Pitch
0.023,0.735,0.847,286.685,-88.988,-117.644,Pitch
0.182,0.430,1.469,286.685,-78.426,-111.291,Pitch
0.154,0.198,1.891,286.685,-59.771,-113.155,Pitch
0.288,0.055,1.626,286.685,-88.874,-95.480,Pitch
0.203,0.369,1.315,284.200,-10.990,-20.650,Pitch
0.398,0.751,1.734,-13.816,10.316,-4.926,Pitch
0.427,0.480,1.905,-196.849,1.347,31.115,Pitch
0.329,0.406,1.763,-286.685,-74.410,106.479,Pitch
0.356,0.214,1.565,-286.685,-94.185,150.526,Pitch
0.225,0.256,1.134,-286.685,41.405,140.026,Pitch
0.335,0.233,0.797,-286.685,193.760,132.965,Pitch
0.064,-0.137,-0.142,-286.685,209.720,97.878,Pitch
0.060,-0.391,-0.853,-286.685,80.238,74.795,Pitch
0.028,-0.686,-1.165,-238.394,43.356,53.804,Pitch
0.087,-0.959,-1.369,-113.286,30.441,38.579,Pitch
0.068,-1.157,-1.520,201.399,20.554,22.461,Pitch
0.119,-0.647,-0.980,286.685,-35.875,-12.661,Pitch
0.048,-0.067,0.621,286.685,-109.637,-59.964,Pitch
-0.014,0.078,0.981,286.685,-50.164,-34.816,Pitch
0.168,0.281,1.309,286.685,39.410,55.667,Pitch
0.140,0.147,1.999,286.685,-75.338,-13.720,Pitch
0.035,0.381,1.746,286.685,-146.615,-18.296,Pitch
0.149,0.537,1.808,186.025,-90.755,0.236,Pitch
0.159,0.728,1.876,-286.527,-43.330,16.292,Pitch
0.070,0.015,1.683,-286.685,-4.751,31.097,Pitch
0.080,0.051,1.506,-286.685,25.769,15.015,Pitch
0.031,0.199,0.743,-286.685,51.161,-50.155,Pitch
0.259,0.142,-0.194,-286.685,21.052,-103.880,Pitch
0.195,-0.128,-1.050,-286.685,-79.957,-50.951,Pitch
0.309,-0.549,-1.624,-278.206,-80.596,5.241,Pitch
0.372,-0.714,-1.708,71.514,-31.316,14.709,Pitch
0.266,-0.597,-1.989,275.677,1.881,25.874,Pitch
0.272,0.035,-1.202,286.685,59.386,-10.097,Pitch
0.185,0.531,0.721,286.685,68.504,-22.321,Pitch
0.031,0.006,1.636,286.685,16.231,-98.473,Pitch
0.048,0.400,1.769,286.685,46.016,-65.100,Pitch
0.205,0.181,1.999,286.685,-16.424,-63.131,Pitch
0.314,-0.001,1.603,269.745,52.001,-74.366,Pitch
0.115,0.464,1.934,-254.126,36.522,16.371,Pitch
-0.014,0.586,1.849,-286.685,1.619,67.786,Pitch
0.111,0.127,1.736,-286.685,-83.073,32.725,Pitch
0.080,0.285,0.879,-286.685,-70.490,-21.962,Pitch
0.159,0.127,0.352,-286.685,-100.940,-20.948,Pitch
-0.008,-0.082,-0.839,-286.685,-130.874,19.906,Pitch
0.147,-0.365,-1.873,-286.685,-103.766,45.684,Pitch
0.342,-0.617,-1.961,-85.033,-76.309,67.567,Pitch
0.191,-0.443,-1.961,286.029,-12.828,53.322,Pitch
0.097,-0.125,-1.325,286.685,19.504,-28.647,Pitch
0.067,0.321,-0.640,286.685,27.851,-69.256,Pitch
0.018,0.816,1.451,286.685,32.533,-85.671,Pitch
0.234,-0.100,1.989,286.685,29.724,-74.664,Pitch
0.292,0.185,1.982,286.685,31.815,-28.630,Pitch
0.144,0.280,1.469,286.685,60.655,2.546,Pitch
0.170,0.405,1.539,166.521,25.751,36.592,Pitch
0.226,0.425,1.894,-282.940,-41.974,58.818,Pitch
-0.015,0.705,1.966,-286.685,-10.001,19.740,Pitch
0.096,0.332,1.591,-286.685,24.308,-14.796,Pitch
0.104,0.139,0.551,-286.685,76.904,-50.514,Pitch
0.212,-0.048,-0.353,-286.685,36.925,-82.206,Pitch
0.014,0.170,-0.974,-286.685,-102.480,-5.040,Pitch
0.172,-0.376,-1.659,-286.685,-128.818,39.839,Pitch
0.199,-0.427,-1.608,-98.368,-78.207,31.211,Pitch
0.224,-0.390,-1.997,224.717,-58.319,22.995,Pitch
0.371,-0.239,-1.653,286.685,36.654,18.497,Pitch
0.312,0.343,-0.647,286.685,52.456,29.872,Pitch
-0.101,0.675,1.580,286.685,12.355,-58.083,Pitch
-0.002,0.245,1.999,286.685,-13.212,-84.254,Pitch
0.193,-0.091,1.999,286.685,-15.689,-33.092,Pitch
0.194,-0.220,1.957,286.685,22.181,-55.982,Pitch
0.019,0.081,0.834,206.430,139.440,-0.884,Pitch
0.205,0.304,1.607,-284.235,-35.534,92.549,Pitch
-0.047,0.527,1.923,-286.685,-163.966,71.190,Pitch
0.238,0.230,1.615,-286.685,-66.929,21.192,Pitch
0.043,0.151,0.907,-286.685,87.054,-8.715,Pitch
0.144,0.097,-0.099,-286.685,51.275,-14.446,Pitch
0.060,-0.240,-1.446,-286.685,-74.077,22.059,Pitch
0.157,-0.523,-1.792,-222.197,-85.348,54.897,Pitch
0.164,-0.734,-1.629,-41.676,-58.284,40.959,Pitch
0.176,-0.443,-1.697,259.823,-30.118,17.649,Pitch
0.187,-0.153,-1.333,286.685,-0.315,-31.806,Pitch
0.217,0.013,-0.209,286.685,-15.312,-62.361,Pitch
0.093,0.192,1.585,286.685,-35.577,-152.294,Pitch
0.125,-0.045,1.449,286.685,70.158,-76.676,Pitch
0.191,0.106,1.999,286.685,11.961,-25.314,Pitch
0.215,0.115,1.849,286.685,-33.757,-53.051,Pitch
0.081,0.096,1.404,252.901,86.118,-45.342,Pitch
0.039,0.668,1.794,-151.952,-14.368,63.822,Pitch
0.116,0.586,1.661,-286.685,-148.260,107.774,Pitch
0.298,0.165,1.630,-286.685,-123.436,106.050,Pitch
0.284,-0.601,1.351,-286.685,35.333,73.552,Pitch
0.159,0.382,0.512,-286.685,86.835,-7.569,Pitch
0.125,0.217,-0.394,-286.685,26.022,42.560,Pitch
0.084,0.194,-0.946,-286.685,-22.050,55.807,Pitch
-0.020,0.067,-1.592,-286.685,-52.719,55.624,Pitch
-0.053,-0.492,-1.997,-57.706,-90.353,62.186,Pitch
0.050,-0.250,-1.992,286.685,-58.765,45.579,Pitch
0.156,-0.043,-1.245,286.685,-25.007,29.278,Pitch
0.039,-0.318,-0.044,286.685,-15.951,-51.144,Pitch
0.104,0.089,0.428,286.685,-7.175,-74.935,Pitch
0.017,0.625,1.982,286.685,-63.551,-57.864,Pitch
0.374,-0.324,1.999,286.685,-145.644,-82.889,Pitch
0.339,-0.317,1.854,286.685,-79.476,-93.634,Pitch
0.201,0.620,1.091,280.700,12.364,-65.126,Pitch
0.324,0.763,1.999,-276.771,-71.759,24.124,Pitch
0.259,0.783,1.977,-286.685,-67.585,56.875,Pitch
0.286,0.020,1.541,-286.685,23.984,53.576,Pitch
0.225,-0.026,0.892,-286.685,58.581,23.800,Pitch
0.004,0.488,0.127,-286.685,34.283,42.586,Pitch
-0.047,0.302,-0.671,-286.685,-45.972,64.435,Pitch
0.040,-0.191,-1.670,-286.685,-70.507,87.290,Pitch
0.146,-0.573,-1.997,11.515,-57.173,88.935,Pitch
0.157,-0.433,-1.997,286.685,-15.934,65.048,Pitch
0.254,-0.188,-1.517,286.685,14.682,3.062,Pitch
0.136,-0.194,-0.171,286.685,-41.974,-78.715,Pitch
0.052,0.295,0.651,286.685,-12.145,-111.186,Pitch
0.143,0.458,1.913,286.685,32.112,-32.882,Pitch
0.116,0.067,1.999,286.685,-104.956,-71.890,Pitch
0.319,-0.390,1.939,286.685,-41.956,-70.070,Pitch
0.061,0.134,1.396,185.220,52.036,16.476,Pitch
0.185,0.393,1.998,-282.608,3.001,86.188,Pitch
0.208,0.471,1.975,-286.685,-0.166,78.488,Pitch
0.302,0.048,1.328,-286.685,44.100,-1.776,Pitch
0.140,-0.383,0.753,-286.685,126.569,-57.269,Pitch
0.170,0.117,0.031,-286.685,105.814,-57.531,Pitch
0.014,0.262,-0.621,-286.685,24.045,-29.706,Pitch
0.228,-0.295,-1.787,-286.370,-69.632,11.559,Pitch
0.328,-0.745,-1.985,48.064,-84.376,33.583,Pitch
0.346,-0.271,-1.735,286.685,-95.699,27.142,Pitch
0.282,0.131,-0.855,286.685,-59.666,-11.524,Pitch
0.102,0.014,0.141,286.685,14.752,-21.665,Pitch
0.076,-0.013,1.055,286.685,19.854,19.171,Pitch
-0.024,0.011,1.887,286.685,-92.662,-23.958,Pitch
0.284,-0.157,1.999,286.685,-108.920,-33.626,Pitch
0.208,-0.134,1.906,286.685,27.702,16.179,Pitch
0.115,0.395,1.242,110.434,47.057,33.661,Pitch
0.268,0.360,1.691,-282.573,-70.700,61.967,Pitch
0.205,0.031,1.427,-286.685,-99.680,82.101,Pitch
0.305,-0.030,1.570,-286.685,-106.899,89.959,Pitch
0.382,-0.171,1.171,-286.685,143.001,79.861,Pitch
0.151,-0.014,0.418,-286.685,236.924,38.605,Pitch
0.042,0.112,-0.140,-286.685,160.755,29.619,Pitch
-0.045,-0.057,-1.132,-286.685,27.221,1.339,Pitch
0.130,-0.287,-1.681,-240.074,6.344,-10.509,Pitch
0.180,-0.544,-1.997,10.141,-12.259,10.036,Pitch
0.274,-0.546,-1.997,260.487,-5.399,-1.689,Pitch
0.401,-0.090,-1.367,286.685,-35.131,3.299,Pitch
0.225,0.013,-0.083,286.685,-67.979,-38.036,Pitch
0.053,0.226,1.068,286.685,-21.350,-78.724,Pitch
0.011,0.021,1.869,286.685,23.581,-85.794,Pitch
0.085,-0.174,1.970,286.685,33.985,-39.436,Pitch
0.140,-0.102,1.800,286.685,-6.807,-10.859,Pitch
0.119,0.316,1.552,177.258,-11.743,28.683,Pitch
0.141,0.313,1.820,-80.439,-25.996,70.717,Pitch
0.287,0.353,1.574,-286.685,-71.776,87.832,Pitch
0.248,-0.079,1.581,-286.685,-36.636,33.364,Pitch
0.210,-0.194,1.299,-286.685,79.056,9.363,Pitch
0.049,0.147,0.859,-286.685,93.161,-13.571,Pitch
0.002,0.263,-0.154,-286.685,41.947,-11.165,Pitch
0.097,-0.198,-1.176,-286.685,15.627,-21.936,Pitch
0.266,-0.361,-1.549,-282.931,35.822,-0.971,Pitch
0.310,-0.489,-1.732,-211.033,-11.113,2.056,Pitch
0.349,-0.450,-1.933,193.235,-48.755,-6.580,Pitch
0.349,-0.151,-1.490,286.685,-50.391,27.869,Pitch
0.276,-0.065,-0.372,286.685,-4.296,19.880,Pitch
0.247,-0.073,0.376,286.685,-8.943,-25.384,Pitch
0.006,0.213,1.554,286.685,18.200,-65.091,Pitch
0.032,-0.190,1.999,286.685,12.136,-97.746,Pitch
0.338,-0.352,1.991,286.685,-0.262,-80.106,Pitch
0.263,0.081,1.556,286.685,23.686,-52.771,Pitch
0.165,0.199,1.416,123.777,9.240,22.094,Pitch
0.299,0.041,1.693,-226.800,-28.910,82.793,Pitch
0.157,0.137,1.417,-286.685,-92.531,125.283,Pitch
0.164,0.184,1.761,-286.685,-80.246,118.834,Pitch
0.170,-0.018,1.095,-286.685,117.941,60.060,Pitch
0.146,-0.185,0.190,-286.685,155.208,-12.014,Pitch
0.053,-0.105,-0.489,-286.685,54.084,-21.534,Pitch
0.059,-0.160,-0.934,-286.685,-36.776,-8.531,Pitch
0.186,-0.368,-1.579,-277.926,-47.092,17.964,Pitch
0.230,-0.826,-1.997,27.720,-64.619,49.070,Pitch
0.356,-0.514,-1.782,286.685,-44.888,28.892,Pitch
0.330,-0.279,-0.976,286.685,-54.784,-1.942,Pitch
0.092,-0.069,0.033,286.685,-47.066,-39.655,Pitch
0.065,0.333,1.148,286.685,26.705,-19.390,Pitch
0.116,0.017,1.676,286.685,-28.087,-35.053,Pitch
0.207,0.021,1.962,286.685,-91.525,-55.414,Pitch
0.237,0.185,1.788,286.685,-10.710,-43.260,Pitch
0.108,0.484,1.369,85.409,51.039,10.491,Pitch
0.182,0.431,1.594,-237.939,-20.440,52.605,Pitch
0.137,0.151,1.685,-286.685,-41.160,55.869,Pitch
0.294,0.197,1.675,-286.685,45.981,30.222,Pitch
0.068,0.095,1.125,-286.685,133.289,-23.004,Pitch
0.125,0.179,0.140,-286.685,47.049,-28.884,Pitch
0.094,-0.122,-0.558,-286.685,-1.409,-25.104,Pitch
0.019,-0.250,-1.325,-286.685,-19.661,-7.814,Pitch
0.203,-0.576,-1.798,-241.001,-70.656,9.800,Pitch
0.253,-0.568,-1.948,83.545,-101.124,3.570,Pitch
0.170,-0.417,-1.962,276.509,-70.516,-9.004,Pitch
0.074,-0.264,-1.364,286.685,-15.391,-33.539,Pitch
0.146,-0.021,-0.264,286.685,34.169,-38.981,Pitch
0.139,0.433,1.192,286.685,-20.055,-54.119,Pitch
0.101,0.362,1.874,286.685,-117.609,-98.079,Pitch
0.371,-0.162,1.988,286.685,-29.584,-108.421,Pitch
0.178,0.329,1.506,286.685,17.640,-39.559,Pitch
0.218,0.599,1.392,214.349,22.663,-25.751,Pitch
0.201,0.568,1.757,-90.431,-2.730,24.666,Pitch
0.112,0.803,1.971,-286.685,-20.195,95.804,Pitch
0.345,0.224,1.727,-286.685,64.137,61.950,Pitch
0.161,0.148,1.027,-286.685,144.410,24.876,Pitch
0.099,0.003,0.498,-286.685,122.999,-7.403,Pitch
0.048,0.071,0.053,-286.685,52.369,-37.476,Pitch
-0.025,0.059,-0.890,-286.685,-40.897,-25.305,Pitch
0.163,-0.555,-1.704,-285.932,-65.905,14.656,Pitch
0.143,-0.707,-1.852,-15.059,-86.887,21.420,Pitch
0.182,-0.762,-1.997,236.110,-59.710,4.121,Pitch
0.234,-0.111,-1.513,286.685,-9.608,-9.118,Pitch
0.127,0.188,-0.731,286.685,-5.443,-18.550,Pitch
0.188,0.531,0.336,286.685,-12.285,-53.778,Pitch
0.004,0.706,1.901,286.685,-66.316,-82.871,Pitch
0.277,0.017,1.999,286.685,-145.854,-132.352,Pitch
0.207,0.436,1.465,286.685,-34.921,-50.146,Pitch
0.135,0.671,1.152,55.493,23.503,14.193,Pitch
0.316,0.456,1.835,-244.755,16.835,66.789,Pitch
0.266,0.259,1.642,-286.685,8.986,116.191,Pitch
0.400,0.152,1.384,-286.685,116.095,73.789,Pitch
0.116,0.030,1.145,-286.685,189.087,16.809,Pitch
0.189,0.273,0.068,-286.685,136.649,-31.132,Pitch
0.000,-0.088,-1.036,-286.685,24.955,-35.569,Pitch
0.079,-0.472,-1.895,-286.685,-34.589,-18.462,Pitch
0.219,-1.103,-1.997,83.825,-88.707,1.925,Pitch
0.298,-0.337,-1.741,286.685,-100.607,3.763,Pitch
0.308,0.138,-1.059,286.685,-41.046,-30.940,Pitch
0.226,-0.084,-0.543,286.685,-12.381,-70.061,Pitch
0.214,0.348,0.802,286.685,24.045,-64.103,Pitch
0.168,0.527,1.535,286.685,-60.751,-85.768,Pitch
0.295,0.345,1.999,286.685,-111.099,-129.307,Pitch
0.299,0.039,1.993,286.685,38.456,-50.925,Pitch
0.173,0.678,1.081,143.841,103.259,-10.710,Pitch
0.201,0.573,1.442,-83.948,43.330,26.224,Pitch
0.214,0.222,1.598,-286.685,-6.878,78.181,Pitch
0.156,0.073,1.686,-286.685,-62.869,77.936,Pitch
0.225,0.240,1.440,-286.685,56.945,36.444,Pitch
0.040,0.095,0.943,-286.685,121.747,6.983,Pitch
0.101,0.004,0.036,-286.685,95.244,-4.673,Pitch
0.101,-0.168,-1.058,-286.685,6.291,-11.445,Pitch
0.216,-0.590,-1.809,-280.621,-88.305,0.507,Pitch
0.199,-0.725,-1.581,-87.806,-92.654,6.633,Pitch
0.247,-0.467,-1.668,243.792,-42.963,2.459,Pitch
0.306,-0.106,-1.516,286.685,25.147,3.719,Pitch
0.229,0.285,-0.096,286.685,-15.671,-25.436,Pitch
0.075,0.299,1.023,286.685,-55.072,-86.503,Pitch
0.069,0.173,1.737,286.685,-37.791,-93.616,Pitch
0.322,0.113,1.999,286.685,-40.915,-60.734,Pitch
0.341,0.153,1.632,286.685,-20.011,-15.802,Pitch
0.215,0.493,1.288,243.005,49.639,10.868,Pitch
0.288,0.505,1.861,-150.027,-15.470,60.646,Pitch
0.149,0.505,1.740,-286.685,-0.674,77.262,Pitch
0.284,-0.100,1.357,-286.685,65.240,38.456,Pitch
0.196,-0.308,1.188,-286.685,119.368,37.651,Pitch
0.016,-0.050,0.656,-286.685,129.693,6.851,Pitch
0.102,-0.015,-0.128,-286.685,75.897,-19.513,Pitch
0.062,-0.174,-0.799,-286.685,-23.292,-6.790,Pitch
0.158,-0.355,-1.357,-286.685,-44.975,11.795,Pitch
0.214,-0.578,-1.761,-113.794,-81.253,33.232,Pitch
0.142,-0.311,-1.275,115.955,-55.510,5.075,Pitch
0.186,-0.368,-1.519,283.981,-43.138,-1.803,Pitch
0.174,-0.513,-1.153,286.685,-54.250,-8.024,Pitch
0.107,-0.264,-0.213,286.685,-55.405,-36.374,Pitch
0.094,0.332,1.157,286.685,14.840,-93.503,Pitch
-0.000,-0.273,1.836,286.685,8.864,-85.566,Pitch
0.267,-0.091,1.881,286.685,-41.650,-93.319,Pitch
0.117,0.388,1.664,286.685,-2.170,-50.251,Pitch
0.113,0.428,1.431,224.639,-0.770,2.109,Pitch
0.204,0.392,1.814,-165.130,-54.171,76.213,Pitch
0.251,0.352,1.787,-286.685,-101.238,98.473,Pitch
0.180,0.312,1.870,-286.685,15.243,51.144,Pitch
0.112,0.124,0.929,-286.685,113.662,2.572,Pitch
0.122,-0.049,0.279,-286.685,97.799,-43.059,Pitch
0.127,0.237,-0.235,-286.685,11.288,-26.355,Pitch
0.007,-0.132,-1.152,-286.685,-121.275,2.590,Pitch
0.226,-0.402,-1.670,-267.934,-80.588,30.083,Pitch
0.163,-0.645,-1.997,11.568,-43.006,39.839,Pitch
0.151,-0.476,-1.997,266.954,1.689,21.604,Pitch
0.167,-0.102,-1.383,286.685,16.118,-6.274,Pitch
0.164,0.059,0.075,286.685,22.120,-37.083,Pitch
0.114,0.464,1.298,286.685,33.565,-77.577,Pitch
-0.058,0.234,1.938,286.685,-3.465,-62.641,Pitch
0.292,-0.199,1.999,286.685,-101.491,-88.629,Pitch
0.025,0.296,1.498,286.685,57.076,-64.277,Pitch
0.163,0.304,1.425,75.652,38.614,-21.114,Pitch
0.095,0.259,1.723,-201.443,4.340,28.753,Pitch
0.125,0.227,1.821,-286.685,-80.754,90.659,Pitch
0.209,0.227,1.896,-286.685,-26.994,40.521,Pitch
0.135,-0.025,1.110,-286.685,53.165,2.791,Pitch
0.189,0.181,0.602,-286.685,60.095,-18.086,Pitch
-0.024,0.483,-0.451,-286.685,14.149,-5.119,Pitch
0.178,-0.140,-1.765,-286.685,3.395,-31.622,Pitch
0.394,-0.723,-1.997,-122.089,-40.057,-9.389,Pitch
0.446,-0.700,-1.997,157.946,-100.984,18.147,Pitch
0.368,-0.026,-1.743,286.685,-71.855,25.909,Pitch
0.176,0.060,-0.890,286.685,22.347,14.586,Pitch
0.257,0.637,0.236,286.685,72.082,19.241,Pitch
0.168,1.145,1.560,286.685,5.259,1.216,Pitch
-0.026,-0.014,1.999,286.685,-114.415,-98.805,Pitch
0.245,-0.126,1.942,286.685,-37.669,-41.064,Pitch
0.154,0.450,1.354,220.736,19.731,-5.722,Pitch
0.220,0.207,1.999,-274.085,20.781,48.816,Pitch
0.165,0.531,1.875,-286.685,31.308,58.188,Pitch
0.123,0.034,1.508,-286.685,60.952,7.350,Pitch
0.055,-0.074,0.707,-286.685,60.594,-21.577,Pitch
0.265,0.135,-0.108,-286.685,6.116,-45.351,Pitch
-0.036,0.119,-0.857,-286.685,-76.668,20.449,Pitch
-0.009,-0.435,-1.961,-286.431,-148.925,80.710,Pitch
0.110,-1.206,-1.997,132.003,-94.999,59.395,Pitch
0.298,-0.210,-1.786,286.685,-30.739,3.001,Pitch
0.290,0.164,-1.222,286.685,-6.081,5.819,Pitch
0.065,0.299,0.224,286.685,-101.990,-38.675,Pitch
0.064,0.430,1.771,286.685,-41.090,-133.315,Pitch
0.268,0.181,1.999,286.685,-74.576,-74.156,Pitch
0.280,0.303,1.956,286.685,-59.141,-89.189,Pitch
0.110,0.132,1.293,137.708,16.266,-46.734,Pitch
0.088,0.659,1.999,-286.685,-24.159,99.715,Pitch
0.306,0.027,1.556,-286.685,87.701,52.876,Pitch
0.230,-0.115,1.205,-286.685,111.396,26.950,Pitch
0.051,-0.115,0.477,-286.685,87.622,-11.585,Pitch
0.086,-0.036,-0.343,-286.685,27.843,-9.669,Pitch
0.011,-0.218,-1.080,-286.685,-56.569,15.120,Pitch
0.174,-0.772,-1.874,-278.241,-91.088,29.584,Pitch
0.203,-1.133,-1.991,264.022,-77.298,41.046,Pitch
0.152,-0.087,-1.281,286.685,-33.294,-4.515,Pitch
0.086,-0.020,-0.529,286.685,-64.181,-40.985,Pitch
0.123,0.103,0.300,286.685,-90.685,-87.561,Pitch
0.140,0.667,1.262,286.685,-85.374,-133.682,Pitch
0.296,0.294,1.999,286.685,-46.349,-144.900,Pitch
0.265,-0.114,1.291,286.685,147.219,-81.594,Pitch
0.028,0.824,0.880,124.285,82.967,-26.066,Pitch
0.153,0.459,1.997,-286.186,-58.669,50.461,Pitch
0.072,0.265,1.853,-286.685,-78.470,79.739,Pitch
0.266,0.070,1.621,-286.685,51.923,20.239,Pitch
0.029,0.190,0.980,-286.685,107.537,-19.372,Pitch
0.151,0.110,0.063,-286.685,33.854,-66.036,Pitch
-0.064,0.025,-0.779,-286.685,-126.770,-1.006,Pitch
0.078,-0.286,-1.655,-286.685,-135.345,35.009,Pitch
0.278,-0.639,-1.997,-21.359,-89.486,27.580,Pitch
0.131,-0.490,-1.997,282.599,-29.032,12.512,Pitch
0.059,-0.044,-1.508,286.685,27.624,-10.238,Pitch
0.041,0.379,-0.700,286.685,27.003,-65.223,Pitch
0.157,1.062,1.315,286.685,2.249,-103.757,Pitch
0.197,0.622,1.999,286.685,-24.780,-82.933,Pitch
0.431,-0.383,1.999,286.685,-137.384,-110.994,Pitch
0.079,0.279,1.101,286.685,59.631,-94.832,Pitch
0.300,0.203,1.837,-14.464,10.334,-14.831,Pitch
0.215,0.141,1.999,-281.522,37.301,67.471,Pitch
0.087,0.341,1.997,-286.685,60.708,74.707,Pitch
0.034,-0.057,1.847,-286.685,59.351,17.509,Pitch
0.097,0.493,0.365,-286.685,7.131,-97.440,Pitch
0.190,0.294,-0.586,-286.685,-100.415,-50.890,Pitch
0.052,0.058,-1.480,-286.685,-205.048,0.647,Pitch
0.230,-0.546,-1.968,-85.470,-162.540,63.481,Pitch
0.123,-0.299,-1.997,270.261,-11.699,44.257,Pitch
-0.102,-0.055,-1.626,286.685,56.044,10.342,Pitch
-0.036,0.136,-0.910,286.685,54.136,-30.144,Pitch
0.078,0.694,1.120,286.685,-14.551,-99.689,Pitch
0.209,0.311,1.994,286.685,-63.770,-103.941,Pitch
0.332,0.208,1.999,286.685,-80.868,-104.475,Pitch
0.500,-0.075,1.889,286.685,3.859,-105.613,Pitch
0.238,0.386,1.283,258.956,49.131,-25.226,Pitch
0.236,0.420,1.773,-43.575,54.224,24.430,Pitch
0.099,0.388,1.982,-286.685,47.548,59.159,Pitch
0.099,0.698,1.977,-286.685,30.345,39.839,Pitch
0.144,-0.036,1.622,-286.685,29.225,-10.903,Pitch
0.007,0.159,0.800,-286.685,70.945,-71.251,Pitch
0.202,0.374,-0.187,-286.685,-9.905,-74.926,Pitch
0.002,0.303,-0.788,-286.685,-114.826,-4.541,Pitch
0.136,-0.278,-1.656,-286.685,-178.658,66.439,Pitch
0.159,-0.648,-1.969,-12.364,-70.350,60.393,Pitch
0.105,-0.256,-1.981,286.685,32.200,13.248,Pitch
0.023,-0.063,-1.510,286.685,53.594,-22.872,Pitch
0.147,0.465,-0.582,286.685,-12.880,-73.920,Pitch
0.250,1.035,1.617,286.685,-55.335,-129.666,Pitch
0.255,0.072,1.999,286.685,-43.452,-86.835,Pitch
0.388,-0.506,1.999,286.685,-66.824,-59.833,Pitch
0.264,0.086,1.383,285.758,33.495,-37.450,Pitch
0.259,0.263,1.863,-62.396,39.296,25.200,Pitch
0.145,0.138,1.932,-286.685,-9.765,68.119,Pitch
0.312,0.190,1.718,-286.685,7.823,30.109,Pitch
0.145,-0.141,1.093,-286.685,87.220,7.744,Pitch
0.128,-0.018,0.391,-286.685,85.619,-29.531,Pitch
0.034,0.280,-0.340,-286.685,12.565,-2.634,Pitch
-0.013,0.094,-0.992,-286.685,-80.220,25.305,Pitch
0.197,-0.138,-1.578,-285.145,-124.162,25.174,Pitch
0.163,-0.493,-1.997,-65.931,-92.505,28.726,Pitch
0.184,-0.389,-1.969,286.685,1.225,1.505,Pitch
0.179,-0.188,-1.254,286.685,3.483,-12.836,Pitch
0.188,0.362,-0.393,286.685,-2.441,-24.456,Pitch
0.169,0.393,1.391,286.685,-78.890,-108.141,Pitch
0.241,-0.089,1.999,286.685,-35.971,-148.549,Pitch
0.163,-0.377,1.999,286.685,-13.965,-75.906,Pitch
0.302,-0.338,1.604,286.685,-6.562,-68.565,Pitch
0.125,0.181,1.297,243.486,68.950,-44.966,Pitch
0.162,0.300,1.999,-240.730,-19.311,45.080,Pitch
-0.022,0.705,1.999,-286.685,-72.327,91.131,Pitch
0.315,0.073,1.650,-286.685,-25.427,66.098,Pitch
0.191,-0.001,0.602,-286.685,82.232,7.936,Pitch
0.272,-0.052,-0.045,-286.685,30.651,-38.885,Pitch
0.038,0.157,-0.587,-286.685,-117.162,16.826,Pitch
-0.003,0.072,-1.194,-286.685,-144.830,38.710,Pitch
0.050,-0.102,-1.985,-166.399,-77.893,33.232,Pitch
0.175,-0.289,-1.997,227.973,-20.878,33.162,Pitch
0.211,-0.084,-1.550,286.685,17.640,-0.691,Pitch
0.096,-0.052,-1.082,286.685,18.086,-52.264,Pitch
0.035,0.341,0.330,286.685,36.645,-68.827,Pitch
0.328,0.305,1.999,286.685,24.868,-90.746,Pitch
0.207,-0.094,1.999,286.685,-23.424,-92.470,Pitch
0.345,-0.152,1.999,286.685,-54.250,-79.573,Pitch
0.263,0.101,1.515,286.685,26.364,-66.036,Pitch
0.228,0.292,1.633,4.952,2.126,-2.791,Pitch
0.222,0.415,1.956,-286.685,-44.153,84.507,Pitch
0.174,0.291,1.932,-286.685,-32.200,90.370,Pitch
0.311,-0.020,1.454,-286.685,44.021,52.404,Pitch
0.151,-0.063,0.991,-286.685,90.860,-25.900,Pitch
0.172,0.514,0.266,-286.685,27.624,-28.674,Pitch
-0.058,0.535,-0.532,-286.685,-45.054,-33.434,Pitch
0.141,0.169,-1.920,-286.685,-112.726,-28.639,Pitch
0.297,-0.363,-1.997,-34.956,-129.115,-3.430,Pitch
0.231,-0.038,-1.997,283.728,-74.191,26.478,Pitch
0.132,0.122,-1.352,286.685,58.170,-5.329,Pitch
0.081,-0.030,-0.483,286.685,82.897,-15.951,Pitch
0.226,0.489,0.668,286.685,61.679,-34.318,Pitch
0.102,0.762,1.991,286.685,-37.520,-78.015,Pitch
0.294,-0.665,1.999,286.685,-50.269,-68.014,Pitch
0.342,-0.632,1.979,286.685,23.677,-7.385,Pitch
0.183,0.287,1.067,274.820,85.488,29.663,Pitch
0.273,0.106,1.963,-116.113,0.945,12.547,Pitch
0.167,0.572,1.856,-286.685,-53.130,45.456,Pitch
0.108,0.368,1.870,-286.685,-33.189,20.256,Pitch
0.127,-0.029,1.337,-286.685,102.139,20.764,Pitch
0.266,0.302,0.044,-286.685,79.774,-41.877,Pitch
0.195,-0.041,-0.661,-286.685,-12.915,-20.676,Pitch
0.112,-0.158,-1.162,-286.685,-73.955,10.124,Pitch
0.232,-0.389,-1.761,-256.314,-49.429,17.745,Pitch
0.289,-0.837,-1.997,131.670,-43.479,32.375,Pitch
0.268,-0.319,-1.630,286.685,-38.911,13.099,Pitch
0.173,-0.195,-1.230,286.685,0.157,-10.054,Pitch
0.183,0.332,0.011,286.685,-1.146,-13.151,Pitch
-0.003,0.773,1.233,286.685,5.014,-39.769,Pitch
0.138,0.159,1.999,286.685,-32.042,-45.211,Pitch
0.162,-0.282,1.999,286.685,-74.296,-54.206,Pitch
0.172,0.210,1.263,279.134,-10.307,-41.974,Pitch
0.135,0.390,1.994,-219.564,9.292,28.647,Pitch
0.230,0.477,1.999,-286.685,21.621,68.556,Pitch
0.321,0.332,1.684,-286.685,95.200,-7.691,Pitch
0.064,0.137,0.955,-286.685,78.636,-55.029,Pitch
0.098,0.170,-0.103,-286.685,-3.036,-44.459,Pitch
0.060,-0.076,-0.984,-286.685,-95.375,-8.496,Pitch
0.134,-0.254,-1.195,-286.685,-102.314,15.943,Pitch
0.147,-0.284,-1.619,-243.495,-93.686,0.639,Pitch
0.223,-0.574,-1.997,169.811,-49.525,11.340,Pitch
0.180,-0.273,-1.794,286.685,13.326,0.446,Pitch
0.139,0.040,-0.602,286.685,26.058,-36.059,Pitch
0.168,0.188,0.384,286.685,5.241,-56.822,Pitch
0.141,0.601,1.373,286.685,12.425,-81.471,Pitch
0.217,0.205,1.999,286.685,-71.304,-88.865,Pitch
0.294,-0.328,1.999,286.685,-22.776,-50.575,Pitch
0.235,0.122,1.437,273.473,16.397,-16.494,Pitch
0.183,0.563,1.999,-224.044,41.300,34.318,Pitch
0.144,0.413,1.842,-286.685,34.816,58.826,Pitch
0.177,0.070,1.343,-286.685,76.020,3.395,Pitch
0.103,0.089,0.735,-286.685,78.698,-46.305,Pitch
0.262,-0.008,-0.182,-286.685,10.360,-81.454,Pitch
0.059,-0.103,-0.923,-286.685,-113.829,-17.010,Pitch
0.134,-0.351,-1.489,-286.685,-117.775,22.628,Pitch
0.238,-0.835,-1.997,37.861,-55.571,29.619,Pitch
0.203,-0.467,-1.997,284.646,14.210,56.394,Pitch
0.185,-0.015,-1.474,286.685,23.931,22.951,Pitch
0.270,0.393,-0.297,286.685,-13.414,-0.341,Pitch
0.093,0.860,1.425,286.685,-60.979,-59.806,Pitch
0.105,0.286,1.999,286.685,-72.467,-77.096,Pitch
0.217,0.007,1.999,286.685,-72.144,-48.615,Pitch
0.228,0.161,1.341,286.449,30.048,-43.697,Pitch
0.133,0.648,1.792,-106.549,36.470,8.645,Pitch
0.140,0.450,1.868,-286.685,0.525,51.231,Pitch
0.205,0.248,1.824,-286.685,27.011,60.533,Pitch
0.265,0.147,1.088,-286.685,127.942,12.950,Pitch
0.091,-0.290,0.299,-286.685,131.819,-61.705,Pitch
0.158,-0.017,-0.148,-286.685,77.402,-80.404,Pitch
0.032,-0.098,-0.814,-286.685,-65.957,-10.115,Pitch
0.134,-0.497,-1.319,-286.046,-119.735,33.635,Pitch
0.191,-0.787,-1.986,-41.956,-94.500,42.499,Pitch
0.222,-0.527,-1.914,286.685,-17.885,28.044,Pitch
0.172,-0.211,-1.601,286.685,-4.900,12.976,Pitch
0.103,0.122,-0.521,286.685,-49.752,-29.724,Pitch
0.082,0.375,0.866,286.685,-44.546,-72.713,Pitch
0.086,0.001,1.994,286.685,-74.209,-99.496,Pitch
0.212,0.228,1.999,286.685,-120.269,-110.906,Pitch
0.204,0.163,1.809,286.685,-12.749,-101.876,Pitch
0.056,0.479,1.033,163.818,15.199,-14.578,Pitch
0.206,0.666,1.944,-263.603,-11.445,62.178,Pitch
0.152,0.365,1.777,-286.685,-14.052,92.986,Pitch
0.341,0.124,1.877,-286.685,49.665,82.994,Pitch
0.107,0.127,1.319,-286.685,172.034,28.044,Pitch
0.157,0.253,0.390,-286.685,134.803,-71.794,Pitch
0.165,0.290,-0.281,-286.685,45.640,-56.919,Pitch
-0.013,-0.043,-1.157,-286.685,-85.881,-11.165,Pitch
0.127,-0.241,-1.837,-284.891,-95.664,-8.934,Pitch
0.193,-0.500,-1.997,76.545,-109.183,-9.012,Pitch
0.199,-0.338,-1.997,279.545,-53.095,10.797,Pitch
0.158,0.052,-1.557,286.685,17.938,-16.739,Pitch
0.165,0.299,-0.434,286.685,30.835,-22.347,Pitch
0.153,0.885,1.005,286.685,-69.274,-50.557,Pitch
0.095,0.788,1.988,286.685,-115.631,-95.830,Pitch
0.233,-0.048,1.999,286.685,-104.921,-85.155,Pitch
0.243,-0.052,1.659,286.685,26.845,-18.559,Pitch
0.153,0.742,1.211,44.459,22.663,6.851,Pitch
0.258,0.210,1.988,-250.259,-21.647,57.417,Pitch
0.108,0.463,1.744,-286.685,-12.276,61.950,Pitch
0.243,-0.008,1.340,-286.685,101.150,45.693,Pitch
0.066,-0.080,0.505,-286.685,155.339,-16.091,Pitch
0.225,-0.229,0.036,-286.685,110.092,-41.772,Pitch
0.017,0.188,-0.537,-286.685,-28.411,-14.131,Pitch
0.066,-0.214,-1.477,-286.685,-98.044,22.995,Pitch
0.203,-0.635,-1.997,-40.303,-88.296,29.820,Pitch
0.206,-0.651,-1.997,220.526,-74.156,24.264,Pitch
0.276,-0.079,-1.756,286.685,-23.949,10.167,Pitch
0.182,0.178,-0.770,286.685,-35.105,-2.888,Pitch
0.003,0.489,1.072,286.685,-94.246,-63.866,Pitch
0.101,0.363,1.780,286.685,-55.239,-87.815,Pitch
0.120,-0.027,1.999,286.685,-113.522,-58.678,Pitch
0.280,0.065,1.652,286.685,-84.709,-57.076,Pitch
0.242,0.480,1.222,225.330,10.929,-21.788,Pitch
0.254,0.462,1.753,-16.144,4.392,35.752,Pitch
0.223,0.541,1.999,-286.685,3.754,83.842,Pitch
0.397,0.459,1.792,-286.685,80.098,60.322,Pitch
0.074,0.021,1.163,-286.685,196.954,23.319,Pitch
-0.032,0.041,0.555,-286.685,165.751,-84.018,Pitch
0.126,0.187,-0.658,-286.685,64.942,-68.836,Pitch
0.072,-0.433,-1.450,-286.685,-124.854,-23.931,Pitch
0.206,-0.691,-1.633,-166.976,-87.159,9.765,Pitch
0.178,-0.683,-1.747,139.947,-14.446,9.608,Pitch
0.302,-0.305,-1.770,286.431,39.191,31.622,Pitch
0.269,-0.110,-1.225,286.685,17.675,64.514,Pitch
0.085,0.433,-0.136,286.685,-96.329,18.016,Pitch
-0.013,0.585,1.820,286.685,-40.924,-75.504,Pitch
-0.057,-0.204,1.999,286.685,-77.796,-93.966,Pitch
0.173,-0.135,1.999,286.685,-69.808,-70.595,Pitch
0.067,0.398,1.119,286.431,30.765,-57.960,Pitch
0.135,0.259,1.891,-45.194,12.836,18.620,Pitch
0.135,0.455,1.970,-283.999,-5.372,59.553,Pitch
0.205,0.341,1.959,-286.685,-9.144,66.308,Pitch
0.113,0.188,1.407,-286.685,117.530,7.700,Pitch
0.119,0.039,0.020,-286.685,113.662,-74.095,Pitch
0.140,-0.151,-0.484,-286.685,37.774,-59.605,Pitch
0.101,-0.383,-0.922,-286.685,-85.199,-6.265,Pitch
0.203,-0.501,-1.587,-268.336,-37.432,10.071,Pitch
0.211,-0.590,-1.396,37.004,-40.714,-3.745,Pitch
0.171,-0.616,-1.751,194.723,-45.693,-5.714,Pitch
0.315,-0.353,-1.447,286.685,10.544,-8.470,Pitch
0.290,-0.144,-1.050,286.685,-53.340,37.459,Pitch
0.189,0.834,0.141,286.685,-67.323,44.678,Pitch
0.048,1.351,1.993,286.685,-116.323,-104.493,Pitch
0.202,0.131,1.999,286.685,-107.844,-177.686,Pitch
0.402,-0.057,1.899,286.685,-4.944,-97.764,Pitch
0.041,0.640,1.707,51.511,133.726,-25.209,Pitch
0.213,0.766,1.722,-284.121,100.800,57.181,Pitch
0.107,0.375,1.999,-286.685,2.739,57.339,Pitch
0.050,1.095,0.880,-286.685,-18.060,-55.536,Pitch
0.197,-0.420,-0.500,-286.685,-76.046,-61.162,Pitch
0.149,-0.828,-0.312,-286.685,-91.674,-47.897,Pitch
0.139,0.130,-0.763,-286.685,-124.425,36.794,Pitch
0.180,-0.255,-1.792,-216.974,-78.698,91.402,Pitch
0.152,-0.733,-1.997,215.145,35.499,110.320,Pitch
0.217,0.063,-1.698,286.685,40.985,84.534,Pitch
0.103,0.276,-1.252,286.685,-3.430,27.020,Pitch
-0.007,0.423,0.164,286.685,-73.010,-109.244,Pitch
0.083,0.585,1.999,286.685,-8.129,-125.624,Pitch
0.175,0.080,1.999,286.685,-38.176,-34.571,Pitch
0.351,-0.205,1.999,286.685,-33.057,-39.646,Pitch
0.350,0.147,1.759,49.674,57.452,-25.392,Pitch
0.064,0.336,1.956,-286.186,27.466,38.509,Pitch
0.046,-0.013,1.906,-286.685,30.153,44.984,Pitch
-0.018,0.333,1.327,-286.685,36.094,11.200,Pitch
0.069,0.302,0.246,-286.685,9.284,-21.052,Pitch
0.084,0.070,-1.136,-286.685,-73.211,0.140,Pitch
0.224,-0.512,-1.675,-286.685,-140.184,58.678,Pitch
0.050,-0.448,-1.397,-213.859,-70.796,61.136,Pitch
0.083,-0.157,-1.563,85.995,-8.925,5.460,Pitch
0.058,-0.239,-1.997,286.685,23.144,0.140,Pitch
0.206,-0.006,-1.191,286.685,-1.251,3.098,Pitch
0.189,0.075,-0.556,286.685,-64.522,-10.448,Pitch
0.128,0.948,1.029,286.685,-57.662,-58.914,Pitch
0.087,0.392,1.999,286.685,-56.359,-101.876,Pitch
0.241,-0.165,1.999,286.685,-113.680,-96.845,Pitch
0.265,-0.045,1.911,268.100,-5.906,-71.680,Pitch
0.112,0.763,1.973,-277.979,15.488,35.236,Pitch
0.180,0.085,1.999,-286.685,37.406,92.339,Pitch
0.125,0.098,1.167,-286.685,104.702,13.274,Pitch
0.142,-0.011,0.328,-286.685,100.223,-34.475,Pitch
0.206,-0.180,-0.763,-286.685,36.356,-29.767,Pitch
0.021,-0.213,-1.216,-286.685,-90.291,16.634,Pitch
0.132,-0.483,-1.773,-148.680,-142.800,38.062,Pitch
0.208,-0.643,-1.952,283.719,-49.604,20.431,Pitch
0.241,-0.009,-1.726,286.685,-29.076,35.035,Pitch
0.129,0.259,-0.766,286.685,15.715,-26.110,Pitch
0.014,0.263,0.436,286.685,-21.569,-74.882,Pitch
0.021,0.661,1.840,286.685,-15.698,-93.984,Pitch
0.012,-0.067,1.999,286.685,-59.815,-85.277,Pitch
0.222,-0.248,1.997,286.685,-31.561,-31.833,Pitch
0.211,0.525,1.235,260.277,45.447,5.364,Pitch
0.186,0.483,1.895,-197.908,22.103,40.092,Pitch
0.145,0.458,1.782,-286.685,-16.188,48.213,Pitch
0.205,0.422,1.734,-286.685,7.726,20.458,Pitch
0.137,-0.022,0.782,-286.685,130.410,-39.174,Pitch
0.108,-0.308,-0.256,-286.685,80.412,-69.904,Pitch
0.264,-0.438,-0.600,-286.685,29.208,-43.890,Pitch
0.021,-0.348,-0.918,-286.685,-47.696,12.285,Pitch
0.203,-0.439,-1.437,-179.725,-102.069,21.691,Pitch
0.258,-0.834,-1.952,225.444,-111.344,25.778,Pitch
0.299,-0.420,-1.934,286.685,-121.205,-4.576,Pitch
0.243,0.246,-0.909,286.685,-74.226,-48.029,Pitch
-0.011,0.185,0.453,286.685,-2.730,-110.005,Pitch
0.021,0.095,1.393,286.685,40.530,-78.601,Pitch
0.038,-0.169,1.999,286.685,1.969,-39.375,Pitch
0.159,-0.456,1.999,286.685,-36.908,-14.254,Pitch
0.144,0.254,1.632,196.122,29.417,26.950,Pitch
0.168,0.482,1.999,-251.851,19.355,51.958,Pitch
0.209,0.217,1.999,-286.685,25.375,38.141,Pitch
0.115,0.223,1.285,-286.685,102.777,-26.320,Pitch
0.110,0.038,0.248,-286.685,115.859,-65.905,Pitch
0.095,-0.198,-0.698,-286.685,2.818,-50.356,Pitch
0.093,-0.203,-1.187,-286.685,-86.380,5.057,Pitch
0.178,-0.371,-1.445,-248.264,-123.427,61.749,Pitch
0.068,-0.793,-1.725,87.754,-26.679,43.461,Pitch
0.157,-0.089,-1.789,286.685,-20.020,12.416,Pitch
0.178,0.018,-0.981,286.685,-32.480,3.386,Pitch
0.129,0.092,-0.174,286.685,-68.355,-25.690,Pitch
0.065,0.415,1.299,286.685,-47.285,-78.120,Pitch
-0.004,-0.343,1.999,286.685,-27.606,-70.429,Pitch
0.130,-0.235,1.999,286.685,-64.321,-31.106,Pitch
0.276,-0.177,1.810,286.685,-36.706,-14.892,Pitch
0.149,0.549,1.723,27.694,12.443,23.590,Pitch
0.236,0.493,1.999,-286.685,41.265,63.359,Pitch
0.215,0.302,1.738,-286.685,111.668,-15.015,Pitch
0.058,0.238,0.964,-286.685,102.620,-61.653,Pitch
0.178,-0.082,-0.196,-286.685,59.981,-84.770,Pitch
0.108,-0.143,-0.916,-286.685,-40.539,-30.240,Pitch
0.051,-0.357,-1.396,-285.652,-121.126,42.271,Pitch
0.141,-0.649,-1.799,51.888,-34.107,22.584,Pitch
0.262,-0.491,-1.997,285.215,-15.409,29.689,Pitch
0.221,0.004,-1.401,286.685,-17.036,36.785,Pitch
0.195,0.338,-0.462,286.685,-88.926,-10.684,Pitch
0.183,0.665,0.694,286.685,-104.641,-113.741,Pitch
0.041,0.275,1.999,286.685,-96.031,-122.509,Pitch
0.231,-0.172,1.999,286.685,-54.539,-92.671,Pitch
0.256,0.020,1.406,286.685,67.454,-58.678,Pitch
0.165,0.512,1.352,-42.394,87.771,31.789,Pitch
0.172,0.342,1.803,-282.223,1.811,88.541,Pitch
0.196,0.111,1.798,-286.685,24.946,67.541,Pitch
0.188,-0.043,1.399,-286.685,103.548,19.250,Pitch
0.046,-0.159,0.815,-286.685,143.264,-17.019,Pitch
0.022,-0.417,0.002,-286.685,110.976,-54.364,Pitch
0.012,-0.302,-0.353,-286.685,1.628,-1.225,Pitch
0.089,-0.393,-0.877,-286.685,-43.164,36.610,Pitch
0.062,-0.600,-1.195,-233.651,-12.863,22.645,Pitch
0.190,-0.689,-1.681,-24.649,-1.776,4.961,Pitch
0.236,-0.539,-1.759,281.557,-33.180,4.121,Pitch
0.251,-0.073,-1.257,286.685,-63.219,29.820,Pitch
0.091,-0.182,-0.622,286.685,-54.924,-25.926,Pitch
-0.074,0.055,0.408,286.685,-17.666,-45.850,Pitch
0.019,0.236,1.306,286.685,-12.539,-62.965,Pitch
0.029,0.223,1.982,286.685,-116.235,-109.707,Pitch
0.142,0.148,1.999,286.685,-44.135,-66.045,Pitch
0.065,0.499,1.241,283.832,-20.212,-23.468,Pitch
0.090,0.843,1.770,-81.961,-16.030,33.127,Pitch
0.148,0.613,1.999,-286.685,-9.634,78.103,Pitch
0.221,0.389,1.980,-286.685,71.741,41.746,Pitch
0.152,0.295,1.130,-286.685,112.192,9.555,Pitch
0.005,0.046,0.374,-286.685,103.915,-60.935,Pitch
0.082,0.162,-0.623,-286.685,9.345,-34.090,Pitch
0.080,-0.048,-1.131,-286.685,-76.326,1.610,Pitch
0.191,-0.640,-1.730,-282.809,-64.243,4.182,Pitch
0.244,-0.657,-1.984,46.585,-46.112,7.105,Pitch
0.286,-0.198,-1.801,286.685,-23.712,35.516,Pitch
0.286,-0.108,-1.595,286.685,-43.811,36.969,Pitch
0.163,0.089,-0.889,286.685,-39.200,18.506,Pitch
0.194,0.588,0.832,286.685,-51.397,-28.831,Pitch
-0.057,0.371,1.999,286.685,-95.812,-112.262,Pitch
0.115,-0.464,1.999,286.685,-67.988,-73.640,Pitch
0.207,0.105,1.768,286.685,-0.954,-29.802,Pitch
0.130,0.498,1.523,145.495,55.011,-20.965,Pitch
0.064,0.366,1.999,-286.580,-35.717,46.909,Pitch
0.231,0.571,1.863,-286.685,45.264,33.294,Pitch
0.007,0.214,1.301,-286.685,92.295,-20.230,Pitch
0.071,0.165,0.230,-286.685,72.625,-69.930,Pitch
0.168,0.054,-0.595,-286.685,9.538,-74.043,Pitch
0.015,-0.153,-1.033,-286.685,-114.993,22.890,Pitch
0.112,-0.408,-1.400,-220.395,-68.092,36.890,Pitch
0.156,-0.555,-1.977,-11.375,-42.814,16.817,Pitch
0.265,-0.413,-1.997,285.416,-91.079,19.180,Pitch
0.277,-0.026,-1.471,286.685,-45.334,33.976,Pitch
0.195,-0.021,-0.787,286.685,-55.265,-35.061,Pitch
0.017,0.285,0.534,286.685,-78.426,-116.935,Pitch
0.036,0.720,1.913,286.685,-12.740,-163.529,Pitch
0.140,0.023,1.999,286.685,-39.769,-71.269,Pitch
0.335,-0.009,1.924,286.685,16.993,-51.748,Pitch
0.232,0.590,1.405,123.287,66.456,-25.576,Pitch
0.193,0.579,1.999,-286.361,-49.691,57.041,Pitch
0.268,0.273,1.887,-286.685,10.579,94.692,Pitch
0.236,0.021,1.464,-286.685,122.027,29.365,Pitch
0.063,-0.060,0.524,-286.685,143.771,-18.296,Pitch
0.088,-0.262,-0.300,-286.685,73.824,-51.494,Pitch
0.019,-0.179,-0.714,-286.685,-78.391,0.079,Pitch
0.076,-0.243,-1.236,-286.466,-80.159,20.597,Pitch
0.227,-0.628,-1.884,-115.535,-47.460,28.726,Pitch
0.244,-0.445,-1.997,283.036,-51.205,40.722,Pitch
0.334,0.014,-1.387,286.685,-64.216,48.667,Pitch
0.196,0.010,-0.808,286.685,-114.223,-25.060,Pitch
0.038,0.546,0.775,286.685,-82.959,-91.927,Pitch
-0.008,0.110,1.999,286.685,-47.836,-140.857,Pitch
0.210,0.208,1.929,286.685,-21.429,-81.576,Pitch
0.253,0.160,1.791,286.685,-20.632,-69.799,Pitch
0.176,0.286,1.622,205.660,-2.293,-53.121,Pitch
0.151,0.668,1.999,-274.986,18.996,50.312,Pitch
0.187,0.225,1.994,-286.685,82.652,81.848,Pitch
0.081,0.211,1.728,-286.685,120.680,4.847,Pitch
-0.067,0.234,0.742,-286.685,114.817,-57.260,Pitch
0.121,-0.115,-0.500,-286.685,48.440,-85.470,Pitch
0.121,-0.271,-1.036,-286.685,-90.466,-37.572,Pitch
0.103,-0.325,-1.376,-286.204,-96.985,18.865,Pitch
0.235,-0.301,-1.738,-127.374,-76.309,16.782,Pitch
0.250,-0.302,-1.996,276.789,-31.605,40.924,Pitch
0.269,-0.126,-1.659,286.685,-32.585,67.489,Pitch
0.127,0.060,-0.765,286.685,-54.941,-3.719,Pitch
0.104,0.250,0.248,286.685,-104.361,-76.816,Pitch
0.118,0.209,1.950,286.685,-90.300,-142.931,Pitch
0.126,-0.264,1.999,286.685,-49.359,-71.243,Pitch
0.323,-0.213,1.975,286.685,-52.054,-14.525,Pitch
0.321,0.286,1.503,209.116,-37.109,3.351,Pitch
0.278,-0.259,1.982,-108.238,-7.980,25.471,Pitch
0.198,-0.002,1.864,-286.685,12.766,51.826,Pitch
0.221,0.311,1.419,-286.685,97.055,20.335,Pitch
-0.061,0.128,0.766,-286.685,115.132,-1.146,Pitch
-0.042,0.048,-0.125,-286.685,76.921,-0.595,Pitch
0.072,0.149,-1.159,-286.685,14.586,-20.326,Pitch
0.287,-0.290,-1.655,-280.962,-45.894,-19.040,Pitch
0.222,-0.445,-1.568,-103.740,-47.364,-1.584,Pitch
0.258,-0.248,-1.973,113.925,-26.346,4.970,Pitch
0.343,-0.122,-1.986,286.685,-30.940,79.511,Pitch
0.302,0.111,-0.760,286.685,-25.112,79.144,Pitch
0.103,0.364,0.486,286.685,-90.711,-61.784,Pitch
-0.063,0.384,1.832,286.685,-67.077,-133.499,Pitch
-0.031,-0.457,1.999,286.685,50.864,-42.280,Pitch
0.211,-0.446,1.898,286.685,-7.193,25.218,Pitch
0.211,0.198,1.116,205.135,4.961,16.021,Pitch
0.176,0.187,1.474,-14.472,-34.318,31.308,Pitch
0.232,-0.073,1.780,-284.725,-43.356,62.002,Pitch
0.202,0.318,1.748,-286.685,70.350,26.565,Pitch
0.110,0.152,1.263,-286.685,158.217,-59.789,Pitch
-0.124,0.011,0.372,-286.685,111.081,-93.345,Pitch
0.092,-0.138,-0.557,-286.685,21.612,-71.382,Pitch
0.058,-0.122,-1.185,-286.685,-48.641,-22.767,Pitch
0.282,-0.292,-1.683,-264.014,-80.570,10.439,Pitch
0.304,-0.378,-1.728,-119.936,-65.494,27.956,Pitch
0.234,-0.285,-1.747,197.610,-2.310,34.939,Pitch
0.181,-0.187,-1.611,286.685,16.327,70.184,Pitch
0.122,-0.199,-0.855,286.685,-44.380,69.799,Pitch
0.079,0.069,0.124,286.685,-83.317,16.538,Pitch
0.074,0.488,1.556,286.685,-66.045,-100.030,Pitch
0.037,-0.200,1.999,286.685,-28.507,-74.217,Pitch
0.191,-0.517,1.999,286.685,-29.593,-22.724,Pitch
0.140,0.101,1.231,286.685,26.005,-11.751,Pitch
0.014,0.641,1.467,63.350,31.220,36.216,Pitch
0.194,0.515,1.881,-286.685,-74.629,83.326,Pitch
0.241,0.269,1.959,-286.685,6.851,61.311,Pitch
0.282,0.193,1.328,-286.685,143.614,17.316,Pitch
0.045,-0.029,0.285,-286.685,183.654,-60.541,Pitch
0.046,-0.011,-0.331,-286.685,20.641,-16.677,Pitch
0.013,-0.070,-1.181,-286.685,-78.698,30.546,Pitch
0.092,-0.285,-1.685,-284.086,-52.771,35.472,Pitch
0.178,-0.691,-1.997,80.596,-10.001,28.936,Pitch
0.328,0.089,-1.956,286.685,-31.097,61.688,Pitch
0.231,0.122,-1.033,286.685,-45.868,35.053,Pitch
0.060,-0.124,-0.478,286.685,-78.759,-16.774,Pitch
-0.052,0.508,0.913,286.685,-60.182,-71.592,Pitch
0.106,0.182,1.999,286.685,-54.722,-45.360,Pitch
0.003,-0.046,1.999,286.685,-65.503,-33.635,Pitch
0.107,0.023,1.860,286.685,-38.474,12.959,Pitch
0.133,0.429,1.149,246.663,-42.271,32.515,Pitch
0.187,0.276,1.669,-111.790,-82.731,36.470,Pitch
0.202,0.275,1.710,-286.685,-58.546,53.016,Pitch
0.224,0.193,1.819,-286.685,22.452,41.160,Pitch
0.155,0.151,1.491,-286.685,156.266,18.847,Pitch
-0.062,0.192,0.812,-286.685,171.867,-46.664,Pitch
0.094,0.144,-0.080,-286.685,39.200,-45.482,Pitch
0.081,0.155,-0.684,-286.685,-19.267,-22.094,Pitch
0.115,0.008,-1.766,-286.685,-4.778,-6.108,Pitch
0.267,-0.458,-1.997,-39.611,-55.536,27.974,Pitch
0.249,-0.193,-1.982,286.685,-61.985,52.894,Pitch
0.283,0.032,-1.908,286.685,-28.481,72.494,Pitch
0.202,0.235,-0.937,286.685,2.065,78.286,Pitch
0.245,0.834,0.829,286.685,-112.577,1.523,Pitch
-0.059,0.457,1.999,286.685,-196.735,-138.906,Pitch
0.044,-0.202,1.999,286.685,-63.709,-98.280,Pitch
0.209,-0.260,1.873,286.685,-5.119,-33.600,Pitch
0.239,0.433,1.428,97.423,3.832,-22.304,Pitch
0.195,0.245,1.999,-286.685,-62.860,64.776,Pitch
0.347,0.365,1.999,-286.685,47.897,63.700,Pitch
0.133,0.036,1.417,-286.685,130.375,18.314,Pitch
0.087,0.187,0.670,-286.685,87.850,-18.069,Pitch
0.033,0.324,-0.533,-286.685,-3.605,-5.889,Pitch
-0.039,0.103,-1.309,-286.685,-73.159,7.472,Pitch
0.183,-0.278,-1.997,-252.254,-70.228,30.266,Pitch
0.243,-0.476,-1.997,226.450,-27.983,42.542,Pitch
0.226,-0.187,-1.995,286.685,7.114,72.704,Pitch
0.225,0.143,-1.575,286.685,5.810,79.048,Pitch
0.313,0.734,0.105,286.685,-103.066,48.589,Pitch
0.046,1.061,1.980,286.685,-155.444,-98.770,Pitch
-0.024,0.201,1.999,286.685,-55.799,-83.808,Pitch
0.090,-0.375,1.897,286.685,-2.310,-45.386,Pitch
0.109,0.487,0.738,265.353,43.452,-45.439,Pitch
0.105,0.454,1.838,-248.045,-34.799,15.899,Pitch
0.122,0.173,1.994,-286.685,-23.739,62.466,Pitch
0.145,0.323,1.668,-286.685,86.196,-3.106,Pitch
-0.023,0.164,0.946,-286.685,121.030,-56.779,Pitch
0.074,-0.070,0.097,-286.685,-4.480,-76.029,Pitch
0.011,0.128,-0.845,-286.685,-108.124,7.236,Pitch
0.103,-0.076,-1.806,-286.353,-61.574,63.280,Pitch
0.153,-0.711,-1.997,-55.965,-33.285,65.048,Pitch
0.230,-0.311,-1.940,286.685,-55.764,74.891,Pitch
0.114,0.079,-1.294,286.685,-41.143,29.855,Pitch
0.229,0.133,-0.106,286.685,-91.919,-0.420,Pitch
0.106,1.001,1.283,286.685,-130.812,-80.885,Pitch
0.153,0.731,1.999,286.685,-142.039,-169.540,Pitch
0.325,-0.091,1.999,286.685,51.144,-167.702,Pitch
0.124,0.066,0.371,282.677,62.335,-76.816,Pitch
0.027,0.449,1.264,-23.179,2.747,-7.849,Pitch
0.037,0.269,1.823,-286.685,-19.329,87.535,Pitch
0.127,0.419,1.969,-286.685,-13.431,93.870,Pitch
0.089,-0.094,1.454,-286.685,150.929,9.170,Pitch
-0.115,-0.155,0.859,-286.685,185.509,-71.794,Pitch
0.204,0.058,-0.311,-286.685,66.832,-154.901,Pitch
-0.019,-0.100,-1.189,-286.685,-96.408,-77.376,Pitch
0.347,-0.706,-1.989,-226.712,-137.357,16.677,Pitch
0.289,-0.910,-1.659,226.310,-96.793,76.738,Pitch
0.266,-0.265,-1.681,286.685,-44.371,73.876,Pitch
0.205,0.036,-1.285,286.685,-33.014,37.249,Pitch
0.240,0.365,-0.139,286.685,-97.291,-18.226,Pitch
0.071,0.842,1.695,286.685,-125.738,-128.459,Pitch
0.075,0.316,1.999,286.685,-98.551,-121.634,Pitch
0.310,-0.433,1.999,286.685,-61.653,-102.393,Pitch
0.174,0.048,1.249,275.695,51.625,-50.164,Pitch
0.179,0.347,1.511,-117.171,8.435,28.481,Pitch
0.241,-0.025,1.999,-286.676,-57.251,80.973,Pitch
0.182,0.208,1.998,-286.685,-0.018,130.104,Pitch
0.179,-0.060,1.165,-286.685,86.923,97.440,Pitch
-0.026,-0.316,0.124,-286.685,130.585,1.750,Pitch
0.159,-0.227,-0.426,-286.685,70.595,-49.394,Pitch
0.062,-0.064,-0.883,-286.685,-68.915,-1.242,Pitch
0.192,-0.456,-1.715,-245.131,-22.995,49.700,Pitch
0.197,-0.620,-1.968,243.915,-29.689,56.971,Pitch
0.218,-0.244,-1.819,286.685,-73.474,96.757,Pitch
0.261,0.225,-0.942,286.685,-48.405,38.106,Pitch
0.206,0.366,0.169,286.685,-147.630,-64.759,Pitch
0.124,0.431,1.755,286.685,-103.075,-167.711,Pitch
0.150,0.190,1.999,286.685,-67.952,-123.366,Pitch
0.244,-0.573,1.999,286.685,-59.115,-74.296,Pitch
0.244,-0.021,1.330,274.829,52.745,-15.146,Pitch
0.165,0.387,1.562,-127.452,53.917,31.517,Pitch
0.192,0.056,1.929,-286.685,40.241,71.759,Pitch
0.111,0.186,1.720,-286.685,116.287,43.181,Pitch
0.001,-0.167,0.973,-286.685,189.359,-23.389,Pitch
0.134,-0.047,-0.103,-286.685,152.390,-99.978,Pitch
0.188,-0.083,-0.689,-286.685,45.920,-24.657,Pitch
0.100,-0.461,-0.942,-286.685,-32.952,-1.251,Pitch
0.156,-0.447,-1.326,-218.654,-62.685,30.503,Pitch
0.206,-0.677,-1.650,102.673,-45.194,56.682,Pitch
0.301,-0.635,-1.595,286.685,-88.804,57.855,Pitch
0.253,-0.355,-1.069,286.685,-96.338,56.061,Pitch
0.096,-0.031,-0.021,286.685,-97.081,-7.446,Pitch
-0.045,0.150,0.842,286.685,-55.449,-71.662,Pitch
-0.108,0.014,1.585,286.685,-5.302,-19.889,Pitch
-0.193,-0.377,1.999,286.685,-83.423,-5.740,Pitch
-0.026,-0.591,1.944,283.832,-63.516,-14.595,Pitch
0.079,0.392,1.974,-207.699,-66.526,-21.901,Pitch
0.122,0.511,1.969,-286.685,-61.722,62.081,Pitch
0.175,-0.472,1.624,-286.685,27.046,30.809,Pitch
0.104,0.352,0.824,-286.685,97.702,7.901,Pitch
0.087,0.328,-0.466,-286.685,100.319,31.579,Pitch
-0.005,0.071,-1.101,-286.685,36.409,17.544,Pitch
0.104,-0.258,-1.797,-260.487,1.829,17.255,Pitch
0.178,-0.518,-1.997,89.705,-45.264,28.630,Pitch
0.301,-0.282,-1.924,286.685,-25.209,47.451,Pitch
0.270,-0.066,-1.432,286.685,11.891,74.988,Pitch
0.174,0.348,-0.350,286.685,-12.495,69.808,Pitch
-0.018,0.566,1.508,286.685,-182.315,-22.417,Pitch
0.034,0.171,1.999,286.685,-145.224,-117.215,Pitch
0.069,-0.395,1.999,286.685,-78.558,-53.165,Pitch
0.173,-0.170,1.749,286.685,-82.609,-19.574,Pitch
0.169,0.430,1.185,32.401,-20.729,1.146,Pitch
0.216,0.060,1.961,-286.685,-50.969,87.132,Pitch
0.307,-0.028,1.999,-286.685,60.436,94.141,Pitch
0.323,0.601,1.327,-286.685,146.107,49.061,Pitch
0.022,-0.041,0.438,-286.685,122.290,1.269,Pitch
0.119,0.119,-0.567,-286.685,29.251,3.421,Pitch
0.046,-0.089,-1.396,-286.685,-20.632,24.483,Pitch
0.092,-0.362,-1.774,-259.560,-26.372,36.452,Pitch
0.218,-0.598,-1.977,180.950,-21.087,19.215,Pitch
0.275,-0.178,-1.866,286.685,-35.586,75.618,Pitch
0.182,0.140,-1.091,286.685,-28.735,88.375,Pitch
0.286,0.447,0.117,286.685,-71.479,75.119,Pitch
-0.022,0.501,1.736,286.685,-206.745,-65.800,Pitch
0.190,-0.153,1.999,286.685,-159.390,-164.124,Pitch
0.135,-0.113,1.967,286.685,-37.432,-53.252,Pitch
0.210,0.149,1.418,286.685,-29.461,-22.041,Pitch
0.190,0.168,1.388,5.714,15.304,6.405,Pitch
0.184,0.214,1.494,-286.554,-30.292,65.021,Pitch
0.212,0.042,1.999,-286.685,-6.265,72.800,Pitch
0.356,0.375,1.782,-286.685,95.673,61.014,Pitch
0.047,0.072,1.042,-286.685,152.749,22.645,Pitch
0.170,0.270,0.014,-286.685,138.924,-6.904,Pitch
-0.154,0.376,-1.054,-286.685,62.807,-4.821,Pitch
0.186,-0.029,-1.937,-286.422,10.019,-3.631,Pitch
0.277,-0.667,-1.997,205.704,-45.946,43.645,Pitch
0.496,0.072,-1.949,286.685,-46.060,129.010,Pitch
0.495,0.293,-0.997,286.685,-48.755,119.088,Pitch
0.374,0.190,-0.170,286.685,-92.006,95.673,Pitch
0.015,1.120,1.260,286.685,-256.559,-49.359,Pitch
0.173,0.826,1.999,286.685,-199.045,-169.225,Pitch
-0.087,-1.659,1.999,286.685,-7.674,-79.485,Pitch
0.158,0.105,1.143,171.859,65.870,3.859,Pitch
0.307,0.677,1.317,-234.955,-12.504,76.755,Pitch
0.147,-0.489,1.991,-286.685,19.565,51.126,Pitch
0.225,0.230,1.657,-286.685,63.998,-65.048,Pitch
0.135,0.467,0.803,-286.685,73.658,-84.647,Pitch
0.077,-0.007,-0.187,-286.685,22.776,-32.576,Pitch
0.070,-0.046,-0.628,-286.685,-31.054,1.487,Pitch
-0.068,0.113,-1.221,-286.685,-6.326,16.861,Pitch
0.144,0.045,-1.738,-239.496,-34.002,1.111,Pitch
0.129,-0.499,-1.997,277.603,-55.982,47.232,Pitch
0.327,-0.003,-1.419,286.685,-8.234,89.845,Pitch
0.418,0.263,-0.482,286.685,-38.570,77.473,Pitch
0.308,0.533,0.384,286.685,-122.019,5.084,Pitch
0.089,0.324,1.999,286.685,-111.615,-161.289,Pitch
0.064,-0.704,1.999,286.685,-65.607,-117.040,Pitch
0.224,-0.658,1.796,280.543,26.539,-28.892,Pitch
0.187,0.601,1.151,71.855,44.336,-6.099,Pitch
0.206,-0.092,1.875,-286.685,-18.253,36.610,Pitch
0.095,-0.293,1.880,-286.685,-2.957,17.736,Pitch
0.097,0.096,1.052,-286.685,19.460,-58.144,Pitch
0.197,0.333,0.311,-286.685,8.225,-12.959,Pitch
-0.020,0.241,-0.730,-286.685,-52.561,20.562,Pitch
0.190,0.079,-1.718,-286.029,-104.466,52.771,Pitch
0.175,-0.225,-1.996,53.410,-35.394,64.584,Pitch
0.085,-0.238,-1.997,286.685,-6.186,77.901,Pitch
0.140,-0.052,-1.636,286.685,-13.510,69.527,Pitch
0.212,0.899,-0.327,286.685,-59.605,21.542,Pitch
0.156,0.974,1.997,286.685,-96.259,-55.326,Pitch
0.158,-0.621,1.999,286.685,-141.234,-113.689,Pitch
0.189,-0.808,1.999,286.685,-56.621,-94.806,Pitch
0.130,0.171,0.932,284.900,45.194,-65.765,Pitch
0.026,0.362,1.955,-243.766,2.196,-10.185,Pitch
0.129,0.252,1.999,-286.685,-53.839,103.040,Pitch
0.135,0.359,1.942,-286.685,106.155,57.208,Pitch
0.036,0.074,0.671,-286.685,150.045,-79.686,Pitch
0.163,0.129,-0.166,-286.685,-2.459,-114.196,Pitch
0.121,0.157,-1.179,-286.685,-151.760,-1.768,Pitch
0.126,-0.017,-1.815,-273.560,-95.217,71.899,Pitch
0.199,-0.559,-1.997,208.285,17.448,75.731,Pitch
0.314,-0.084,-1.770,286.685,-0.192,133.184,Pitch
0.245,0.205,-1.047,286.685,-32.909,95.760,Pitch
0.298,0.381,-0.207,286.685,-122.894,6.475,Pitch
-0.001,0.937,1.822,286.685,-213.124,-143.841,Pitch
0.017,0.077,1.999,286.685,-69.676,-146.851,Pitch
0.309,-0.400,1.897,286.685,77.805,-61.364,Pitch
0.059,0.626,0.925,210.385,44.590,3.036,Pitch
0.090,0.663,1.862,-169.181,-26.101,38.754,Pitch
0.156,0.270,1.999,-286.685,-32.209,70.954,Pitch
0.236,0.123,1.745,-286.685,57.899,5.845,Pitch
-0.064,0.068,0.864,-286.685,91.376,-89.504,Pitch
0.043,-0.073,0.310,-286.685,15.610,-102.743,Pitch
0.089,0.044,-0.448,-286.685,-81.891,-19.915,Pitch
0.097,-0.119,-1.065,-286.685,-87.859,59.666,Pitch
0.277,-0.232,-1.881,-130.419,-21.507,62.632,Pitch
0.171,-0.599,-1.981,151.270,24.640,57.120,Pitch
0.112,-0.382,-1.875,286.685,22.531,61.232,Pitch
0.073,-0.056,-0.934,286.685,-7.779,47.801,Pitch
0.042,0.778,0.696,286.685,-128.984,-66.806,Pitch
0.064,0.817,1.788,286.685,-67.419,-121.564,Pitch
-0.079,-0.612,1.999,286.685,42.682,-55.562,Pitch
-0.021,-0.826,1.897,286.685,-29.759,5.766,Pitch
0.049,0.364,1.067,142.152,0.333,27.702,Pitch
0.116,0.173,1.677,-215.381,-23.083,58.888,Pitch
0.168,-0.065,1.999,-286.685,-50.995,89.128,Pitch
0.209,-0.018,1.741,-286.685,86.774,26.451,Pitch
0.000,0.158,0.755,-286.685,196.219,-56.271,Pitch
0.054,0.051,0.037,-286.685,149.319,-97.764,Pitch
-0.020,0.182,-0.827,-286.685,-9.424,-70.175,Pitch
0.095,-0.042,-1.526,-284.716,-70.245,-12.346,Pitch
0.329,-0.527,-1.997,109.375,-14.061,27.370,Pitch
0.289,-0.570,-1.997,286.650,-27.624,98.429,Pitch
0.356,0.165,-1.139,286.685,-37.257,71.251,Pitch
0.317,0.120,-0.547,286.685,-72.747,28.665,Pitch
0.071,0.679,1.455,286.685,-197.846,-80.561,Pitch
0.163,0.815,1.999,286.685,-130.016,-160.309,Pitch
0.128,-0.325,1.999,286.685,-11.069,-121.196,Pitch
0.375,-0.409,1.709,286.685,38.054,-45.150,Pitch
0.156,0.343,1.067,140.455,49.752,6.790,Pitch
0.080,0.431,1.439,-192.378,36.829,65.879,Pitch
0.093,0.213,1.858,-286.685,-61.162,72.607,Pitch
0.166,0.209,1.713,-286.685,35.201,40.932,Pitch
0.029,-0.109,0.942,-286.685,140.035,-42.709,Pitch
0.129,-0.191,0.258,-286.685,134.908,-110.679,Pitch
0.001,0.123,-0.335,-286.685,39.051,-67.637,Pitch
0.073,-0.235,-0.890,-286.685,-66.728,-5.294,Pitch
0.289,-0.322,-1.753,-228.480,-25.121,-2.818,Pitch
0.422,-0.597,-1.997,170.844,-85.925,4.261,Pitch
0.369,-0.212,-1.943,286.685,-103.276,38.185,Pitch
0.279,0.050,-1.293,286.685,-31.868,52.614,Pitch
0.266,0.504,-0.413,286.685,4.909,32.007,Pitch
0.046,0.976,1.868,286.685,-105.770,-70.289,Pitch
0.045,0.454,1.999,286.685,-159.180,-148.855,Pitch
0.300,-0.901,1.999,286.685,44.590,-119.192,Pitch
0.069,0.406,0.928,154.989,158.900,-21.823,Pitch
0.047,0.277,1.538,-183.837,5.696,45.307,Pitch
0.124,-0.306,1.819,-286.685,-35.542,88.497,Pitch
0.109,-0.146,1.999,-286.685,19.451,60.559,Pitch
0.025,0.622,1.248,-286.685,138.346,-45.255,Pitch
-0.015,0.139,-0.161,-286.685,93.170,-110.827,Pitch
0.114,-0.169,-0.916,-286.685,-30.144,-91.796,Pitch
0.177,-0.305,-1.310,-286.685,-100.520,-17.281,Pitch
0.168,-0.520,-1.581,-190.479,-92.689,9.748,Pitch
0.266,-0.453,-1.997,258.318,-69.335,16.179,Pitch
0.221,-0.160,-1.679,286.685,-15.251,46.016,Pitch
0.213,-0.055,-1.298,286.685,7.193,37.450,Pitch
0.253,0.417,-0.101,286.685,-56.350,5.154,Pitch
0.128,0.978,1.890,286.685,-92.155,-93.957,Pitch
0.169,-0.082,1.999,286.685,-98.919,-127.216,Pitch
0.205,-0.466,1.999,286.685,-24.299,-84.070,Pitch
0.219,0.198,1.102,286.003,50.208,-25.952,Pitch
0.224,0.311,1.328,-1.697,48.169,-10.386,Pitch
0.138,-0.008,1.812,-286.536,2.362,32.261,Pitch
-0.021,0.127,1.999,-286.685,-1.199,70.534,Pitch
0.153,0.394,1.572,-286.685,89.101,41.143,Pitch
0.062,-0.230,0.527,-286.685,127.619,-65.721,Pitch
0.151,0.035,-0.404,-286.685,23.791,-80.614,Pitch
-0.048,-0.007,-0.810,-286.685,-76.177,-15.741,Pitch
0.097,-0.373,-1.302,-283.920,-116.261,24.010,Pitch
0.173,-0.582,-1.997,10.360,-48.877,6.851,Pitch
0.175,-0.282,-1.959,286.685,-15.601,27.632,Pitch
0.193,0.031,-1.495,286.685,-31.141,38.920,Pitch
0.120,0.292,-0.862,286.685,-11.900,18.191,Pitch
0.204,0.951,0.678,286.685,-46.944,-11.288,Pitch
0.024,0.701,1.999,286.685,-124.618,-78.391,Pitch
0.206,-0.537,1.999,286.685,-148.916,-81.751,Pitch
0.325,-0.352,1.724,286.685,-59.150,-60.419,Pitch
0.224,0.813,1.038,68.294,-15.549,-9.852,Pitch
0.371,0.073,1.999,-277.174,-25.226,79.327,Pitch
0.310,0.245,1.995,-286.685,32.174,104.545,Pitch
0.337,0.320,1.751,-286.685,128.835,88.410,Pitch
0.020,0.075,0.869,-286.685,194.889,29.199,Pitch
0.211,-0.077,-0.151,-286.685,99.374,22.243,Pitch
0.082,-0.154,-1.031,-286.685,-18.384,21.612,Pitch
0.042,-0.397,-1.370,-286.685,-14.621,20.956,Pitch
0.151,-0.677,-1.986,-14.446,-14.123,25.673,Pitch
0.172,-0.265,-1.695,286.633,-11.953,42.831,Pitch
0.176,-0.048,-1.109,286.685,0.044,9.634,Pitch
0.158,-0.184,-0.804,286.685,-7.945,-8.741,Pitch
0.113,0.807,0.313,286.685,-26.679,-1.689,Pitch
-0.021,1.039,1.958,286.685,51.695,49.079,Pitch
-0.357,-0.745,1.999,286.685,-131.250,33.941,Pitch
-0.523,-1.150,1.999,286.685,-190.523,33.714,Pitch
0.336,0.300,1.116,279.160,-131.451,-4.253,Pitch
0.209,0.010,1.994,-209.720,-2.109,12.416,Pitch
0.046,-0.074,1.982,-286.685,161.070,-32.191,Pitch
-0.016,0.139,1.650,-286.685,215.110,-90.501,Pitch
-0.236,0.059,0.822,-286.685,163.555,-200.410,Pitch
0.148,0.017,-0.487,-286.685,-37.923,-193.401,Pitch
0.120,-0.069,-0.696,-286.685,-175.866,-41.667,Pitch
0.353,-0.357,-1.309,-271.714,-125.519,78.549,Pitch
0.336,-0.659,-1.823,29.129,-36.732,82.836,Pitch
0.312,-0.457,-1.908,281.321,-30.380,87.132,Pitch
0.205,0.002,-1.044,286.685,-48.326,76.501,Pitch
0.217,0.149,-0.325,286.685,-72.896,8.986,Pitch
-0.109,0.570,1.646,286.685,-98.332,-69.247,Pitch
-0.214,-0.331,1.999,286.685,-92.418,-102.585,Pitch
0.130,-0.463,1.932,286.685,-103.731,-79.739,Pitch
0.156,0.050,1.621,286.685,-14.271,-40.346,Pitch
0.109,0.445,1.679,31.465,27.125,64.811,Pitch
0.153,0.358,1.854,-286.589,65.135,89.040,Pitch
0.132,0.110,1.737,-286.685,110.399,49.612,Pitch
-0.002,0.000,1.396,-286.685,149.030,-15.076,Pitch
-0.150,-0.429,0.198,-286.685,104.265,-84.726,Pitch
0.013,-0.486,-0.644,-286.685,4.043,-115.360,Pitch
0.149,-0.576,-0.732,-286.685,-68.600,-30.923,Pitch
0.036,-0.572,-0.758,-279.003,-49.884,23.424,Pitch
0.257,-0.894,-1.467,-46.480,39.568,-7.157,Pitch
0.257,-1.061,-1.673,286.650,-36.873,17.780,Pitch
0.299,-0.449,-1.211,286.685,-71.050,5.381,Pitch
0.279,0.174,-0.328,286.685,-85.592,-15.584,Pitch
0.060,0.908,0.911,286.685,-108.815,-71.601,Pitch
0.088,0.465,1.999,286.685,-47.276,-47.941,Pitch
0.106,-0.558,1.999,286.685,-78.986,-41.720,Pitch
0.234,0.147,1.293,286.685,-33.653,-4.314,Pitch
0.270,0.680,1.668,-23.065,36.234,58.511,Pitch
0.212,0.307,1.675,-286.685,76.720,84.927,Pitch
0.097,-0.062,1.668,-286.685,115.605,48.309,Pitch
0.146,-0.126,1.444,-286.685,134.435,11.594,Pitch
0.006,0.302,0.625,-286.685,171.544,-54.215,Pitch
0.055,0.208,-0.499,-286.685,81.445,-39.524,Pitch
0.138,-0.244,-1.059,-286.685,-22.995,13.807,Pitch
0.048,-0.608,-1.732,-257.250,-36.986,35.665,Pitch
0.169,-0.917,-1.632,90.107,-51.809,23.608,Pitch
0.144,-0.294,-1.714,286.685,-84.586,14.630,Pitch
0.187,-0.237,-1.284,286.685,-83.589,-26.740,Pitch
0.092,-0.014,-0.408,286.685,-100.030,-46.935,Pitch
0.190,0.668,0.961,286.685,-37.441,-113.925,Pitch
-0.027,0.147,1.999,286.685,-56.280,-97.615,Pitch
0.219,-0.128,1.999,286.685,-97.396,-86.144,Pitch
0.225,0.063,1.652,286.685,-33.862,-67.463,Pitch
0.231,0.339,1.180,181.947,-11.944,-31.579,Pitch
0.221,0.354,1.573,-190.452,-10.246,32.568,Pitch
0.113,-0.009,1.872,-286.685,-33.066,83.632,Pitch
0.187,0.068,1.999,-286.685,31.316,111.177,Pitch
0.173,0.375,1.396,-286.685,141.575,33.268,Pitch
-0.002,0.074,0.303,-286.685,149.467,-25.559,Pitch
0.141,-0.040,-0.771,-286.685,53.279,-36.304,Pitch
0.047,0.079,-1.397,-286.685,-40.591,-1.059,Pitch
0.223,-0.584,-1.647,-191.695,-138.994,31.517,Pitch
0.224,-0.768,-1.829,172.760,-89.976,10.964,Pitch
0.163,-0.115,-1.591,286.685,-58.634,23.581,Pitch
0.097,-0.040,-1.178,286.685,-10.946,-10.903,Pitch
0.077,0.241,-0.037,286.685,-16.931,-29.032,Pitch
0.096,0.367,1.776,286.685,-83.912,-88.777,Pitch
0.069,-0.184,1.999,286.685,-103.381,-91.866,Pitch
0.266,-0.163,1.980,286.685,-46.743,-25.524,Pitch
0.198,0.263,1.309,286.685,-3.220,-8.312,Pitch
0.234,0.324,1.256,100.555,-20.939,-2.870,Pitch
0.216,0.305,1.736,-283.211,-24.176,44.607,Pitch
0.302,0.212,1.803,-286.685,60.489,81.183,Pitch
0.158,-0.160,1.459,-286.685,136.167,65.739,Pitch
0.087,-0.197,1.011,-286.685,123.524,5.495,Pitch
0.144,0.042,0.129,-286.685,75.346,-17.999,Pitch
0.010,0.153,-0.435,-286.685,-21.228,12.775,Pitch
0.092,-0.416,-1.261,-286.685,-29.846,33.443,Pitch
0.198,-0.460,-1.690,-166.915,28.551,23.275,Pitch
0.158,-0.401,-1.901,164.386,-32.996,10.054,Pitch
0.167,-0.289,-1.884,286.685,-39.786,36.566,Pitch
0.154,-0.218,-1.342,286.685,-26.346,45.850,Pitch
0.194,0.187,-0.180,286.685,-55.151,8.417,Pitch
0.153,0.885,1.345,286.685,-128.800,-56.954,Pitch
0.096,0.504,1.999,286.685,-140.542,-121.048,Pitch
0.257,-0.212,1.999,286.685,-80.649,-101.465,Pitch
0.159,-0.286,1.613,286.685,61.889,-9.686,Pitch
0.122,0.602,0.819,40.854,1.461,22.995,Pitch
0.140,0.332,1.522,-286.633,-82.749,68.119,Pitch
0.309,0.200,1.999,-286.685,-50.199,102.051,Pitch
0.253,0.059,1.717,-286.685,140.411,35.394,Pitch
0.023,0.128,0.673,-286.685,169.470,-34.982,Pitch
0.212,0.081,0.055,-286.685,8.531,-35.586,Pitch
-0.069,0.272,-0.956,-286.685,-29.864,-7.210,Pitch
0.086,-0.345,-1.569,-285.819,-66.658,0.044,Pitch
0.145,-0.528,-1.974,42.866,-86.371,16.292,Pitch
0.159,-0.417,-1.997,286.685,-26.565,43.024,Pitch
0.233,-0.130,-1.504,286.685,-23.800,56.254,Pitch
-0.084,0.146,-0.525,286.685,-1.260,8.689,Pitch
0.085,0.771,0.737,286.685,6.799,-39.174,Pitch
-0.013,0.742,1.952,286.685,-63.263,-35.770,Pitch
0.112,-0.485,1.999,286.685,-129.089,-59.395,Pitch
0.026,-0.108,1.644,286.685,9.958,-23.573,Pitch
0.111,0.547,0.929,41.265,-35.893,8.033,Pitch
0.104,-0.011,1.846,-286.431,-77.814,52.972,Pitch
0.362,0.009,1.965,-286.685,-3.544,64.286,Pitch
0.145,-0.168,1.459,-286.685,128.581,-4.384,Pitch
0.178,0.149,0.741,-286.685,93.721,-40.583,Pitch
0.131,0.239,0.181,-286.685,45.412,7.901,Pitch
0.123,0.153,-0.721,-286.685,44.529,20.204,Pitch
0.252,-0.135,-1.629,-285.810,59.159,-0.735,Pitch
0.319,-0.424,-1.969,-30.686,-5.530,15.339,Pitch
0.277,-0.476,-1.997,282.844,-107.371,82.294,Pitch
0.322,-0.235,-1.756,286.685,-65.345,72.214,Pitch
0.136,-0.061,-0.506,286.685,-46.235,69.317,Pitch
0.172,0.460,1.135,286.685,-152.932,18.112,Pitch
0.077,0.600,1.745,286.685,-183.461,-86.266,Pitch
0.152,-0.248,1.999,286.685,-176.855,-119.018,Pitch
0.129,-0.592,1.994,286.685,33.241,-52.019,Pitch
0.060,0.525,0.744,212.100,73.973,39.952,Pitch
0.126,0.193,1.576,-167.501,-45.789,37.030,Pitch
0.120,0.051,1.822,-286.685,-79.520,60.235,Pitch
0.416,0.232,1.848,-286.685,33.189,46.480,Pitch
0.077,-0.026,1.239,-286.685,152.819,4.287,Pitch
0.105,0.182,0.057,-286.685,104.414,-30.590,Pitch
0.038,0.136,-0.486,-286.685,52.097,-15.216,Pitch
0.159,-0.101,-1.318,-286.685,57.111,-3.203,Pitch
0.259,-0.319,-1.712,-270.375,22.024,-20.440,Pitch
0.318,-0.369,-1.997,75.810,-74.393,28.184,Pitch
0.251,-0.268,-1.997,283.797,-113.881,60.900,Pitch
0.297,-0.017,-1.340,286.685,-88.804,60.489,Pitch
0.305,0.627,0.162,286.685,-73.211,57.461,Pitch
0.141,1.062,1.783,286.685,-165.419,-67.760,Pitch
0.252,0.397,1.999,286.685,-151.261,-164.167,Pitch
0.151,-0.698,1.999,286.685,-14.962,-108.246,Pitch
0.245,-0.028,0.914,284.515,55.379,-24.036,Pitch
0.014,0.431,1.056,-67.025,13.965,21.499,Pitch
0.121,0.004,1.796,-286.562,-60.069,63.184,Pitch
0.139,-0.001,1.788,-286.685,93.030,67.611,Pitch
0.078,-0.241,1.289,-286.685,120.846,-21.087,Pitch
0.118,-0.115,0.350,-286.685,51.065,-74.043,Pitch
0.201,-0.049,-0.199,-286.685,-1.523,-66.544,Pitch
0.058,-0.151,-0.793,-286.685,-37.336,17.036,Pitch
0.171,-0.332,-1.438,-280.971,28.954,26.469,Pitch
0.208,-0.890,-1.997,153.773,-20.956,8.698,Pitch
0.271,-0.493,-1.947,286.685,-94.299,41.571,Pitch
0.230,-0.035,-1.086,286.685,-87.631,27.493,Pitch
0.220,0.322,0.131,286.685,-48.204,-8.356,Pitch
0.033,0.588,1.626,286.685,-51.292,-62.528,Pitch
0.087,0.343,1.999,286.685,-43.741,-84.954,Pitch
0.043,-0.859,1.999,286.685,12.154,-43.803,Pitch
0.111,0.150,1.063,272.300,47.057,5.233,Pitch
0.009,0.297,1.545,-187.416,-17.071,46.156,Pitch
0.125,0.010,1.895,-286.685,-73.238,72.826,Pitch
0.174,-0.063,1.797,-286.685,76.571,37.905,Pitch
0.003,0.114,0.861,-286.685,95.664,-55.318,Pitch
0.115,0.110,-0.117,-286.685,13.221,-51.651,Pitch
0.066,0.079,-0.808,-286.685,-23.153,-38.316,Pitch
0.097,-0.333,-1.544,-286.492,-50.251,-7.219,Pitch
0.168,-0.695,-1.917,53.366,-66.841,20.878,Pitch
0.143,-0.565,-1.824,286.685,-40.145,24.308,Pitch
0.225,-0.046,-1.373,286.685,-40.303,34.466,Pitch
0.109,0.099,-0.414,286.685,-7.175,1.181,Pitch
0.110,0.511,1.057,286.685,-74.760,-74.707,Pitch
0.138,0.109,1.999,286.685,-57.199,-131.889,Pitch
0.178,-0.363,1.999,286.685,-13.790,-113.724,Pitch
0.191,-0.623,1.912,286.685,31.465,-34.860,Pitch
0.182,0.397,1.104,46.428,43.094,-3.920,Pitch
0.175,-0.201,1.808,-286.685,-20.414,57.330,Pitch
0.116,-0.219,1.995,-286.685,-22.470,79.231,Pitch
0.207,0.042,1.369,-286.685,71.899,10.911,Pitch
0.080,-0.271,0.446,-286.685,110.644,-41.178,Pitch
0.149,-0.368,-0.336,-286.685,61.154,-49.595,Pitch
0.071,-0.335,-0.711,-286.685,6.020,-29.505,Pitch
0.097,-0.408,-1.070,-285.031,-12.049,-1.085,Pitch
0.267,-0.500,-1.582,-6.466,-60.016,-0.481,Pitch
0.276,-0.417,-1.418,282.328,-53.882,42.822,Pitch
0.324,-0.357,-1.442,286.685,-50.811,80.132,Pitch
0.398,-0.076,-0.709,286.685,-82.408,71.759,Pitch
0.075,0.635,0.730,286.685,-131.128,-66.456,Pitch
0.022,0.490,1.999,286.685,-61.276,-161.061,Pitch
0.011,-0.217,1.999,286.685,-13.624,-76.912,Pitch
0.391,-0.633,1.866,286.685,-42.193,-74.480,Pitch
0.170,0.090,1.276,73.798,23.809,-5.399,Pitch
0.214,0.003,1.407,-271.758,18.567,58.879,Pitch
0.111,-0.514,1.999,-286.685,-1.881,74.664,Pitch
0.110,0.331,1.678,-286.685,69.309,58.450,Pitch
-0.022,-0.291,1.143,-286.685,66.342,-2.870,Pitch
0.124,0.305,0.151,-286.685,80.526,-34.895,Pitch
0.174,0.288,-0.641,-286.685,87.526,-28.009,Pitch
0.243,-0.153,-1.521,-286.598,51.476,-15.251,Pitch
0.483,-0.654,-1.986,31.850,-32.979,2.310,Pitch
0.432,-0.491,-1.681,286.685,-123.874,58.739,Pitch
0.541,-0.174,-1.292,286.685,-107.144,71.951,Pitch
0.132,0.156,-0.177,286.685,-57.662,25.480,Pitch
-0.064,0.383,1.097,286.685,23.651,-60.524,Pitch
-0.131,0.202,1.999,286.685,-11.961,-48.720,Pitch
0.075,-0.148,1.999,286.685,-19.915,-26.688,Pitch
0.136,-0.316,1.999,285.784,18.016,10.535,Pitch
0.124,0.406,1.125,77.971,10.106,35.665,Pitch
0.139,-0.016,1.692,-229.399,-15.286,53.121,Pitch
0.087,0.045,1.717,-286.685,-8.531,34.895,Pitch
0.060,0.203,1.600,-286.685,74.270,-6.344,Pitch
-0.007,-0.197,0.707,-286.685,103.548,-75.530,Pitch
0.175,-0.174,-0.220,-286.685,37.993,-62.554,Pitch
0.113,-0.285,-0.743,-286.685,-19.495,-8.164,Pitch
0.173,-0.436,-0.872,-286.685,-34.851,15.164,Pitch
0.180,-0.386,-1.304,-210.298,-17.001,-1.575,Pitch
0.346,-0.659,-1.980,204.085,-36.943,13.221,Pitch
0.367,-0.433,-1.698,286.685,-75.442,68.442,Pitch
0.269,-0.070,-0.993,286.685,-72.870,76.125,Pitch
0.216,0.163,0.186,286.685,-128.021,3.973,Pitch
0.077,0.816,1.306,286.685,-63.035,-105.910,Pitch
0.038,0.089,1.999,286.685,-2.844,-109.366,Pitch
0.135,-0.676,1.999,286.685,25.042,-91.753,Pitch
0.198,-0.250,1.130,233.336,105.262,-60.664,Pitch
-0.149,0.624,1.571,-218.488,5.364,28.490,Pitch
0.046,0.070,1.851,-286.685,-122.649,84.569,Pitch
0.137,-0.069,1.996,-286.685,-109.200,51.336,Pitch
0.179,-0.227,0.975,-286.685,70.901,-0.315,Pitch
0.151,-0.457,0.368,-286.685,83.729,-49.324,Pitch
0.102,-0.146,-0.251,-286.685,-6.046,-5.696,Pitch
-0.023,-0.090,-0.731,-286.685,-39.296,25.489,Pitch
0.075,-0.460,-1.997,-120.846,-19.854,24.815,Pitch
0.401,-0.651,-1.991,286.685,-18.760,74.427,Pitch
0.392,-0.014,-1.191,286.685,-60.952,126.402,Pitch
0.283,0.026,-0.853,286.685,-58.494,64.304,Pitch
0.140,0.395,0.400,286.685,-92.724,-24.369,Pitch
0.017,0.645,1.997,286.685,-142.467,-134.969,Pitch
0.043,-0.142,1.999,286.685,-106.514,-107.651,Pitch
0.244,-0.022,1.542,259.061,7.166,-32.655,Pitch
0.021,0.575,1.232,-56.289,46.568,32.445,Pitch
0.391,-0.085,1.999,-286.685,-43.531,104.921,Pitch
0.203,-0.022,1.954,-286.685,74.226,87.342,Pitch
0.261,-0.145,1.061,-286.685,143.762,14.761,Pitch
0.087,-0.183,0.569,-286.685,136.246,-26.075,Pitch
0.157,0.011,-0.270,-286.685,58.537,-45.159,Pitch
-0.052,0.109,-1.192,-286.685,-11.961,-26.066,Pitch
0.199,-0.546,-1.997,-47.154,-56.884,4.419,Pitch
0.257,-0.617,-1.997,276.281,-86.905,35.831,Pitch
0.288,0.306,-1.457,286.685,-74.891,78.584,Pitch
0.288,0.049,-0.790,286.685,-87.859,12.994,Pitch
0.125,0.982,0.705,286.685,-110.101,-89.976,Pitch
0.082,1.052,1.967,286.685,-96.285,-118.265,Pitch
0.087,-0.148,1.999,286.685,-81.366,-93.126,Pitch
0.252,-0.342,1.562,285.574,-8.111,-27.274,Pitch
0.061,0.910,1.432,-184.117,73.964,22.243,Pitch
0.221,0.309,1.999,-286.685,-5.556,71.120,Pitch
0.023,-0.020,1.739,-286.685,85.584,38.544,Pitch
0.120,-0.091,1.174,-286.685,110.941,-38.553,Pitch
0.125,0.035,0.156,-286.685,110.548,-67.603,Pitch
0.052,0.350,-0.431,-286.685,90.702,-61.950,Pitch
0.120,-0.116,-1.553,-286.685,-62.291,-20.247,Pitch
0.197,-0.596,-1.956,7.035,-96.705,45.535,Pitch
0.420,-0.254,-1.846,286.685,-54.827,73.832,Pitch
0.343,-0.067,-1.161,286.685,-27.440,104.396,Pitch
0.280,0.408,-0.574,286.685,-84.262,74.366,Pitch
0.027,1.081,1.482,286.685,-216.641,-102.681,Pitch
0.231,0.182,1.999,286.685,-166.810,-214.891,Pitch
0.224,-0.277,1.999,286.685,63.656,-95.025,Pitch
-0.044,0.295,0.823,284.139,139.440,-30.153,Pitch
0.048,0.458,1.445,-169.934,70.586,64.846,Pitch
0.043,-0.025,1.591,-286.685,6.492,84.770,Pitch
-0.020,0.065,1.601,-286.685,42.184,77.088,Pitch
0.169,-0.216,1.362,-286.685,130.769,38.544,Pitch
-0.049,0.011,0.262,-286.685,217.962,-90.685,Pitch
0.118,-0.211,-0.564,-286.685,72.791,-93.984,Pitch
0.021,-0.314,-0.904,-286.685,-39.393,-18.069,Pitch
0.153,-0.534,-1.205,-241.474,-70.254,-11.708,Pitch
0.257,-0.580,-1.430,-28.604,-48.799,-0.866,Pitch
0.270,-0.532,-1.774,258.011,-67.734,16.511,Pitch
0.217,-0.306,-1.259,286.685,-73.929,38.684,Pitch
0.126,-0.095,-0.424,286.685,-99.085,5.688,Pitch
0.011,0.290,1.237,286.685,-102.384,-72.354,Pitch
-0.021,-0.168,1.912,286.685,-9.004,-72.599,Pitch
0.075,-0.334,1.950,286.685,-54.897,-69.370,Pitch
0.120,-0.315,1.983,279.930,-22.243,-20.834,Pitch
0.130,0.049,1.255,139.886,-53.322,-3.141,Pitch
0.133,0.036,1.797,-230.860,-56.998,10.509,Pitch
0.078,0.005,1.649,-286.685,-106.479,124.652,Pitch
0.313,-0.266,1.453,-286.685,29.330,134.111,Pitch
0.192,-0.272,0.931,-286.685,142.669,98.088,Pitch
0.090,-0.055,0.090,-286.685,211.654,9.266,Pitch
0.017,0.232,-0.822,-286.685,111.886,-44.931,Pitch
0.165,-0.222,-1.809,-255.981,-2.240,-32.620,Pitch
0.301,-0.621,-1.996,-1.173,-74.113,-11.445,Pitch
0.323,-0.377,-1.994,286.685,-96.434,36.444,Pitch
0.311,0.211,-1.097,286.685,-33.897,32.086,Pitch
0.114,0.194,-0.027,286.685,19.941,-10.903,Pitch
0.015,0.539,1.051,286.685,-32.506,-39.112,Pitch
-0.019,0.297,1.990,286.685,-46.480,-66.631,Pitch
-0.074,-0.425,1.999,286.685,-40.206,-63.787,Pitch
0.020,-0.251,1.651,284.174,-10.710,5.215,Pitch
0.219,0.070,1.053,163.083,3.220,27.090,Pitch
0.114,0.088,1.706,-254.555,16.590,50.173,Pitch
0.195,0.029,1.999,-286.685,2.362,74.043,Pitch
0.124,-0.250,1.412,-286.685,129.929,-3.307,Pitch
0.012,-0.172,0.850,-286.685,132.650,-44.257,Pitch
0.096,-0.149,-0.155,-286.685,88.655,-77.464,Pitch
0.090,-0.113,-0.775,-286.685,49.088,-46.069,Pitch
0.159,-0.373,-1.181,-278.985,-29.024,-3.553,Pitch
0.237,-0.715,-1.661,-67.576,-38.299,0.971,Pitch
0.409,-0.700,-1.984,286.274,-139.921,30.879,Pitch
0.376,-0.092,-1.116,286.685,-88.331,47.101,Pitch
0.251,0.142,0.045,286.685,-38.167,-13.064,Pitch
0.047,0.269,0.893,286.685,-41.834,-92.925,Pitch
-0.004,0.091,1.948,286.685,-35.210,-119.866,Pitch
-0.104,-0.520,1.999,286.685,-10.894,-74.034,Pitch
0.234,-0.154,1.535,286.685,13.011,5.582,Pitch
0.044,0.284,1.237,168.910,62.930,36.671,Pitch
0.094,0.179,1.911,-275.984,35.822,68.171,Pitch
0.042,0.214,1.917,-286.685,7.814,55.344,Pitch
0.100,-0.199,1.343,-286.685,53.550,-13.606,Pitch
0.062,-0.037,0.633,-286.685,114.844,-63.009,Pitch
0.139,-0.074,-0.241,-286.685,73.631,-117.696,Pitch
-0.049,-0.153,-0.744,-286.685,-84.350,-51.660,Pitch
0.182,-0.423,-1.508,-259.709,-129.518,21.394,Pitch
0.294,-1.045,-1.931,173.617,-51.494,38.518,Pitch
0.368,-0.511,-1.772,286.685,-19.539,68.372,Pitch
0.244,0.033,-1.000,286.685,10.771,53.375,Pitch
0.126,-0.076,-0.143,286.685,-42.376,-1.286,Pitch
-0.023,0.213,0.849,286.685,-73.710,-89.442,Pitch
-0.070,0.146,1.790,286.685,6.309,-80.465,Pitch
-0.022,-1.375,1.999,286.685,18.541,-38.736,Pitch
-0.159,0.765,1.999,-231.499,39.463,57.435,Pitch
0.130,-1.033,1.731,-286.685,22.050,23.380,Pitch
0.042,-0.732,1.580,-286.685,17.194,9.450,Pitch
0.083,0.011,0.639,-286.685,104.720,-37.467,Pitch
0.067,-0.112,-0.439,-286.685,41.493,-94.780,Pitch
0.095,-0.263,-1.067,-286.685,-110.250,-39.340,Pitch
0.179,-0.589,-1.063,-201.294,-105.446,45.911,Pitch
0.168,-0.622,-0.794,-79.450,-18.489,58.118,Pitch
0.181,-0.386,-1.343,120.006,64.838,43.452,Pitch
0.263,-0.614,-1.457,286.685,27.177,57.671,Pitch
0.288,-0.327,-1.061,286.685,-56.359,90.571,Pitch
0.233,0.285,-0.173,286.685,-103.320,68.679,Pitch
0.049,0.651,1.239,286.685,-154.761,-62.519,Pitch
-0.059,0.306,1.999,286.685,-213.867,-186.296,Pitch
0.567,-0.456,1.999,286.685,-146.615,-278.871,Pitch
0.187,-0.797,1.716,154.429,137.699,-38.299,Pitch
-0.009,0.281,1.311,36.251,104.309,121.109,Pitch
0.176,-0.173,1.811,-264.967,86.275,117.906,Pitch
0.044,-0.038,1.928,-286.685,36.024,74.244,Pitch
0.143,0.269,0.923,-286.685,31.719,5.057,Pitch
-0.023,-0.428,0.389,-286.685,30.257,-24.264,Pitch
0.129,-0.388,-0.658,-286.685,-50.697,-17.736,Pitch
0.125,-0.392,-1.113,-245.753,-91.473,34.230,Pitch
0.128,-0.716,-0.755,-63.271,16.494,56.822,Pitch
0.082,-0.685,-0.997,94.666,77.000,71.067,Pitch
0.252,-0.741,-1.343,286.519,36.890,85.076,Pitch
0.248,-0.526,-1.048,286.685,22.846,103.145,Pitch
0.109,0.035,-0.499,286.685,-117.801,74.821,Pitch
0.108,0.905,0.789,286.685,-263.410,-67.340,Pitch
0.086,0.198,1.999,286.685,-250.950,-159.206,Pitch
0.362,-0.856,1.999,240.651,-90.029,-104.580,Pitch
0.140,0.576,1.745,-29.181,36.181,-9.844,Pitch
0.271,0.173,1.908,-264.320,72.870,48.974,Pitch
0.152,-0.314,1.947,-286.685,129.938,67.314,Pitch
0.067,-0.042,0.862,-286.685,150.938,-0.683,Pitch
0.003,-0.150,-0.116,-286.685,82.539,-43.059,Pitch
0.070,-0.256,-0.794,-286.685,-24.841,-20.615,Pitch
0.092,-0.592,-1.088,-286.177,-82.714,39.760,Pitch
0.099,-0.747,-0.991,-159.504,7.175,56.193,Pitch
0.086,-0.794,-1.313,101.868,-6.457,6.405,Pitch
0.197,-0.547,-1.367,286.685,-90.020,14.166,Pitch
0.312,-0.271,-1.039,286.685,-125.037,21.499,Pitch
0.149,0.114,-0.117,286.685,-175.910,-14.271,Pitch
0.086,0.728,1.318,286.685,-137.786,-107.590,Pitch
0.235,0.328,1.999,286.685,-115.421,-120.207,Pitch
0.494,-0.202,1.999,286.685,-57.750,-76.878,Pitch
0.231,0.303,1.613,35.131,76.921,-15.995,Pitch
0.146,0.624,1.588,-286.685,-11.323,47.215,Pitch
0.158,-0.596,1.866,-286.685,36.969,56.604,Pitch
0.159,-0.352,1.409,-286.685,86.048,33.766,Pitch
0.190,-0.224,0.930,-286.685,56.341,11.541,Pitch
0.098,-0.021,0.097,-286.685,35.193,57.820,Pitch
0.067,-0.084,-1.023,-286.685,3.981,75.451,Pitch
0.044,-0.467,-1.509,-281.216,13.484,94.579,Pitch
-0.010,-0.841,-1.533,12.198,6.615,92.715,Pitch
0.016,-0.813,-1.592,284.427,-25.366,62.982,Pitch
0.028,-0.516,-1.393,286.685,-92.225,15.496,Pitch
-0.010,-0.125,-0.863,286.685,-151.174,-30.231,Pitch
0.129,0.938,0.381,286.685,-117.679,-104.431,Pitch
0.162,0.882,1.782,286.685,-79.677,-74.393,Pitch
0.319,0.090,1.999,286.685,-96.171,-57.243,Pitch
0.285,-0.207,1.997,286.685,-0.726,-51.756,Pitch
0.097,0.437,0.871,85.312,-20.335,-66.631,Pitch
0.022,0.598,1.646,-286.685,-112.910,26.775,Pitch
0.296,-0.324,1.987,-286.685,-32.436,78.041,Pitch
0.287,-0.318,1.764,-286.685,96.967,59.868,Pitch
0.127,-0.337,1.164,-286.685,112.122,35.210,Pitch
0.193,-0.038,0.449,-286.685,77.306,26.093,Pitch
0.094,0.016,-0.580,-286.685,-2.590,63.324,Pitch
0.061,-0.342,-1.143,-286.685,-24.622,92.951,Pitch
0.089,-0.774,-1.371,-120.199,15.741,100.450,Pitch
0.014,-0.646,-1.032,14.595,2.747,43.785,Pitch
-0.024,-0.747,-1.294,192.220,-29.575,0.604,Pitch
-0.059,-0.581,-1.242,286.685,-93.406,-21.026,Pitch
-0.004,-0.289,-0.826,286.685,-131.906,-34.466,Pitch
0.202,0.396,0.620,286.685,-105.332,-90.860,Pitch
0.183,0.602,1.457,286.685,-45.719,-121.161,Pitch
0.258,0.139,1.999,286.685,-82.268,-148.400,Pitch
0.159,-0.071,1.999,286.685,9.555,-90.615,Pitch
0.148,0.020,0.884,242.217,37.686,-61.434,Pitch
0.007,0.504,1.331,-145.023,-78.400,-8.908,Pitch
0.217,0.010,1.957,-286.685,-97.527,62.781,Pitch
0.167,0.178,1.657,-286.685,-77.438,127.698,Pitch
0.291,-0.248,1.729,-286.685,0.394,121.170,Pitch
0.231,-0.288,1.769,-286.685,95.165,78.330,Pitch
0.045,0.376,0.111,-286.685,67.524,57.846,Pitch
0.013,-0.083,-0.876,-286.685,-13.055,63.088,Pitch
0.076,-0.748,-1.289,-265.318,-18.743,44.135,Pitch
0.008,-0.805,-1.215,-83.510,11.366,58.126,Pitch
-0.040,-0.881,-1.879,213.447,45.806,45.972,Pitch
0.100,-0.609,-1.675,286.685,-34.851,61.250,Pitch
0.149,0.140,-0.806,286.685,-82.644,19.740,Pitch
0.227,0.806,0.678,286.685,-145.845,-72.266,Pitch
0.221,0.667,1.999,286.685,-132.947,-121.931,Pitch
0.292,0.150,1.999,286.685,-52.728,-103.136,Pitch
0.218,-0.137,1.907,286.685,-14.823,-67.375,Pitch
0.132,0.411,1.006,139.921,-17.062,-48.370,Pitch
0.153,0.138,1.667,-209.589,-35.044,2.800,Pitch
0.133,0.076,1.546,-286.685,-35.744,84.691,Pitch
0.167,-0.114,1.999,-286.685,8.680,116.489,Pitch
0.204,-0.266,1.873,-286.685,127.006,110.845,Pitch
0.241,0.159,0.391,-286.685,155.829,-25.480,Pitch
0.060,0.027,-0.214,-286.685,1.391,-22.417,Pitch
0.020,-0.336,-0.956,-286.685,-71.942,21.604,Pitch
0.042,-0.647,-1.463,-239.277,-17.666,37.266,Pitch
0.096,-0.807,-1.780,163.765,60.445,34.020,Pitch
0.109,-0.674,-1.846,286.685,-31.850,68.049,Pitch
0.170,-0.199,-1.088,286.685,-84.516,60.673,Pitch
0.243,0.298,0.081,286.685,-140.656,8.557,Pitch
0.181,0.454,1.324,286.685,-112.298,-80.824,Pitch
0.240,0.263,1.999,286.685,-86.573,-136.833,Pitch
0.141,0.098,1.999,286.685,-38.369,-113.295,Pitch
0.198,-0.071,1.736,286.291,7.262,-33.959,Pitch
0.205,0.287,1.153,157.036,-2.301,3.675,Pitch
0.200,0.303,1.319,-34.528,6.685,38.561,Pitch
0.206,-0.127,1.782,-200.865,34.501,58.826,Pitch
0.141,0.507,1.444,-286.685,28.534,89.959,Pitch
0.137,-0.151,1.702,-286.685,89.442,57.820,Pitch
0.098,-0.213,1.454,-286.685,149.529,-13.038,Pitch
0.151,0.246,0.194,-286.685,136.518,-55.869,Pitch
0.061,-0.325,-0.526,-286.685,20.239,-36.068,Pitch
0.093,-0.640,-1.097,-284.533,-58.914,7.525,Pitch
0.146,-0.727,-1.292,-96.618,-4.594,33.171,Pitch
0.147,-0.913,-1.547,39.725,5.574,37.126,Pitch
0.046,-0.593,-1.684,286.440,-29.382,41.694,Pitch
0.125,-0.238,-0.909,286.685,-101.929,50.260,Pitch
0.194,-0.002,-0.098,286.685,-165.988,-2.467,Pitch
0.217,0.532,0.701,286.685,-160.107,-90.291,Pitch
0.270,0.370,1.978,286.685,-71.365,-146.755,Pitch
0.138,0.206,1.999,286.685,-77.070,-90.300,Pitch
0.237,0.025,1.693,286.388,-86.616,-14.219,Pitch
0.289,0.296,1.315,191.004,-85.207,-17.596,Pitch
0.269,0.294,1.377,-55.615,-15.846,17.097,Pitch
0.229,0.160,1.653,-285.294,67.445,75.224,Pitch
0.343,0.185,1.936,-286.685,146.239,54.941,Pitch
0.257,0.174,1.633,-286.685,192.929,27.073,Pitch
0.017,-0.141,0.882,-286.685,184.774,-45.369,Pitch
0.139,-0.176,-0.129,-286.685,55.020,-50.908,Pitch
0.043,-0.235,-0.800,-286.685,0.936,-23.835,Pitch
0.184,-0.487,-1.249,-286.685,-29.715,-3.649,Pitch
0.230,-0.786,-1.512,-87.115,-47.478,20.808,Pitch
0.219,-0.669,-1.547,189.525,-53.130,16.327,Pitch
0.128,-0.578,-1.333,286.685,-114.048,40.591,Pitch
0.056,-0.228,-0.946,286.685,-91.368,27.274,Pitch
0.147,0.566,0.587,286.685,-85.111,-17.124,Pitch
0.131,0.484,1.360,286.685,-100.931,-84.840,Pitch
0.270,0.092,1.999,286.685,-80.579,-117.276,Pitch
0.262,-0.069,1.999,286.685,-42.280,-73.815,Pitch
0.212,0.359,1.050,278.460,-18.279,-26.775,Pitch
0.160,0.451,1.367,52.710,-17.036,9.441,Pitch
0.215,0.161,1.364,-157.544,24.456,49.831,Pitch
0.236,0.010,1.166,-229.688,30.888,55.160,Pitch
0.073,-0.039,1.650,-286.685,8.216,57.943,Pitch
0.212,0.051,1.998,-286.685,77.192,61.556,Pitch
0.158,0.348,1.534,-286.685,174.256,-18.349,Pitch
0.121,0.279,0.666,-286.685,140.613,-85.942,Pitch
0.075,-0.001,-0.304,-286.685,9.266,-41.764,Pitch
0.091,-0.255,-1.231,-286.685,-8.951,27.702,Pitch
0.167,-0.529,-1.492,-268.686,62.545,34.221,Pitch
0.150,-0.443,-1.146,-177.398,25.060,30.048,Pitch
0.056,-0.531,-1.590,36.312,-22.864,31.106,Pitch
0.161,-0.788,-1.590,286.685,-85.356,66.999,Pitch
0.113,-0.340,-0.999,286.685,-77.280,41.239,Pitch
0.214,0.165,-0.314,286.685,-90.440,23.590,Pitch
0.235,1.016,0.619,286.685,-122.876,-27.055,Pitch
0.203,0.333,1.999,286.685,-161.122,-91.831,Pitch
0.043,0.012,1.999,286.685,-88.147,-88.988,Pitch
0.100,-0.187,1.865,286.685,-53.944,-30.756,Pitch
0.207,0.139,1.252,158.708,-37.030,-7.359,Pitch
0.203,0.233,1.568,-118.405,-5.556,18.655,Pitch
0.218,0.069,1.970,-286.685,7.052,57.479,Pitch
0.231,0.117,1.975,-286.685,62.090,61.609,Pitch
0.283,0.113,1.389,-286.685,128.091,31.474,Pitch
0.149,-0.236,0.362,-286.685,80.281,-6.265,Pitch
0.147,-0.202,-0.441,-286.685,-9.485,22.365,Pitch
0.073,-0.362,-0.886,-286.685,-38.955,49.035,Pitch
0.006,-0.844,-1.102,-212.914,-35.096,81.603,Pitch
-0.028,-0.801,-1.007,4.996,-15.041,40.583,Pitch
-0.039,-0.933,-1.408,196.551,-28.971,-11.480,Pitch
-0.076,-0.777,-1.393,286.685,-56.499,-38.132,Pitch
0.046,-0.261,-0.603,286.685,-85.120,-91.884,Pitch
0.093,0.466,0.488,286.685,-35.963,-115.369,Pitch
0.185,0.365,1.648,286.685,17.631,-78.942,Pitch
0.196,-0.083,1.999,286.685,-9.774,-51.555,Pitch
0.161,0.046,1.969,286.685,-0.507,-27.029,Pitch
0.188,0.344,1.109,274.820,-4.524,-1.295,Pitch
0.133,0.341,1.387,76.738,-33.101,13.108,Pitch
0.174,0.065,1.527,-112.989,-4.751,23.415,Pitch
0.060,0.170,1.496,-280.402,20.151,47.285,Pitch
0.116,0.273,1.907,-286.685,55.011,50.155,Pitch
0.144,0.015,1.499,-286.685,115.894,29.566,Pitch
0.065,-0.375,0.958,-286.685,113.601,-26.574,Pitch
0.194,0.082,0.045,-286.685,91.228,-46.086,Pitch
0.068,-0.138,-1.093,-286.685,17.150,12.740,Pitch
0.106,-0.781,-1.373,-190.855,-13.799,49.971,Pitch
0.114,-0.786,-1.278,-2.931,-45.693,26.792,Pitch
0.098,-0.971,-1.472,173.232,-76.510,14.236,Pitch
0.015,-0.390,-0.704,286.685,-122.010,8.505,Pitch
-0.018,-0.214,0.119,286.685,-54.171,-58.074,Pitch
-0.016,-0.083,0.642,286.685,37.870,-64.356,Pitch
-0.003,0.154,1.121,286.685,12.434,-32.463,Pitch
0.189,0.032,1.963,286.685,-102.139,-59.491,Pitch
0.151,-0.081,1.838,286.685,-34.632,-20.011,Pitch
0.142,0.410,1.066,213.456,-18.042,11.182,Pitch
0.241,0.373,1.384,65.870,-31.999,5.688,Pitch
0.078,0.172,1.485,-196.788,17.885,18.515,Pitch
0.084,0.113,1.357,-286.685,-3.588,36.689,Pitch
0.130,-0.004,1.985,-286.685,-24.264,62.528,Pitch
0.158,0.231,1.427,-286.685,105.997,58.625,Pitch
0.055,0.000,0.367,-286.685,191.511,-13.361,Pitch
-0.060,-0.335,-0.403,-286.685,89.933,-15.024,Pitch
0.090,-0.731,-0.842,-286.598,-58.284,-15.155,Pitch
0.077,-0.740,-1.057,-166.154,-38.001,42.245,Pitch
0.131,-0.886,-1.082,-21.962,-21.438,36.129,Pitch
0.040,-0.835,-1.555,230.492,-14.297,22.278,Pitch
0.118,-0.339,-1.252,286.685,-110.705,36.522,Pitch
0.095,0.339,-0.189,286.685,-108.684,-35.884,Pitch
0.095,0.475,0.586,286.685,-75.066,-86.931,Pitch
0.195,0.226,1.340,286.685,-100.844,-70.368,Pitch
0.285,0.024,1.999,286.685,-152.451,-118.300,Pitch
0.277,-0.215,1.814,286.685,-49.656,-36.750,Pitch
0.191,0.295,1.125,265.729,-7.805,24.456,Pitch
0.188,0.409,1.352,76.764,39.629,9.153,Pitch
0.157,0.103,1.534,-255.798,100.284,56.945,Pitch
0.176,0.185,1.482,-286.685,111.283,57.750,Pitch
0.010,-0.223,1.615,-286.685,105.096,34.204,Pitch
-0.005,-0.290,1.356,-286.685,139.694,9.170,Pitch
0.109,-0.019,0.240,-286.685,153.440,-76.195,Pitch
0.059,-0.389,-0.631,-286.685,91.298,-74.314,Pitch
0.010,-0.719,-1.017,-286.641,-25.594,-25.121,Pitch
0.153,-0.821,-1.246,-114.879,-28.980,27.799,Pitch
0.172,-0.951,-1.386,182.735,-69.317,6.843,Pitch
0.238,-0.366,-0.922,286.685,-151.568,15.899,Pitch
0.184,-0.152,-0.639,286.685,-111.510,-17.202,Pitch
0.136,0.080,-0.046,286.685,-90.702,-64.925,Pitch
0.030,0.473,1.244,286.685,-38.693,-96.609,Pitch
0.110,0.111,1.999,286.685,-87.491,-62.562,Pitch
0.358,-0.468,1.999,286.685,-89.933,-44.389,Pitch
0.250,-0.069,1.383,284.078,-34.204,3.754,Pitch
0.322,0.396,1.259,28.630,-13.221,25.366,Pitch
0.361,0.257,1.999,-286.685,29.636,65.030,Pitch
0.267,0.366,1.911,-286.685,92.881,81.821,Pitch
0.154,0.037,1.480,-286.685,114.546,54.801,Pitch
0.079,0.041,0.252,-286.685,76.650,3.666,Pitch
0.004,0.029,-0.715,-286.685,51.774,17.850,Pitch
0.048,-0.452,-1.191,-286.685,-16.791,35.752,Pitch
0.102,-0.683,-1.205,-232.908,-5.985,45.054,Pitch
0.024,-0.790,-1.533,79.240,30.677,13.667,Pitch
0.143,-0.719,-1.580,286.685,-26.565,26.311,Pitch
0.025,-0.148,-0.881,286.685,-59.360,41.379,Pitch
0.145,0.232,-0.130,286.685,-89.801,16.126,Pitch
0.206,0.767,1.131,286.685,-168.306,-111.151,Pitch
0.460,0.262,1.999,286.685,-145.801,-208.285,Pitch
0.344,-0.477,1.999,286.685,41.702,-140.324,Pitch
0.282,-0.120,1.513,228.751,90.099,-39.016,Pitch
0.072,0.638,1.145,-62.571,13.466,24.325,Pitch
0.211,0.193,1.945,-286.685,-55.895,130.480,Pitch
0.283,0.091,1.904,-286.685,-21.525,134.820,Pitch
0.346,-0.157,1.398,-286.685,35.411,99.908,Pitch
0.195,-0.293,0.902,-286.685,115.859,-3.150,Pitch
0.022,0.149,-0.349,-286.685,62.326,-18.497,Pitch
0.005,-0.455,-1.198,-286.685,-35.901,39.524,Pitch
0.041,-0.645,-1.448,-259.429,-46.952,50.024,Pitch
0.145,-0.798,-1.798,66.299,-6.405,28.726,Pitch
0.159,-0.648,-1.688,286.685,-44.905,23.301,Pitch
-0.008,-0.060,-1.030,286.685,-19.206,-19.757,Pitch
-0.085,0.545,-0.103,286.685,-4.541,-73.544,Pitch
-0.081,0.799,1.153,286.685,5.180,-78.155,Pitch
0.217,0.455,1.999,286.685,-52.062,-73.045,Pitch
0.341,-0.039,1.996,286.685,-43.522,-83.982,Pitch
0.118,0.332,1.040,284.777,-5.801,-15.068,Pitch
0.139,0.724,1.455,15.102,-44.415,17.535,Pitch
0.189,0.369,1.816,-283.859,-35.009,76.317,Pitch
0.176,0.145,1.728,-286.685,71.610,99.059,Pitch
0.079,-0.099,1.867,-286.685,97.387,78.916,Pitch
0.140,0.018,1.339,-286.685,110.539,32.042,Pitch
0.082,0.121,0.260,-286.685,75.521,-68.854,Pitch
-0.013,-0.078,-0.518,-286.685,-15.627,-12.600,Pitch
0.061,-0.471,-1.248,-286.685,2.398,26.618,Pitch
0.134,-0.455,-1.582,-205.091,69.003,23.853,Pitch
0.236,-0.517,-1.876,121.896,3.421,23.800,Pitch
0.188,-0.324,-1.607,286.685,-80.351,77.131,Pitch
0.203,-0.117,-1.200,286.685,-82.521,57.269,Pitch
0.249,0.526,-0.472,286.685,-68.985,40.031,Pitch
0.155,1.004,1.678,286.685,-166.477,-32.847,Pitch
0.320,0.160,1.999,286.685,-218.444,-143.194,Pitch
0.302,-0.252,1.999,286.685,-41.519,-106.067,Pitch
0.216,0.268,1.232,286.589,18.139,-42.945,Pitch
0.173,0.624,1.394,89.040,-1.190,-1.391,Pitch
0.209,0.462,1.999,-257.486,11.533,52.736,Pitch
0.173,0.117,1.832,-286.685,44.327,92.137,Pitch
0.258,-0.135,1.765,-286.685,77.717,61.364,Pitch
0.077,-0.158,1.158,-286.685,115.351,5.171,Pitch
0.070,-0.076,0.426,-286.685,105.228,-32.664,Pitch
0.044,-0.017,-0.359,-286.685,63.219,-3.719,Pitch
0.002,-0.244,-0.887,-286.685,31.806,-14.114,Pitch
0.171,-0.676,-1.966,-185.640,10.054,-10.911,Pitch
0.319,-0.780,-1.996,285.101,-76.195,24.316,Pitch
0.313,-0.160,-1.032,286.685,-85.339,48.405,Pitch
0.175,-0.077,-0.706,286.685,-33.784,27.528,Pitch
0.009,0.347,0.008,286.685,-45.623,-3.920,Pitch
0.064,0.708,1.610,286.685,-71.435,-60.952,Pitch
0.031,0.300,1.999,286.685,-85.838,-103.058,Pitch
0.141,0.151,1.999,286.685,-12.320,-72.135,Pitch
0.235,0.138,1.343,201.005,-8.934,2.301,Pitch
0.044,0.737,1.571,-228.874,-22.400,54.259,Pitch
0.322,0.151,1.999,-286.685,-39.795,140.376,Pitch
0.200,-0.273,1.978,-286.685,18.874,121.870,Pitch
0.158,-0.236,1.489,-286.685,116.454,60.708,Pitch
0.086,0.153,0.405,-286.685,108.360,-0.192,Pitch
0.046,-0.142,-0.578,-286.685,63.656,-15.706,Pitch
-0.012,-0.240,-0.846,-286.685,23.660,7.892,Pitch
0.041,-0.279,-1.501,-278.171,30.573,11.323,Pitch
0.200,-0.626,-1.997,203.096,0.368,29.522,Pitch
0.259,-0.326,-1.521,286.685,-41.265,84.543,Pitch
0.246,-0.085,-0.973,286.685,-70.149,101.736,Pitch
0.202,0.073,-0.270,286.685,-150.754,25.104,Pitch
0.158,0.970,1.305,286.685,-154.402,-86.397,Pitch
0.272,0.424,1.999,286.685,-162.960,-171.973,Pitch
0.303,-0.083,1.999,286.685,-116.681,-184.914,Pitch
0.255,-0.280,1.864,286.685,43.216,-87.211,Pitch
0.145,0.485,0.906,135.818,88.533,4.191,Pitch
0.140,0.247,1.791,-156.958,37.231,45.876,Pitch
0.099,0.213,1.739,-286.685,-11.200,94.168,Pitch
0.136,0.253,1.999,-286.685,-56.551,91.315,Pitch
0.168,0.001,1.427,-286.685,65.065,46.095,Pitch
0.088,-0.044,0.266,-286.685,76.702,-45.544,Pitch
0.125,0.062,-0.476,-286.685,8.426,-15.934,Pitch
0.001,-0.246,-0.898,-286.685,-42.096,28.735,Pitch
0.104,-0.422,-1.579,-263.182,-27.326,32.270,Pitch
0.110,-0.456,-1.955,174.099,-30.608,8.943,Pitch
0.058,-0.242,-1.923,286.685,-49.735,29.286,Pitch
0.065,-0.062,-1.146,286.685,-39.165,18.226,Pitch
0.162,0.503,-0.140,286.685,-39.699,-39.077,Pitch
0.114,1.018,1.714,286.685,-75.731,-88.585,Pitch
0.342,0.317,1.999,286.685,-88.034,-149.249,Pitch
0.315,-0.401,1.999,286.685,13.055,-134.146,Pitch
0.040,0.308,1.170,181.974,-37.327,31.815,Pitch
0.291,0.618,1.886,-205.870,-94.106,131.014,Pitch
0.570,-0.248,1.999,-286.685,42.752,141.146,Pitch
0.420,-0.177,1.851,-286.685,106.085,87.806,Pitch
0.355,-0.028,1.748,-286.685,128.494,39.156,Pitch
0.142,0.415,0.743,-286.685,146.475,31.054,Pitch
-0.045,0.357,-0.185,-286.685,133.682,27.038,Pitch
-0.088,0.147,-0.763,-286.685,95.909,8.549,Pitch
0.064,-0.174,-1.803,-281.190,58.459,-10.579,Pitch
0.308,-0.615,-1.991,43.978,-20.142,25.769,Pitch
0.104,-0.510,-1.929,286.685,-58.284,64.584,Pitch
0.259,-0.100,-1.331,286.685,-36.934,78.234,Pitch
0.286,0.134,-0.157,286.685,-85.137,59.202,Pitch
0.059,0.615,1.443,286.685,-221.401,-51.467,Pitch
0.220,0.390,1.999,286.685,-196.831,-169.120,Pitch
0.151,-0.053,1.999,286.685,-57.960,-140.525,Pitch
0.215,-0.117,1.685,286.685,25.839,-37.704,Pitch
0.198,0.073,1.234,134.041,43.278,-5.023,Pitch
0.136,0.358,1.662,-269.439,10.833,60.156,Pitch
0.207,0.166,1.983,-286.685,-26.241,71.496,Pitch
0.197,0.145,1.847,-286.685,43.111,51.336,Pitch
0.102,-0.079,1.123,-286.685,125.221,1.461,Pitch
0.070,-0.060,0.223,-286.685,102.427,-48.764,Pitch
0.137,-0.211,-0.168,-286.685,47.180,-30.319,Pitch
-0.099,-0.324,-0.742,-286.685,-51.170,5.311,Pitch
0.136,-0.658,-1.595,-151.042,-32.121,36.601,Pitch
0.219,-0.770,-1.657,231.910,-41.939,29.269,Pitch
0.231,-0.625,-1.693,286.685,-85.452,25.541,Pitch
0.164,-0.313,-0.875,286.685,-84.683,3.255,Pitch
0.006,0.197,0.079,286.685,-111.912,-66.981,Pitch
0.049,0.540,1.326,286.685,-32.917,-84.140,Pitch
0.050,0.596,1.928,286.685,-23.476,-81.865,Pitch
0.279,0.118,1.999,286.685,72.074,-51.310,Pitch
0.319,0.267,1.354,282.564,66.019,-22.566,Pitch
0.058,0.576,1.659,-70.700,-66.378,13.580,Pitch
0.125,0.416,1.794,-285.758,-104.939,42.691,Pitch
0.207,0.068,1.742,-286.685,-5.574,55.046,Pitch
0.025,-0.063,1.704,-286.685,100.651,25.235,Pitch
0.092,0.050,0.764,-286.685,128.712,-15.654,Pitch
0.090,-0.046,0.276,-286.685,51.835,-42.306,Pitch
0.024,-0.097,-0.327,-286.685,-50.339,-30.774,Pitch
0.156,-0.346,-1.262,-286.685,-40.127,-5.346,Pitch
0.235,-0.743,-1.950,-18.253,-15.164,42.070,Pitch
0.146,-0.716,-1.797,210.061,-11.996,32.393,Pitch
-0.047,-0.302,-1.213,286.685,-28.665,37.179,Pitch
-0.043,-0.291,-0.619,286.685,-63.105,-11.200,Pitch
-0.066,0.395,0.459,286.685,-29.925,-53.725,Pitch
0.214,0.970,1.180,286.685,6.606,14.971,Pitch
0.332,0.790,1.999,286.685,-131.337,18.567,Pitch
0.445,-0.170,1.999,286.685,-129.001,-91.831,Pitch
-0.009,0.399,0.921,146.913,30.083,-33.014,Pitch
0.326,0.518,1.842,-274.103,-32.769,37.818,Pitch
0.103,-0.028,1.995,-286.685,67.944,37.774,Pitch
0.031,0.042,1.508,-286.685,95.051,-4.988,Pitch
-0.011,-0.060,0.954,-286.685,46.524,-37.511,Pitch
0.129,-0.330,0.456,-286.685,-34.265,-52.334,Pitch
0.135,-0.126,0.007,-286.685,-39.716,-35.621,Pitch
0.082,-0.246,-0.558,-286.685,-38.167,10.010,Pitch
0.222,-0.482,-1.685,-257.871,-3.115,39.287,Pitch
0.119,-0.824,-1.997,205.170,-15.908,55.326,Pitch
0.132,-0.455,-1.654,286.685,-45.036,71.400,Pitch
0.146,0.050,-0.767,286.685,-46.235,49.070,Pitch
0.163,0.722,0.685,286.685,-85.995,-25.847,Pitch
0.131,0.745,1.999,286.685,-149.887,-132.554,Pitch
0.386,0.106,1.999,286.685,-122.202,-193.865,Pitch
0.283,-0.070,1.977,286.685,49.350,-126.516,Pitch
0.065,0.285,1.095,129.001,107.363,-13.177,Pitch
0.123,0.239,1.420,-159.854,25.147,43.951,Pitch
0.165,-0.016,1.729,-284.533,1.409,75.198,Pitch
0.076,-0.047,1.802,-286.685,11.427,82.268,Pitch
0.152,-0.003,1.706,-286.685,83.037,43.146,Pitch
0.072,-0.004,0.842,-286.685,114.835,-45.482,Pitch
0.082,0.061,0.097,-286.685,66.894,-62.519,Pitch
0.002,-0.229,-0.663,-286.685,-27.676,-17.124,Pitch
0.158,-0.546,-1.160,-286.256,-16.109,22.155,Pitch
0.215,-0.686,-1.427,-73.754,-1.496,15.347,Pitch
0.134,-0.684,-1.678,140.691,-10.089,23.538,Pitch
0.063,-0.487,-1.463,286.685,-46.471,40.827,Pitch
0.208,0.146,-0.437,286.685,-91.411,44.993,Pitch
0.175,0.363,0.876,286.685,-150.027,-38.500,Pitch
0.156,0.278,1.514,286.685,-66.570,-86.056,Pitch
0.241,0.021,1.999,286.685,-53.445,-126.035,Pitch
0.164,-0.285,1.999,286.685,49.525,-96.180,Pitch
0.207,-0.009,1.066,157.867,20.020,-36.033,Pitch
-0.002,0.337,1.404,-156.126,-67.086,30.170,Pitch
0.161,-0.032,1.930,-286.685,-125.659,95.436,Pitch
0.234,-0.230,1.660,-286.685,-12.626,87.640,Pitch
0.141,-0.451,1.447,-286.685,68.504,42.796,Pitch
0.194,-0.107,0.828,-286.685,83.685,-7.052,Pitch
0.054,-0.024,0.122,-286.685,70.814,-3.797,Pitch
0.122,-0.215,-0.594,-286.685,-22.628,4.716,Pitch
0.194,-0.278,-1.559,-270.147,-21.884,3.701,Pitch
0.170,-0.516,-1.997,-39.489,-21.403,22.802,Pitch
0.116,-0.516,-1.915,284.883,-26.906,44.441,Pitch
0.050,-0.219,-1.227,286.685,-14.061,62.458,Pitch
0.064,0.054,-0.490,286.685,-18.209,22.041,Pitch
0.153,0.643,0.534,286.685,-112.350,-30.608,Pitch
0.286,0.491,1.840,286.685,-132.947,-89.889,Pitch
0.253,0.209,1.999,286.685,-113.566,-155.400,Pitch
0.388,-0.195,1.998,286.685,20.265,-114.520,Pitch
0.172,-0.001,1.383,141.068,73.342,-27.519,Pitch
0.132,0.484,1.292,-19.145,23.826,3.658,Pitch
0.136,0.010,1.781,-283.430,-13.676,34.125,Pitch
0.097,0.180,1.849,-286.685,-11.699,62.536,Pitch
0.231,0.027,1.603,-286.685,30.747,29.111,Pitch
0.224,-0.065,1.326,-286.685,47.827,6.764,Pitch
0.109,0.365,0.263,-286.685,47.451,-20.545,Pitch
0.052,0.030,-0.726,-286.685,15.505,-1.916,Pitch
0.099,-0.141,-1.356,-286.659,19.722,6.816,Pitch
0.296,-0.531,-1.997,-104.746,-16.083,-8.208,Pitch
0.219,-0.497,-1.997,286.554,-58.161,8.645,Pitch
0.172,-0.130,-1.244,286.685,-18.812,73.929,Pitch
0.183,0.214,-0.765,286.685,11.314,73.544,Pitch
0.326,1.133,0.691,286.685,-37.774,36.068,Pitch
0.116,0.806,1.999,286.685,-188.799,-55.396,Pitch
0.332,-0.426,1.999,286.685,-71.155,-151.174,Pitch
0.145,-0.516,1.965,285.749,107.091,-45.124,Pitch
-0.008,0.496,0.779,140.595,59.509,6.160,Pitch
0.180,0.257,1.713,-279.772,-46.226,56.752,Pitch
0.120,0.031,1.815,-286.685,-26.171,78.024,Pitch
0.201,-0.028,1.730,-286.685,50.522,28.901,Pitch
0.165,0.131,1.151,-286.685,74.795,-22.461,Pitch
0.183,0.173,0.332,-286.685,13.965,-48.204,Pitch
0.005,0.145,-0.462,-286.685,-51.021,-13.650,Pitch
0.086,0.027,-1.204,-286.668,-51.861,20.449,Pitch
0.194,-0.612,-1.997,-54.574,-31.150,26.583,Pitch
0.214,-0.563,-1.997,286.685,-13.064,58.660,Pitch
0.216,0.110,-1.210,286.685,-9.354,74.603,Pitch
0.199,0.303,-0.060,286.685,-38.850,70.140,Pitch
0.272,0.685,0.881,286.685,-112.245,-25.270,Pitch
0.070,0.530,1.999,286.685,-109.357,-116.760,Pitch
0.294,0.183,1.999,286.685,-109.725,-122.456,Pitch
0.332,-0.061,1.774,286.046,36.846,-87.482,Pitch
0.108,0.308,0.987,153.318,74.690,-21.096,Pitch
0.112,0.283,1.711,-275.109,15.312,56.954,Pitch
0.154,0.390,1.864,-286.685,-4.769,104.965,Pitch
0.255,0.118,1.326,-286.685,77.131,22.907,Pitch
0.139,-0.059,0.941,-286.685,101.859,-35.105,Pitch
0.131,0.219,0.147,-286.685,7.621,-74.174,Pitch
-0.002,-0.075,-0.811,-286.685,-112.700,22.470,Pitch
0.038,-0.380,-1.257,-286.685,-46.060,75.232,Pitch
0.125,-0.474,-1.765,-216.746,17.587,69.554,Pitch
0.054,-0.825,-1.996,267.505,15.006,40.653,Pitch
0.118,-0.441,-1.302,286.685,-35.787,39.104,Pitch
0.184,0.107,-0.772,286.685,-70.131,37.686,Pitch
0.389,0.519,0.135,286.685,-85.207,20.843,Pitch
0.299,0.800,1.591,286.685,-151.384,-61.976,Pitch
0.277,0.319,1.999,286.685,-144.830,-138.005,Pitch
0.361,-0.377,1.999,286.685,-16.949,-148.391,Pitch
0.163,-0.007,0.922,235.261,72.704,-72.012,Pitch
-0.083,0.802,1.322,-266.315,-25.751,56.569,Pitch
0.335,0.092,1.999,-286.685,-50.435,141.181,Pitch
0.291,-0.054,1.540,-286.685,105.945,45.763,Pitch
0.201,0.117,0.786,-286.685,95.690,-12.241,Pitch
0.200,-0.448,0.276,-286.685,21.534,-9.292,Pitch
0.204,-0.140,-0.378,-286.685,-27.169,7.490,Pitch
0.121,-0.471,-0.971,-286.685,-6.396,56.656,Pitch
0.154,-0.383,-1.505,-235.480,14.245,67.305,Pitch
0.024,-0.533,-1.890,72.590,32.314,71.820,Pitch
0.071,-0.526,-1.801,286.685,-8.146,82.066,Pitch
0.190,-0.025,-0.910,286.685,-84.035,88.419,Pitch
0.365,0.383,0.043,286.685,-146.492,42.639,Pitch
0.261,0.716,1.516,286.685,-225.986,-78.418,Pitch
0.391,0.425,1.999,286.685,-197.173,-196.193,Pitch
0.266,-0.227,1.999,286.685,11.498,-146.107,Pitch
0.227,-0.102,1.503,286.431,13.405,-85.514,Pitch
0.127,0.523,1.041,101.071,33.250,9.292,Pitch
0.181,0.313,1.544,-160.869,22.802,28.525,Pitch
0.216,0.012,1.891,-286.685,-24.430,70.096,Pitch
0.154,0.187,1.999,-286.685,28.192,74.865,Pitch
0.142,-0.278,1.489,-286.685,106.225,36.417,Pitch
0.129,-0.077,0.698,-286.685,85.094,-44.467,Pitch
0.238,-0.012,-0.048,-286.685,10.955,-26.784,Pitch
0.111,-0.160,-0.532,-286.685,-21.228,20.624,Pitch
0.105,-0.281,-1.277,-286.685,22.776,52.447,Pitch
0.134,-0.676,-1.994,6.773,20.431,68.530,Pitch
0.102,-0.613,-1.685,286.685,-34.116,54.145,Pitch
0.147,-0.328,-1.041,286.685,-61.084,60.095,Pitch
0.227,-0.231,-0.456,286.685,-95.567,33.416,Pitch
0.225,0.623,0.372,286.685,-112.507,-17.150,Pitch
0.150,0.658,1.979,286.685,-143.990,-86.546,Pitch
0.241,0.134,1.999,286.685,-99.173,-168.035,Pitch
0.175,-0.342,1.999,286.685,41.974,-115.299,Pitch
0.091,0.275,0.693,232.601,17.570,-30.231,Pitch
0.060,0.335,1.337,-122.806,19.530,17.763,Pitch
0.057,0.253,1.645,-283.342,-10.430,78.654,Pitch
-0.012,0.123,1.924,-286.685,40.294,77.604,Pitch
0.176,-0.105,1.479,-286.685,92.173,21.070,Pitch
0.050,-0.116,0.731,-286.685,57.260,-65.056,Pitch
0.224,0.061,0.007,-286.685,-46.681,-23.091,Pitch
0.049,-0.198,-0.849,-286.685,-70.070,31.299,Pitch
0.131,-0.627,-1.412,-245.857,-2.214,74.139,Pitch
0.161,-0.632,-1.162,56.717,34.764,35.560,Pitch
0.091,-0.629,-1.177,225.969,-46.970,2.503,Pitch
-0.034,-0.828,-1.377,286.685,-63.088,-3.395,Pitch
0.156,-0.113,-0.817,286.685,-85.269,17.780,Pitch
0.187,0.567,0.662,286.685,-62.020,7.385,Pitch
0.158,0.586,1.729,286.685,-73.360,-58.362,Pitch
0.231,0.087,1.990,286.685,-121.975,-99.488,Pitch
0.307,-0.117,1.999,286.685,6.834,-140.341,Pitch
0.032,0.063,1.046,196.070,42.700,-38.220,Pitch
-0.029,0.497,1.217,-216.834,-15.208,46.104,Pitch
0.045,0.082,1.835,-286.685,-61.784,98.175,Pitch
0.131,0.065,1.990,-286.685,-0.026,87.360,Pitch
0.121,0.058,1.155,-286.685,119.674,14.621,Pitch
0.036,-0.264,0.619,-286.685,47.346,-57.033,Pitch
0.093,-0.174,-0.113,-286.685,-5.451,-55.624,Pitch
0.027,-0.306,-0.673,-286.685,-5.845,-9.546,Pitch
0.213,-0.528,-1.610,-217.122,11.769,13.755,Pitch
0.233,-0.790,-1.980,234.062,-1.181,18.016,Pitch
0.303,-0.698,-1.606,286.685,-36.706,44.406,Pitch
0.321,-0.260,-1.073,286.685,-38.491,79.511,Pitch
0.162,0.252,0.074,286.685,-54.294,36.689,Pitch
0.086,0.869,0.701,286.685,-98.543,-94.369,Pitch
0.027,0.808,1.987,286.685,-81.069,-167.807,Pitch
0.146,-0.053,1.999,286.685,-12.320,-146.807,Pitch
0.161,-0.058,1.516,273.534,140.315,-73.789,Pitch
-0.142,0.585,1.089,-129.062,65.896,43.873,Pitch
0.047,0.557,1.610,-286.125,-34.536,74.480,Pitch
0.144,-0.229,1.984,-286.685,-72.896,80.360,Pitch
0.209,0.173,1.550,-286.685,37.126,30.179,Pitch
0.120,-0.071,0.762,-286.685,103.915,-66.990,Pitch
0.010,0.143,0.074,-286.685,55.877,-80.150,Pitch
0.026,-0.197,-0.709,-286.685,-22.347,-35.700,Pitch
0.159,-0.387,-1.652,-286.081,-44.371,-22.391,Pitch
0.298,-0.790,-1.977,115.920,-39.524,10.404,Pitch
0.328,-0.643,-1.908,286.685,-29.584,51.039,Pitch
0.252,-0.033,-1.355,286.685,-11.664,71.592,Pitch
0.345,0.407,0.061,286.685,-13.825,55.099,Pitch
0.036,0.736,1.587,286.685,-81.077,-59.938,Pitch
0.056,0.419,1.999,286.685,-92.164,-134.619,Pitch
0.127,-0.065,1.999,286.685,0.254,-113.059,Pitch
0.304,-0.218,1.771,276.763,71.689,-38.474,Pitch
0.029,0.480,1.094,-51.319,24.640,38.815,Pitch
0.116,0.159,1.604,-286.685,-48.965,75.924,Pitch
0.104,-0.199,1.665,-286.685,-68.784,89.014,Pitch
0.156,-0.097,1.618,-286.685,-1.663,41.256,Pitch
0.037,0.073,0.966,-286.685,42.604,-34.309,Pitch
0.030,0.115,-0.012,-286.685,22.907,-28.061,Pitch
0.019,-0.103,-0.581,-286.685,-3.001,-11.874,Pitch
0.084,-0.216,-1.612,-285.337,14.070,5.267,Pitch
0.269,-0.616,-1.997,186.314,-12.399,36.829,Pitch
0.353,-0.544,-1.619,286.685,-35.910,100.205,Pitch
0.432,-0.088,-0.914,286.685,-28.052,103.740,Pitch
0.192,0.142,0.055,286.685,-84.893,43.549,Pitch
-0.033,0.905,1.076,286.685,-64.277,-109.034,Pitch
0.056,0.897,1.999,286.685,-105.717,-152.784,Pitch
0.189,-0.142,1.999,286.685,-37.984,-152.294,Pitch
0.281,-0.257,1.688,281.663,88.235,-44.065,Pitch
0.022,0.656,1.093,-30.555,48.160,51.004,Roll
0.095,0.152,1.999,-286.685,-24.605,82.320,Roll
-0.041,0.175,1.871,-286.685,39.235,88.209,Roll
00.007,-0.216,0.985,6.142,-12.119,5.871,Roll
-0.048,-0.218,1.011,5.084,3.220,2.100,Roll
-0.001,-0.240,0.957,0.577,-0.472,-2.590,Roll
0.032,-0.230,0.979,-6.580,-16.809,-1.251,Roll
0.043,-0.246,1.013,-3.500,-11.016,-4.060,Roll
0.072,-0.323,0.984,-0.507,-3.483,2.669,Roll
0.054,-0.291,0.991,2.608,-7.648,10.727,Roll
-0.033,-0.289,0.994,8.330,1.260,8.925,Roll
0.044,-0.292,1.002,6.912,-12.145,12.635,Roll
-0.006,-0.214,1.108,3.036,-12.775,15.129,Roll
0.017,-0.247,1.024,-1.470,-4.445,8.811,Roll
-0.003,-0.273,0.953,4.174,-5.416,19.749,Roll
-0.074,-0.171,0.979,-0.709,-32.882,21.455,Roll
-0.050,-0.124,1.034,-2.240,-46.655,-0.525,Roll
0.012,-0.155,0.983,-4.454,-46.261,-16.634,Roll
-0.024,-0.266,0.954,-0.149,-0.647,-41.606,Roll
-0.002,-0.184,0.958,-3.553,-50.470,-15.488,Roll
0.231,-0.347,0.956,2.126,-63.210,-11.524,Roll
0.100,-0.289,0.828,0.989,-108.990,16.984,Roll
0.191,-0.287,0.869,48.947,-221.979,31.684,Roll
0.406,-0.247,0.972,37.853,-286.685,42.350,Roll
0.503,-0.173,0.652,-5.031,-286.685,31.885,Roll
0.592,-0.047,0.340,-7.332,-286.685,3.150,Roll
0.781,-0.042,0.611,-0.429,-286.685,-38.614,Roll
1.113,-0.206,0.735,67.226,-286.353,-40.040,Roll
1.137,-0.261,0.476,126.350,-120.234,-22.050,Roll
1.074,-0.286,0.482,84.586,33.486,-1.523,Roll
1.335,-0.234,0.714,-4.568,277.314,7.577,Roll
1.054,-0.073,1.094,-70.429,286.685,33.276,Roll
0.922,0.299,0.893,-61.688,286.685,47.679,Roll
0.744,0.191,0.548,-68.731,286.685,43.199,Roll
0.183,-0.059,0.182,48.632,286.685,-2.599,Roll
-0.309,-0.288,0.799,171.456,286.685,-90.107,Roll
-0.281,-0.192,0.902,37.362,286.685,-80.491,Roll
-0.709,-0.282,0.659,35.656,286.685,-79.616,Roll
-0.928,-0.332,0.703,59.054,260.671,-89.661,Roll
-0.995,-0.620,0.354,-25.104,72.765,-81.043,Roll
-0.830,-0.652,0.226,-59.588,-163.406,-3.622,Roll
-0.681,-0.445,0.120,-13.703,-281.899,28.683,Roll
-0.980,-0.218,0.509,-57.190,-286.685,84.149,Roll
-0.321,-0.164,0.868,-47.268,-286.685,134.348,Roll
0.322,0.039,0.979,56.656,-286.685,161.079,Roll
0.675,0.133,1.217,5.827,-286.685,176.400,Roll
0.676,-0.086,1.050,-85.986,-286.685,157.299,Roll
1.001,-0.102,0.910,-36.435,-286.685,49.070,Roll
0.648,-0.479,0.738,-17.894,-286.685,-8.444,Roll
0.948,-0.574,0.436,12.679,-173.337,5.443,Roll
1.149,-0.656,0.491,7.236,-25.804,2.695,Roll
1.119,-0.175,0.401,-18.961,220.071,-20.501,Roll
1.191,0.034,0.640,-64.374,286.685,-25.638,Roll
1.193,-0.106,0.974,-120.995,286.685,-1.960,Roll
0.855,-0.173,0.893,-73.395,286.685,-1.636,Roll
0.341,-0.122,0.485,9.564,286.685,-9.319,Roll
0.278,-0.150,0.376,97.939,286.685,-44.853,Roll
0.094,-0.124,0.553,116.104,286.685,-120.986,Roll
-0.324,-0.509,0.714,98.910,286.685,-127.199,Roll
-0.446,-0.608,0.495,66.386,281.321,-126.796,Roll
-1.167,-0.775,0.196,10.797,57.697,-139.003,Roll
-1.094,-0.746,0.232,-68.005,-217.613,-9.056,Roll
-0.767,-0.385,0.340,-41.449,-286.685,18.358,Roll
-0.785,-0.185,0.614,15.304,-286.685,30.485,Roll
-0.505,-0.177,0.820,26.372,-286.685,35.998,Roll
0.118,-0.315,0.887,146.291,-286.685,90.265,Roll
0.469,0.042,0.959,212.625,-286.685,144.104,Roll
0.963,0.219,1.005,152.548,-286.685,151.952,Roll
0.882,-0.322,0.898,29.689,-286.685,101.841,Roll
0.752,-0.368,0.794,8.540,-286.274,61.189,Roll
0.712,-0.410,0.484,17.596,-199.955,66.535,Roll
0.962,-0.362,0.240,45.404,-74.839,30.214,Roll
1.159,-0.277,0.502,31.395,58.397,-38.518,Roll
1.163,-0.111,0.548,-37.966,237.729,-61.635,Roll
1.170,0.000,0.877,-67.576,286.685,-48.501,Roll
1.127,-0.066,1.131,-95.043,286.685,-36.601,Roll
0.647,-0.095,0.801,-109.515,286.685,-35.096,Roll
0.353,-0.085,0.649,-75.793,286.685,-54.688,Roll
0.035,-0.009,0.499,68.215,286.685,-76.370,Roll
-0.359,-0.367,0.715,126.131,286.685,-133.280,Roll
-0.405,-0.661,0.450,11.366,286.685,-128.083,Roll
-0.793,-0.684,0.290,10.946,210.595,-112.551,Roll
-1.216,-0.810,0.011,-17.570,67.366,-62.536,Roll
-0.826,-0.497,0.063,-17.483,-232.680,11.104,Roll
-0.581,-0.356,0.204,3.360,-286.685,45.430,Roll
-0.590,-0.112,0.801,46.725,-286.685,58.993,Roll
-0.244,-0.197,0.919,44.914,-286.685,75.162,Roll
0.470,-0.106,0.892,121.109,-286.685,135.336,Roll
1.127,0.185,1.174,142.529,-286.685,167.895,Roll
0.619,-0.091,1.134,64.741,-286.685,136.089,Roll
0.637,-0.315,0.822,-20.090,-286.685,43.934,Roll
0.839,-0.400,0.403,-16.573,-267.549,9.669,Roll
1.071,-0.588,0.341,-7.665,-102.401,-7.551,Roll
1.384,-0.359,0.301,51.179,129.491,-27.519,Roll
0.934,-0.135,0.355,50.339,275.844,-35.884,Roll
1.073,0.046,0.916,-35.368,286.685,-22.907,Roll
1.072,-0.133,1.248,-110.390,286.685,-0.123,Roll
0.596,-0.041,0.465,-61.985,286.685,-15.033,Roll
0.179,-0.216,0.604,37.643,286.685,-76.440,Roll
0.034,-0.100,0.887,131.145,286.685,-116.427,Roll
-0.341,-0.366,0.711,19.128,286.685,-173.696,Roll
-0.445,-0.486,0.443,-7.525,285.819,-171.001,Roll
-0.770,-0.584,0.314,9.818,210.936,-120.864,Roll
-0.995,-0.743,0.086,-27.160,-30.931,-56.963,Roll
-0.636,-0.606,0.209,-26.005,-279.309,23.756,Roll
-0.611,-0.276,0.357,12.924,-286.685,59.281,Roll
-0.404,-0.282,0.694,50.514,-286.685,86.555,Roll
-0.008,-0.341,0.870,27.160,-286.685,125.851,Roll
0.622,0.212,0.993,166.329,-286.685,149.896,Roll
1.212,0.184,1.146,172.708,-286.685,134.286,Roll
0.952,-0.035,1.076,113.662,-286.685,30.870,Roll
0.678,-0.423,0.814,32.699,-286.685,2.949,Roll
0.716,-0.462,0.485,10.684,-203.744,7.411,Roll
0.789,-0.362,0.360,19.670,-41.676,12.679,Roll
1.001,-0.240,0.398,29.417,144.935,-32.209,Roll
1.247,-0.180,0.684,-31.999,263.760,-56.542,Roll
1.171,0.018,1.247,-89.224,286.685,-41.134,Roll
0.739,0.048,1.010,-103.390,286.685,-46.121,Roll
0.555,0.039,0.747,-68.302,286.685,-71.671,Roll
0.252,0.092,0.830,101.762,286.685,-116.830,Roll
-0.034,-0.268,0.834,61.740,286.685,-165.506,Roll
-0.325,-0.410,0.472,-45.246,286.685,-169.689,Roll
-0.792,-0.541,0.331,-15.969,267.418,-143.973,Roll
-0.980,-0.640,0.212,-12.714,158.182,-67.261,Roll
-0.858,-0.619,0.095,-15.925,-53.987,-15.050,Roll
-0.582,-0.436,0.165,7.044,-262.150,47.591,Roll
-0.893,-0.194,0.641,-9.642,-286.685,86.240,Roll
-0.631,-0.198,0.775,-17.062,-286.685,91.919,Roll
0.015,-0.241,0.972,17.885,-286.685,88.357,Roll
0.595,-0.020,0.682,122.535,-286.685,105.997,Roll
0.941,0.137,0.773,178.010,-286.685,133.385,Roll
0.667,-0.101,0.969,-10.841,-286.685,61.722,Roll
0.818,-0.419,0.605,-47.329,-286.685,4.673,Roll
0.633,-0.566,0.287,10.859,-168.053,-26.311,Roll
1.249,-0.546,0.450,16.844,41.895,-23.747,Roll
1.305,-0.084,0.422,15.733,262.561,-35.254,Roll
1.241,-0.110,0.741,-24.167,286.685,-37.599,Roll
0.888,0.125,1.273,-99.304,286.685,-9.870,Roll
0.755,-0.070,0.857,-148.496,286.685,20.011,Roll
0.421,-0.169,0.693,-21.061,286.685,0.709,Roll
0.143,-0.113,0.981,88.270,286.685,-23.896,Roll
-0.151,0.056,0.805,56.682,286.685,-87.010,Roll
-0.440,-0.579,0.482,-18.594,286.685,-126.368,Roll
-0.615,-0.527,0.382,36.216,228.891,-100.853,Roll
-0.820,-0.595,0.127,-3.868,97.624,-72.529,Roll
-0.754,-0.582,0.090,-29.846,-131.224,-12.390,Roll
-0.549,-0.383,0.165,4.086,-286.685,39.681,Roll
-0.630,-0.256,0.713,58.966,-286.685,86.039,Roll
-0.360,-0.074,0.940,38.325,-286.685,112.149,Roll
0.132,-0.030,1.142,34.755,-286.685,117.775,Roll
0.853,-0.070,1.186,157.561,-286.685,136.185,Roll
1.000,0.083,0.855,143.622,-286.685,96.941,Roll
0.789,-0.200,0.817,32.270,-286.685,25.392,Roll
0.696,-0.352,0.595,-0.490,-286.685,-20.344,Roll
0.594,-0.400,0.316,-3.036,-138.014,-29.470,Roll
1.773,-0.436,0.629,7.613,117.329,-38.404,Roll
1.241,0.031,0.549,-36.181,286.685,-22.636,Roll
1.140,0.055,0.797,-71.575,286.685,3.999,Roll
0.881,0.025,1.081,-133.893,286.685,23.476,Roll
0.674,-0.073,0.800,-124.180,286.685,20.886,Roll
0.396,-0.201,0.551,-40.618,286.685,2.678,Roll
-0.006,-0.107,1.045,121.783,286.685,-15.417,Roll
-0.152,-0.345,0.716,61.276,286.685,-92.846,Roll
-0.542,-0.437,0.417,9.608,286.624,-140.936,Roll
-0.921,-0.395,0.379,23.993,197.934,-125.431,Roll
-1.038,-0.602,0.201,-6.230,71.986,-64.304,Roll
-0.762,-0.524,0.142,-18.576,-172.611,2.293,Roll
-0.634,-0.313,0.375,-2.170,-286.685,47.040,Roll
-0.579,-0.201,0.803,8.785,-286.685,58.441,Roll
-0.455,-0.200,0.774,3.771,-286.685,64.978,Roll
0.153,-0.265,0.708,53.646,-286.685,89.005,Roll
0.696,0.086,1.101,191.117,-286.685,93.905,Roll
0.790,0.136,0.919,192.141,-286.685,80.316,Roll
0.726,-0.176,0.892,77.245,-286.685,70.350,Roll
0.976,-0.321,0.432,-21.245,-286.685,1.339,Roll
0.987,-0.491,0.481,-0.551,-160.492,-21.324,Roll
0.962,-0.291,0.452,-6.869,66.938,-16.074,Roll
1.020,-0.101,0.387,0.472,194.434,-7.411,Roll
1.131,0.073,0.981,-50.435,286.685,-21.333,Roll
0.923,-0.031,1.187,-145.731,286.685,-13.755,Roll
0.816,0.044,0.940,-133.166,286.685,10.465,Roll
0.600,0.032,0.758,-94.299,286.685,4.069,Roll
0.095,-0.105,0.749,-54.005,286.685,-38.938,Roll
0.004,-0.264,0.749,62.335,286.685,-89.355,Roll
-0.410,-0.431,0.344,44.511,286.685,-110.670,Roll
-0.719,-0.424,0.291,45.920,286.685,-123.533,Roll
-1.327,-0.541,0.109,4.174,157.098,-86.397,Roll
-0.941,-0.658,0.134,-20.913,-102.384,-19.093,Roll
-0.582,-0.397,0.100,-7.236,-286.685,38.036,Roll
-0.534,-0.376,0.373,12.679,-286.685,47.600,Roll
-0.228,-0.283,0.775,56.096,-286.685,64.584,Roll
-0.092,-0.193,1.096,104.930,-286.685,71.706,Roll
0.304,0.007,0.573,133.753,-286.685,88.524,Roll
0.504,-0.019,0.488,160.527,-286.685,97.003,Roll
0.891,0.154,0.913,244.352,-286.685,78.584,Roll
0.854,-0.122,0.832,17.771,-286.685,46.778,Roll
0.974,-0.232,0.640,3.675,-255.334,15.802,Roll
0.976,-0.252,0.660,3.719,-144.375,7.849,Roll
0.978,-0.152,0.541,28.831,29.024,-4.988,Roll
1.426,-0.062,0.915,-44.048,259.096,-20.440,Roll
1.137,-0.080,1.123,-148.986,286.685,-8.435,Roll
0.856,0.035,1.086,-153.939,286.685,23.599,Roll
0.566,0.214,0.820,-100.817,286.685,13.116,Roll
0.159,-0.027,0.962,-46.926,286.685,-39.393,Roll
-0.131,-0.137,0.823,45.211,286.685,-79.091,Roll
-0.454,-0.330,0.637,26.233,286.685,-130.900,Roll
-0.739,-0.542,0.362,27.116,281.470,-150.255,Roll
-1.089,-0.523,0.125,28.954,171.404,-145.197,Roll
-0.667,-0.695,0.038,-15.444,-57.820,-58.231,Roll
-0.517,-0.603,0.072,-1.260,-275.809,34.974,Roll
-0.664,-0.422,0.198,30.747,-286.685,71.549,Roll
-0.575,-0.393,0.513,47.626,-286.685,105.989,Roll
-0.014,-0.129,0.790,157.378,-286.685,114.170,Roll
0.585,0.345,0.692,184.144,-286.685,188.484,Roll
0.908,0.268,0.473,89.355,-286.685,203.849,Roll
1.041,-0.005,0.640,26.836,-286.685,130.244,Roll
1.094,-0.460,0.793,23.406,-286.685,-12.967,Roll
0.883,-0.431,0.618,42.306,-228.016,-12.574,Roll
0.965,-0.388,0.407,37.949,-60.830,-1.908,Roll
1.238,-0.139,0.461,-13.790,160.003,-23.677,Roll
1.331,-0.031,0.862,-93.091,286.685,-29.558,Roll
1.127,-0.054,1.075,-141.120,286.685,4.086,Roll
0.904,-0.053,0.963,-137.445,286.685,35.158,Roll
0.417,0.036,0.681,-70.402,286.685,30.153,Roll
0.096,-0.113,0.845,-82.556,286.685,-25.095,Roll
-0.003,-0.251,0.593,-51.616,286.685,-50.312,Roll
-0.382,-0.276,0.491,177.415,286.685,-97.632,Roll
-0.584,-0.675,0.475,130.988,286.685,-136.885,Roll
-0.952,-0.619,0.072,94.885,134.076,-156.695,Roll
-0.753,-0.831,-0.012,-30.914,-113.129,-62.423,Roll
-0.602,-0.400,0.095,2.082,-286.685,71.006,Roll
-0.540,-0.289,0.273,5.959,-286.685,94.999,Roll
-0.175,-0.269,1.002,44.013,-286.685,66.456,Roll
0.148,-0.420,1.033,146.501,-286.685,142.992,Roll
0.133,0.424,0.661,175.613,-286.685,190.531,Roll
1.038,0.217,0.728,152.556,-286.685,154.324,Roll
0.983,-0.114,0.753,72.161,-286.685,95.865,Roll
0.775,-0.434,0.608,32.821,-286.685,-1.111,Roll
0.544,-0.531,0.381,54.670,-162.969,37.109,Roll
1.020,-0.280,0.506,46.244,-49.210,35.621,Roll
1.374,-0.234,0.495,-21.770,122.649,-12.215,Roll
1.263,-0.095,0.627,-68.110,286.659,-15.304,Roll
1.059,-0.128,0.996,-130.357,286.685,16.406,Roll
0.859,-0.141,1.071,-164.719,286.685,36.934,Roll
0.407,-0.187,0.917,-123.918,286.685,11.288,Roll
0.106,-0.169,0.676,-3.124,286.685,-12.670,Roll
-0.204,-0.192,0.616,78.041,286.685,-70.639,Roll
-0.337,-0.339,0.619,133.000,286.685,-106.041,Roll
-0.359,-0.719,0.379,17.176,281.899,-127.129,Roll
-0.643,-0.731,0.114,82.399,44.975,-125.073,Roll
-0.756,-0.667,0.081,50.706,-167.160,-48.702,Roll
-0.798,-0.561,0.283,-2.362,-284.751,24.596,Roll
-0.564,-0.322,0.704,40.775,-286.685,34.939,Roll
-0.541,-0.250,0.663,94.745,-286.685,52.579,Roll
-0.023,-0.453,0.665,137.725,-286.685,105.779,Roll
0.290,0.164,0.796,206.176,-286.685,173.303,Roll
1.257,0.437,0.877,268.310,-286.685,166.924,Roll
1.170,0.086,0.951,158.506,-286.685,97.816,Roll
1.017,-0.238,0.696,24.859,-286.685,-1.890,Roll
0.959,-0.382,0.423,13.790,-239.365,-6.641,Roll
1.048,-0.454,0.536,1.872,-128.091,22.689,Roll
1.242,-0.299,0.504,3.797,93.371,23.888,Roll
1.314,-0.115,0.595,-85.304,285.320,-6.125,Roll
1.080,-0.069,0.929,-179.165,286.685,29.146,Roll
0.710,0.018,0.888,-205.144,286.685,66.806,Roll
0.581,-0.175,0.774,-179.533,286.685,108.351,Roll
0.287,-0.018,0.762,-78.348,286.685,104.738,Roll
-0.132,-0.340,0.649,-48.160,286.685,72.765,Roll
-0.356,-0.632,0.425,-50.855,286.685,45.815,Roll
-0.540,-0.586,0.359,-0.018,282.170,-26.285,Roll
-0.744,-0.521,0.105,33.486,116.410,-71.899,Roll
-0.894,-0.633,0.134,107.765,-93.214,-69.650,Roll
-0.729,-0.644,0.312,125.510,-249.244,-40.530,Roll
-0.493,-0.295,0.438,143.587,-286.685,11.051,Roll
-0.486,-0.287,0.629,69.624,-286.685,44.669,Roll
0.095,-0.205,0.702,143.202,-286.685,66.465,Roll
0.319,-0.014,0.706,197.523,-286.685,100.677,Roll
0.947,0.197,0.982,184.091,-286.685,90.921,Roll
1.027,-0.097,0.854,52.246,-286.685,80.929,Roll
1.117,-0.326,0.792,10.868,-286.685,-5.154,Roll
0.965,-0.394,0.690,-19.854,-244.913,-10.789,Roll
1.137,-0.297,0.509,-6.869,-69.457,-9.573,Roll
1.192,-0.180,0.537,-8.610,137.462,-13.913,Roll
1.163,-0.071,0.694,-106.540,286.685,-16.170,Roll
1.069,-0.020,1.032,-167.318,286.685,7.105,Roll
0.667,-0.027,0.952,-209.195,286.685,46.655,Roll
0.488,0.024,0.663,-107.817,286.685,25.183,Roll
-0.021,-0.026,0.805,60.463,286.685,-3.150,Roll
-0.382,-0.217,0.773,72.004,286.685,-31.167,Roll
-0.474,-0.582,0.576,4.121,286.685,-72.257,Roll
-0.654,-0.704,0.478,-10.028,231.053,-136.500,Roll
-0.793,-0.702,-0.104,69.545,-17.220,-144.926,Roll
-0.635,-0.714,0.346,65.817,-233.809,-55.283,Roll
-0.418,-0.588,0.421,66.920,-286.685,-8.837,Roll
-0.746,-0.302,0.561,-61.827,-286.685,72.931,Roll
-0.353,-0.456,0.758,58.170,-286.685,35.569,Roll
0.220,-0.373,0.621,227.824,-286.685,93.433,Roll
0.649,0.072,0.339,286.685,-286.685,136.587,Roll
0.924,0.345,0.806,274.094,-286.685,138.443,Roll
0.848,-0.172,0.667,43.251,-286.685,84.560,Roll
0.987,-0.294,0.843,42.324,-264.985,12.863,Roll
1.014,-0.285,0.750,-3.412,-175.009,8.050,Roll
1.298,-0.260,0.669,-8.645,26.206,-3.325,Roll
0.933,-0.032,0.563,-19.084,253.312,4.226,Roll
1.073,-0.002,0.950,-159.040,286.685,-11.200,Roll
0.773,-0.005,1.173,-230.449,286.685,-1.872,Roll
0.529,-0.033,0.864,-184.704,286.685,12.967,Roll
-0.009,0.077,0.724,-62.037,286.685,30.013,Roll
-0.308,-0.313,0.824,9.966,286.685,21.586,Roll
-0.370,-0.478,0.754,72.135,286.685,-15.505,Roll
-0.796,-0.597,0.475,37.048,286.685,-89.084,Roll
-0.853,-0.588,0.150,18.874,151.174,-158.708,Roll
-0.758,-0.678,0.070,101.482,-110.451,-121.135,Roll
-0.588,-0.677,0.463,150.693,-286.685,-34.449,Roll
-0.640,-0.265,0.358,90.965,-286.685,39.498,Roll
-0.652,-0.305,0.613,21.577,-286.685,90.615,Roll
-0.138,-0.354,0.734,42.123,-286.685,114.844,Roll
0.469,-0.175,0.725,153.466,-286.685,190.566,Roll
0.966,0.089,0.826,232.304,-286.685,182.070,Roll
0.841,0.331,1.127,195.212,-286.685,160.230,Roll
0.725,-0.171,0.775,1.864,-286.685,20.353,Roll
0.885,-0.446,0.495,4.883,-279.930,-15.479,Roll
0.883,-0.441,0.363,-2.389,-193.384,1.146,Roll
1.238,-0.289,0.628,17.237,17.176,4.174,Roll
1.247,-0.068,0.553,-61.635,250.670,-48.799,Roll
1.088,0.028,1.058,-157.938,286.685,-18.847,Roll
0.967,-0.050,1.148,-227.859,286.685,34.405,Roll
0.530,-0.062,0.865,-209.851,286.685,84.368,Roll
0.349,-0.100,0.711,-63.306,286.685,-5.023,Roll
0.233,-0.233,0.738,-53.804,286.685,-4.463,Roll
0.019,-0.373,0.574,-100.949,286.685,30.555,Roll
-0.683,-0.672,0.411,-44.651,286.685,0.140,Roll
-0.756,-0.518,0.207,18.646,170.424,-26.792,Roll
-0.649,-0.664,0.278,91.061,-87.456,-31.045,Roll
-0.665,-0.674,0.415,105.070,-249.042,-29.802,Roll
-0.482,-0.327,0.500,92.531,-286.685,-31.159,Roll
-0.203,-0.132,0.824,81.996,-286.685,-18.865,Roll
0.135,-0.297,0.893,128.214,-286.685,2.476,Roll
0.534,-0.158,0.606,278.460,-286.685,57.899,Roll
1.042,0.300,0.842,286.685,-286.685,93.441,Roll
0.579,0.082,0.932,129.159,-286.685,123.279,Roll
0.913,-0.284,0.851,66.456,-286.606,21.665,Roll
0.918,-0.275,0.615,-2.450,-139.536,13.011,Roll
1.279,-0.264,0.686,-6.781,-21.831,4.979,Roll
1.214,-0.040,0.525,-19.014,199.789,3.299,Roll
1.060,0.019,0.730,-125.676,286.685,0.219,Roll
0.986,0.019,1.049,-175.919,286.685,21.052,Roll
0.620,-0.045,1.074,-156.634,286.685,11.988,Roll
0.285,-0.059,0.845,-55.326,286.685,-32.349,Roll
0.147,0.090,0.976,4.148,286.685,-42.018,Roll
-0.035,-0.484,0.766,-15.488,286.685,-16.161,Roll
-0.284,-0.681,0.510,-14.919,286.685,-31.649,Roll
-0.777,-0.476,0.376,117.723,272.151,-106.382,Roll
-1.211,-0.502,0.143,132.169,75.014,-137.515,Roll
-0.899,-0.631,0.200,19.066,-148.732,-25.760,Roll
-0.733,-0.414,0.331,28.263,-280.184,37.590,Roll
-0.489,-0.250,0.518,72.520,-286.685,77.158,Roll
-0.392,-0.176,0.863,39.743,-286.685,101.535,Roll
-0.100,-0.293,0.873,84.052,-286.685,142.109,Roll
-0.033,0.167,0.830,131.425,-286.685,173.854,Roll
1.344,0.053,0.655,191.704,-286.685,188.072,Roll
0.524,0.273,1.190,90.353,-286.685,188.781,Roll
0.639,-0.106,0.721,-60.646,-286.685,13.877,Roll
0.749,-0.227,0.426,9.590,-283.684,-34.204,Roll
0.930,-0.422,0.356,-40.985,-173.766,-14.000,Roll
1.238,-0.356,0.538,-20.851,63.219,-18.471,Roll
0.992,0.136,0.554,-22.645,282.170,-38.089,Roll
1.113,0.045,0.941,-75.022,286.685,-40.626,Roll
1.085,0.031,1.415,-183.768,286.685,25.778,Roll
0.685,-0.048,0.851,-192.342,286.685,57.225,Roll
0.327,0.031,0.584,-47.206,286.685,30.564,Roll
0.228,-0.120,0.769,31.281,286.685,41.256,Roll
-0.154,-0.408,0.490,21.700,286.685,12.512,Roll
-0.665,-0.508,0.445,38.185,286.685,-50.120,Roll
-0.994,-0.327,0.219,204.085,247.441,-106.680,Roll
-1.057,-0.518,0.162,89.591,-53.909,-100.371,Roll
-0.903,-0.537,0.103,46.007,-200.795,-34.423,Roll
-0.694,-0.213,0.351,16.914,-286.685,45.456,Roll
-0.504,-0.201,0.612,15.514,-286.685,85.505,Roll
-0.183,-0.288,0.900,166.101,-286.685,108.369,Roll
0.447,0.081,0.908,264.810,-286.685,162.059,Roll
0.236,0.830,0.659,136.351,-286.685,225.925,Roll
0.886,-0.183,0.942,33.320,-286.685,161.184,Roll
0.915,0.001,0.861,-26.644,-286.685,25.760,Roll
0.898,-0.138,0.836,-6.440,-278.889,-23.914,Roll
0.747,-0.222,0.634,12.653,-77.438,-15.864,Roll
1.136,-0.242,0.709,1.138,137.637,-5.477,Roll
0.964,0.017,0.673,-68.731,285.626,-16.888,Roll
1.042,0.026,1.209,-141.951,286.685,-3.658,Roll
0.985,-0.060,1.269,-215.372,286.685,37.537,Roll
0.602,0.093,0.738,-147.656,286.685,40.355,Roll
0.088,-0.024,0.771,-39.769,286.685,-5.005,Roll
-0.031,-0.329,0.862,-62.309,286.685,4.970,Roll
-0.211,-0.567,0.372,-45.833,286.685,2.809,Roll
-0.519,-0.416,0.300,92.698,286.589,-16.433,Roll
-1.187,-0.331,0.078,197.706,145.364,-108.500,Roll
-1.272,-0.661,0.234,98.289,-130.244,-93.109,Roll
-0.785,-0.640,0.183,34.326,-266.849,-0.079,Roll
-0.479,-0.127,0.356,52.885,-286.685,57.085,Roll
-0.378,-0.176,0.777,96.784,-286.685,73.579,Roll
-0.199,-0.148,0.873,144.034,-286.685,124.058,Roll
0.416,0.018,0.794,138.967,-286.685,168.805,Roll
0.701,0.305,0.810,194.268,-286.685,225.636,Roll
0.939,0.156,0.954,87.264,-286.685,144.664,Roll
1.070,-0.221,0.793,1.426,-286.685,17.500,Roll
0.948,-0.177,0.860,-10.649,-229.801,0.788,Roll
1.281,-0.320,0.726,-38.290,-58.905,-7.805,Roll
1.172,-0.181,0.588,-24.798,146.300,8.015,Roll
1.071,0.152,0.825,-59.316,286.685,-3.754,Roll
1.193,0.107,1.105,-129.570,286.685,11.007,Roll
0.721,-0.022,0.931,-197.750,286.685,48.702,Roll
0.223,-0.047,0.301,-117.425,286.685,38.229,Roll
0.093,-0.192,0.676,-23.853,286.685,60.987,Roll
0.020,-0.328,0.652,-8.951,286.685,66.062,Roll
-0.358,-0.507,0.452,24.981,286.685,29.881,Roll
-0.858,-0.357,0.477,77.158,278.810,-34.344,Roll
-1.225,-0.494,0.340,152.863,50.916,-74.323,Roll
-1.121,-0.582,0.364,103.259,-165.909,-58.616,Roll
-0.573,-0.286,0.266,75.338,-286.685,-1.768,Roll
-0.362,-0.050,0.514,59.754,-286.685,22.234,Roll
-0.077,-0.076,0.860,67.480,-286.685,24.972,Roll
0.045,-0.011,1.066,54.688,-286.685,37.485,Roll
0.536,0.062,1.068,173.670,-286.685,44.730,Roll
0.389,0.193,0.698,121.293,-286.685,91.735,Roll
1.044,-0.136,0.655,79.188,-286.685,15.382,Roll
1.068,-0.265,0.656,29.531,-268.581,-0.691,Roll
1.132,-0.289,0.570,12.941,-156.485,7.787,Roll
1.065,-0.313,0.521,-31.903,59.089,42.044,Roll
1.290,-0.091,0.704,-75.276,286.598,48.414,Roll
1.368,-0.050,0.962,-164.553,286.685,103.530,Roll
1.145,0.140,0.931,-207.008,286.685,132.352,Roll
0.338,0.162,0.458,-66.062,286.685,89.994,Roll
-0.014,-0.229,0.619,-22.251,286.685,36.391,Roll
-0.198,-0.393,0.755,31.404,286.685,45.211,Roll
-0.500,-0.636,0.573,54.320,286.580,33.478,Roll
-0.993,-0.422,0.284,51.432,172.357,-40.784,Roll
-1.445,-0.473,0.445,72.756,-73.658,-75.591,Roll
-0.866,-0.389,0.529,57.015,-286.685,-31.587,Roll
-0.475,-0.233,0.457,76.869,-286.685,-15.890,Roll
-0.517,-0.201,0.622,39.454,-286.685,38.080,Roll
0.209,-0.237,0.563,53.804,-286.685,44.581,Roll
0.479,-0.158,0.814,224.262,-286.685,92.645,Roll
0.528,0.714,0.450,105.647,-286.685,149.126,Roll
1.230,-0.213,0.573,44.030,-286.685,53.165,Roll
0.886,-0.136,0.812,71.243,-286.685,-44.432,Roll
1.040,-0.254,0.545,-10.649,-172.182,-60.979,Roll
1.177,-0.367,0.530,-9.345,-52.806,-44.756,Roll
1.168,-0.339,0.632,-38.535,201.180,1.654,Roll
0.936,0.124,0.484,-68.889,286.685,12.040,Roll
1.084,0.178,1.136,-196.840,286.685,49.201,Roll
0.835,-0.001,1.180,-264.416,286.685,89.539,Roll
0.386,-0.008,0.605,-179.506,286.685,105.000,Roll
0.252,-0.328,0.601,-86.861,286.685,109.086,Roll
0.169,-0.371,0.526,-39.533,286.685,118.702,Roll
-0.452,-0.526,0.491,21.840,286.685,58.074,Roll
-0.723,-0.396,0.314,67.620,286.685,-39.016,Roll
-0.937,-0.433,0.276,213.719,206.202,-94.658,Roll
-0.990,-0.398,0.195,161.367,-60.760,-104.746,Roll
-1.085,-0.597,0.238,101.045,-226.678,-70.630,Roll
-0.593,-0.371,0.301,19.906,-286.685,22.575,Roll
-0.286,-0.295,0.530,107.704,-286.685,47.197,Roll
-0.229,-0.251,0.876,222.548,-286.685,76.265,Roll
0.290,0.155,0.960,286.685,-286.685,148.400,Roll
0.374,0.510,0.923,279.291,-286.685,206.290,Roll
0.734,-0.128,1.098,30.327,-286.685,186.646,Roll
1.059,0.086,1.029,-4.226,-286.685,32.576,Roll
1.260,-0.138,0.887,2.721,-158.480,-52.535,Roll
0.815,-0.394,0.600,-13.510,-74.147,-2.030,Roll
1.024,-0.073,0.818,-13.589,169.706,42.857,Roll
0.942,0.044,0.870,-88.996,286.685,47.574,Roll
0.873,0.055,0.981,-149.214,286.685,60.463,Roll
0.645,0.032,0.882,-162.899,286.685,48.956,Roll
0.131,0.095,0.460,-77.105,286.685,25.716,Roll
-0.109,-0.185,0.624,-51.756,286.685,83.589,Roll
-0.397,-0.360,0.584,-38.955,286.685,93.870,Roll
-0.757,-0.566,0.523,-9.345,286.685,11.217,Roll
-1.148,-0.292,0.334,99.006,216.370,-79.100,Roll
-1.027,-0.408,0.319,90.615,-58.144,-136.859,Roll
-0.978,-0.456,0.203,93.126,-273.193,-105.971,Roll
-0.735,-0.490,0.334,115.999,-286.685,-79.887,Roll
-0.443,-0.193,0.302,67.515,-286.685,-25.288,Roll
-0.133,-0.017,0.634,61.338,-286.685,12.023,Roll
0.372,-0.169,0.814,46.471,-286.685,27.913,Roll
0.947,-0.251,0.935,186.690,-286.685,101.325,Roll
0.885,0.154,0.895,206.491,-286.685,99.382,Roll
0.759,0.043,0.908,79.450,-286.685,-19.285,Roll
1.009,-0.477,0.871,-7.490,-139.746,-81.900,Roll
1.139,-0.439,0.769,-28.490,131.792,-14.735,Roll
0.922,-0.165,0.903,-55.729,280.149,15.986,Roll
1.092,0.130,1.299,-155.732,286.685,96.171,Roll
0.574,0.206,0.969,-145.548,286.685,108.885,Roll
0.421,0.030,0.622,-89.329,286.685,58.669,Roll
-0.021,-0.216,0.614,-66.929,286.685,81.935,Roll
-0.519,-0.513,0.503,-65.511,286.685,126.166,Roll
-0.865,-0.488,0.568,12.959,286.431,41.956,Roll
-0.966,-0.531,0.308,18.944,120.794,-39.576,Roll
-0.801,-0.486,0.349,83.370,-49.009,-65.853,Roll
-0.767,-0.498,0.499,56.105,-260.698,-53.095,Roll
-0.602,-0.272,0.366,45.447,-286.685,-49.411,Roll
-0.368,-0.180,0.460,62.037,-286.685,-3.001,Roll
0.003,-0.170,0.722,82.705,-286.685,24.929,Roll
0.584,0.080,0.859,48.834,-286.685,54.232,Roll
1.042,-0.081,1.077,194.845,-286.685,76.396,Roll
0.624,0.115,1.039,71.785,-286.685,16.826,Roll
0.658,-0.263,0.724,8.619,-286.659,-27.405,Roll
1.090,-0.434,0.936,-15.278,-130.909,-36.173,Roll
1.304,-0.325,0.742,-101.159,99.164,-15.951,Roll
1.152,-0.283,0.584,-26.049,286.160,-28.779,Roll
0.825,0.039,0.804,-13.116,286.685,-23.345,Roll
0.815,0.035,1.259,-140.271,286.685,16.188,Roll
0.358,0.101,0.685,-116.786,286.685,25.891,Roll
0.088,-0.145,0.592,-49.604,286.685,70.184,Roll
-0.017,-0.384,0.803,-32.007,286.685,76.912,Roll
-0.100,-0.388,0.483,-33.880,286.685,25.778,Roll
-0.451,-0.473,0.381,-9.153,286.676,-18.847,Roll
-0.786,-0.399,0.393,90.081,126.359,-53.856,Roll
-0.942,-0.470,0.659,88.340,-44.958,-50.899,Roll
-1.116,-0.426,0.697,43.697,-282.905,-47.303,Roll
-0.407,-0.164,0.440,51.240,-286.685,-34.466,Roll
-0.267,-0.253,0.598,140.717,-286.685,0.525,Roll
0.279,-0.023,0.791,203.271,-286.685,44.826,Roll
0.741,-0.031,1.047,50.899,-286.685,85.969,Roll
0.735,0.081,1.167,138.434,-286.685,91.341,Roll
0.531,-0.025,0.668,59.150,-286.685,14.149,Roll
0.909,-0.187,0.664,58.555,-277.961,0.271,Roll
1.168,-0.248,0.903,-17.552,-102.891,-13.466,Roll
1.236,-0.136,0.878,-88.629,175.446,-29.181,Roll
1.080,-0.022,0.868,-152.040,286.685,-8.689,Roll
0.888,0.078,0.882,-200.839,286.685,16.905,Roll
0.439,-0.026,0.737,-200.148,286.685,53.996,Roll
0.259,-0.252,0.603,-150.273,286.685,82.582,Roll
0.008,-0.136,0.589,-82.495,286.685,97.003,Roll
-0.468,-0.320,0.577,-17.290,286.685,118.344,Roll
-0.781,-0.486,0.594,30.599,286.685,44.826,Roll
-0.884,-0.512,0.423,-10.377,190.164,-29.960,Roll
-0.830,-0.440,0.432,55.353,-30.371,-59.342,Roll
-0.766,-0.579,0.404,79.975,-200.182,-62.396,Roll
-0.446,-0.392,0.628,81.244,-286.685,-65.397,Roll
-0.324,-0.121,0.532,70.376,-286.685,-52.194,Roll
-0.300,-0.139,0.681,60.077,-286.685,-33.915,Roll
0.374,-0.208,0.646,222.994,-286.685,-10.115,Roll
0.684,0.071,1.099,286.685,-286.685,42.219,Roll
0.485,0.145,0.995,181.834,-286.685,97.449,Roll
0.591,0.098,0.531,92.181,-286.685,0.700,Roll
0.845,-0.053,0.701,50.575,-256.848,-11.620,Roll
1.283,-0.195,0.916,-41.982,-54.425,-42.577,Roll
1.088,0.023,0.761,-51.021,156.625,-34.072,Roll
0.986,0.179,0.904,-120.111,286.685,-11.576,Roll
1.007,0.199,1.245,-219.188,286.685,28.586,Roll
0.749,0.016,1.153,-284.305,286.685,78.531,Roll
0.289,-0.156,0.603,-187.880,286.685,55.982,Roll
0.001,-0.233,0.578,6.492,286.685,24.710,Roll
-0.144,-0.104,0.486,39.130,286.685,27.458,Roll
-0.612,-0.442,0.741,52.439,286.685,-2.100,Roll
-0.938,-0.459,0.340,80.386,278.276,-80.832,Roll
-1.031,-0.413,0.198,104.720,57.146,-85.243,Roll
-1.172,-0.488,0.332,60.681,-101.859,-39.874,Roll
-0.859,-0.379,0.424,29.461,-286.668,8.330,Roll
-0.290,-0.292,0.481,62.046,-286.685,18.506,Roll
-0.202,-0.146,0.537,172.611,-286.685,49.700,Roll
-0.124,-0.057,0.852,187.749,-286.685,109.777,Roll
0.367,0.061,0.997,240.887,-286.685,169.715,Roll
0.448,0.195,1.217,128.441,-286.685,232.680,Roll
0.453,-0.086,0.674,-131.434,-286.685,141.916,Roll
0.868,-0.243,0.738,53.182,-286.685,100.082,Roll
0.760,0.030,0.639,30.590,-261.660,61.688,Roll
0.827,-0.169,0.799,-9.905,-118.878,16.756,Roll
0.870,-0.139,0.903,-16.573,59.071,-12.416,Roll
0.867,-0.131,0.943,-56.621,250.714,-35.893,Roll
0.960,0.038,1.201,-77.744,286.685,-40.303,Roll
0.912,0.065,1.151,-202.274,286.685,11.445,Roll
0.354,0.089,0.756,-159.320,286.685,16.835,Roll
0.057,-0.055,0.556,-75.092,286.685,1.418,Roll
-0.291,-0.242,0.722,-57.505,286.685,26.827,Roll
-0.625,-0.578,0.516,-35.682,286.685,50.006,Roll
-0.963,-0.362,0.464,39.987,249.568,-25.462,Roll
-0.968,-0.503,0.169,80.045,23.853,-76.571,Roll
-0.854,-0.529,0.218,89.801,-159.049,-50.995,Roll
-0.379,-0.384,0.424,115.360,-286.685,-13.318,Roll
-0.556,-0.132,0.590,98.114,-286.685,39.935,Roll
-0.348,0.025,0.906,118.519,-286.685,94.465,Roll
0.143,-0.048,0.712,-37.406,-286.685,97.720,Roll
0.624,0.022,0.678,194.128,-286.685,131.994,Roll
0.652,0.163,0.990,86.310,-286.685,107.476,Roll
1.071,-0.250,0.662,10.552,-286.685,-25.410,Roll
0.922,-0.402,0.692,39.357,-196.551,-51.678,Roll
1.052,-0.202,0.698,9.153,31.920,-89.119,Roll
1.267,-0.108,1.114,-50.934,269.168,-51.196,Roll
1.258,0.171,1.251,-211.111,286.685,35.201,Roll
0.885,0.081,1.067,-217.551,286.685,66.027,Roll
0.352,0.067,0.436,-96.941,286.685,30.590,Roll
-0.101,-0.123,0.387,18.646,286.685,-20.781,Roll
-0.306,-0.210,0.631,34.493,286.685,19.154,Roll
-0.643,-0.366,0.615,20.991,286.685,8.181,Roll
-1.151,-0.281,0.418,-14.219,277.734,-65.214,Roll
-1.085,-0.457,-0.028,7.700,33.443,-128.678,Roll
-0.856,-0.442,0.049,65.161,-220.176,-77.814,Roll
-0.794,-0.441,0.127,43.969,-286.685,-32.463,Roll
-0.631,-0.302,0.331,-2.118,-286.685,27.142,Roll
-0.354,-0.051,0.644,32.769,-286.685,29.549,Roll
0.164,-0.042,1.036,97.641,-286.685,38.342,Roll
0.618,-0.221,1.122,192.798,-286.685,49.761,Roll
0.426,-0.088,1.022,191.896,-286.685,113.418,Roll
0.721,-0.077,0.852,66.692,-286.685,111.982,Roll
0.855,-0.271,0.431,-5.758,-286.685,25.121,Roll
0.891,-0.283,0.481,11.541,-259.569,36.033,Roll
0.930,-0.195,0.695,-21.079,-70.919,19.941,Roll
1.236,-0.203,0.854,-12.775,156.266,-7.805,Roll
1.222,-0.085,1.259,-89.486,286.685,-13.729,Roll
1.026,0.063,1.092,-173.408,286.685,18.121,Roll
0.715,-0.084,0.620,-192.124,286.685,84.779,Roll
0.268,-0.135,0.207,-57.855,286.685,67.594,Roll
-0.253,-0.214,0.444,22.951,286.685,50.269,Roll
-0.598,-0.377,0.514,-17.150,286.685,64.540,Roll
-1.076,-0.570,0.602,6.510,286.685,26.416,Roll
-0.876,-0.436,0.473,39.576,79.135,-32.401,Roll
-0.845,-0.469,0.285,58.625,-157.404,-25.603,Roll
-0.865,-0.407,0.416,47.967,-271.819,-20.125,Roll
-0.627,-0.301,0.561,5.154,-286.685,-19.705,Roll
-0.138,-0.211,0.499,67.174,-286.685,-3.797,Roll
0.274,-0.011,0.799,166.206,-286.685,24.185,Roll
0.528,-0.002,0.741,118.414,-286.685,21.464,Roll
0.583,0.037,1.147,218.715,-286.685,20.878,Roll
0.632,0.028,0.668,54.127,-286.685,8.041,Roll
1.137,-0.069,0.656,54.504,-286.685,-13.562,Roll
1.071,-0.115,0.694,8.566,-251.081,-41.510,Roll
1.007,-0.195,0.790,3.089,-64.872,-54.408,Roll
1.002,-0.038,0.971,-78.978,160.038,-29.942,Roll
1.248,0.099,1.107,-227.754,286.685,21.534,Roll
1.132,0.072,0.886,-286.353,286.685,78.435,Roll
0.682,-0.035,0.589,-250.101,286.685,117.101,Roll
0.545,-0.186,0.638,-150.299,286.685,107.152,Roll
0.017,-0.125,0.521,-5.617,286.685,94.745,Roll
-0.458,-0.214,0.599,27.212,286.685,71.558,Roll
-0.725,-0.476,0.608,-27.860,286.685,16.406,Roll
-0.797,-0.564,0.372,-35.000,233.179,-27.667,Roll
-0.737,-0.498,0.333,45.019,-4.358,-41.842,Roll
-0.710,-0.547,0.455,67.594,-168.385,-34.781,Roll
-0.470,-0.430,0.432,45.342,-286.685,-33.959,Roll
-0.352,-0.184,0.580,34.361,-286.685,-37.643,Roll
-0.003,-0.160,0.693,120.575,-286.685,-56.700,Roll
0.231,-0.057,1.139,286.685,-286.685,-9.345,Roll
0.652,0.053,1.011,253.540,-286.685,52.132,Roll
0.518,0.249,0.973,268.205,-286.685,48.860,Roll
0.890,-0.055,0.637,102.603,-286.685,25.331,Roll
1.286,-0.235,1.539,6.116,-203.061,17.483,Roll
0.950,0.030,0.599,-55.676,-61.985,-14.114,Roll
1.065,-0.146,0.842,-72.747,148.759,-11.760,Roll
0.919,0.162,0.938,-195.510,286.685,8.837,Roll
0.974,0.169,1.349,-286.571,286.685,60.594,Roll
0.744,0.094,1.034,-286.676,286.685,98.280,Roll
0.397,-0.239,0.590,-199.220,286.685,95.130,Roll
0.078,-0.351,0.462,-54.031,286.685,102.594,Roll
-0.085,-0.357,0.386,9.651,286.685,85.339,Roll
-0.505,-0.449,0.174,8.111,286.685,21.000,Roll
-0.880,-0.405,0.255,35.569,286.291,-47.443,Roll
-0.927,-0.612,0.369,124.539,95.244,-22.251,Roll
-0.940,-0.647,0.518,101.482,-217.481,35.621,Roll
-0.653,-0.479,0.641,83.195,-286.685,31.237,Roll
-0.523,-0.089,0.775,103.329,-286.685,22.138,Roll
-0.373,-0.253,0.552,84.683,-286.685,56.989,Roll
0.428,-0.044,0.801,261.056,-286.685,112.691,Roll
0.478,0.381,0.627,286.615,-286.685,150.789,Roll
0.707,0.174,1.440,138.652,-286.685,190.514,Roll
0.988,-0.031,0.471,-259.612,-286.685,67.567,Roll
1.191,-0.305,0.750,11.139,-277.454,10.316,Roll
0.923,-0.239,0.714,7.770,-190.628,-14.123,Roll
0.886,-0.271,0.671,-22.934,-2.328,-29.969,Roll
0.788,-0.081,0.635,-46.979,176.076,-37.039,Roll
1.449,-0.134,1.232,-203.586,286.685,28.892,Roll
1.214,-0.044,0.705,-233.424,286.685,75.775,Roll
0.417,0.241,0.469,-106.155,286.685,47.539,Roll
-0.057,-0.133,0.537,3.106,286.685,-8.243,Roll
-0.482,-0.177,0.591,36.286,286.685,-4.401,Roll
-0.585,-0.255,0.858,-23.966,286.685,27.746,Roll
-0.867,-0.473,0.577,-10.517,278.075,-8.846,Roll
-1.163,-0.435,0.212,43.409,61.294,-104.125,Roll
-0.902,-0.565,0.152,56.866,-199.780,-76.265,Roll
-0.586,-0.512,0.463,49.114,-286.685,-17.614,Roll
-0.331,-0.159,0.380,58.949,-286.685,28.096,Roll
-0.432,-0.006,0.778,83.073,-286.685,72.643,Roll
0.295,-0.167,0.949,193.559,-286.685,109.743,Roll
-0.028,0.527,1.004,149.704,-286.685,119.779,Roll
0.735,-0.101,1.027,97.125,-286.685,92.173,Roll
0.867,-0.124,0.602,51.844,-286.685,24.246,Roll
1.019,-0.213,0.805,46.865,-286.685,6.423,Roll
0.864,-0.251,0.746,-37.249,-252.350,6.046,Roll
0.940,-0.117,0.636,-56.805,-35.018,-5.959,Roll
1.482,-0.258,0.951,-88.681,243.206,-13.046,Roll
1.140,-0.026,0.810,-144.139,286.685,38.964,Roll
0.744,0.123,0.702,-130.209,286.685,63.744,Roll
0.408,0.036,0.793,-144.366,286.685,106.348,Roll
0.206,-0.148,0.579,-76.423,286.685,124.897,Roll
-0.298,-0.173,0.531,-1.164,286.685,133.411,Roll
-0.484,-0.324,0.651,24.972,286.685,103.793,Roll
-0.932,-0.479,0.484,68.084,286.685,27.108,Roll
-1.138,-0.322,0.239,107.214,214.086,-43.864,Roll
-1.041,-0.423,0.179,95.926,-31.194,-62.458,Roll
-0.807,-0.506,0.347,53.778,-212.048,-51.730,Roll
-0.599,-0.228,0.480,-10.439,-286.685,-12.040,Roll
-0.475,-0.146,0.405,-17.692,-286.685,5.259,Roll
-0.302,-0.107,0.726,138.644,-286.685,35.009,Roll
-0.006,-0.052,1.011,204.173,-286.685,78.391,Roll
0.204,0.521,0.798,35.796,-286.685,86.616,Roll
0.851,-0.350,1.364,115.500,-286.685,48.702,Roll
0.554,-0.008,0.634,16.118,-286.685,4.839,Roll
0.791,-0.061,0.705,43.068,-220.421,-37.450,Roll
1.105,-0.237,1.109,-7.770,-133.849,-24.684,Roll
1.087,-0.153,0.914,-82.959,72.546,-20.799,Roll
1.076,0.019,0.995,-140.630,283.141,21.472,Roll
1.140,0.036,0.972,-196.201,286.685,66.745,Roll
0.659,0.063,0.831,-190.934,286.685,95.952,Roll
0.307,-0.137,0.558,-147.026,286.685,122.342,Roll
0.028,-0.224,0.319,-40.845,286.685,93.695,Roll
-0.130,-0.232,0.220,28.464,286.685,98.805,Roll
-0.657,-0.495,0.249,59.684,286.685,76.326,Roll
-1.087,-0.429,0.513,47.180,277.436,28.298,Roll
-1.252,-0.524,0.422,44.511,-15.199,-5.906,Roll
-1.305,-0.470,0.389,-2.152,-278.591,7.122,Roll
-0.778,-0.306,0.407,-40.740,-286.685,22.330,Roll
-0.372,-0.011,0.539,-88.261,-286.685,4.891,Roll
-0.196,-0.200,0.360,-54.329,-286.685,-42.184,Roll
0.287,-0.362,0.657,35.954,-286.685,-57.330,Roll
0.601,-0.247,1.109,159.136,-286.685,-64.356,Roll
0.646,-0.030,0.974,189.709,-286.685,-22.496,Roll
0.569,-0.073,1.068,73.211,-286.685,-7.201,Roll
0.999,-0.137,0.889,-1.409,-192.675,-39.926,Roll
1.160,-0.325,0.888,-16.870,-78.391,-43.706,Roll
0.936,-0.277,0.811,-29.260,120.050,-35.814,Roll
0.867,-0.071,1.059,-51.643,286.116,-7.332,Roll
0.958,0.088,1.205,-155.006,286.685,51.791,Roll
0.786,-0.056,0.989,-178.658,286.685,73.561,Roll
0.299,-0.109,0.549,-136.798,286.685,68.311,Roll
0.095,-0.226,0.618,-108.360,286.685,101.771,Roll
-0.251,-0.226,0.367,-51.765,286.685,103.425,Roll
-0.511,-0.493,0.559,29.286,286.685,96.548,Roll
-0.905,-0.498,0.484,95.524,279.440,17.255,Roll
-0.891,-0.504,0.271,101.439,52.185,-20.020,Roll
-0.795,-0.470,0.359,38.972,-199.447,5.171,Roll
-0.676,-0.415,0.499,13.597,-286.685,17.421,Roll
-0.449,-0.177,0.485,-27.913,-286.685,-3.754,Roll
-0.223,-0.019,0.665,5.329,-286.685,-27.177,Roll
0.335,-0.055,0.742,100.643,-286.685,-46.261,Roll
0.643,-0.077,1.240,162.697,-286.685,-56.271,Roll
0.735,-0.014,1.068,160.204,-286.685,-38.430,Roll
0.668,0.294,1.081,91.927,-286.685,-25.183,Roll
1.227,-0.129,1.020,37.039,-237.702,-53.401,Roll
1.380,-0.266,1.026,-10.745,-117.976,-18.288,Roll
1.022,-0.095,0.792,-47.801,67.147,-14.306,Roll
0.976,-0.021,1.024,-80.290,271.180,20.204,Roll
1.058,0.108,1.115,-195.711,286.685,57.426,Roll
0.778,0.075,0.924,-212.126,286.685,78.829,Roll
0.309,-0.081,0.524,-148.715,286.685,61.381,Roll
0.103,-0.139,0.428,-54.871,286.685,39.235,Roll
-0.120,-0.216,0.513,-41.230,286.685,55.072,Roll
-0.359,-0.433,0.439,-30.520,286.685,47.162,Roll
-0.851,-0.538,0.460,64.199,286.221,-41.659,Roll
-1.088,-0.421,0.286,52.281,78.330,-83.116,Roll
-0.889,-0.534,0.204,39.104,-246.120,-57.417,Roll
-0.823,-0.543,0.448,30.021,-286.685,-16.345,Roll
-0.543,-0.205,0.573,-46.847,-286.685,-13.562,Roll
-0.129,-0.174,0.497,-14.411,-286.685,-40.224,Roll
0.586,-0.271,0.455,108.684,-286.685,-47.740,Roll
0.723,-0.108,1.061,285.416,-286.685,-33.897,Roll
0.679,0.113,0.894,238.604,-286.685,-24.964,Roll
0.691,0.072,0.787,65.048,-286.685,-54.206,Roll
1.260,-0.182,0.693,7.140,-234.089,-115.500,Roll
1.320,-0.338,0.761,-10.010,-31.552,-49.551,Roll
1.018,-0.166,0.638,-25.874,115.518,-42.919,Roll
0.712,-0.051,0.766,-62.956,285.845,24.054,Roll
1.095,-0.044,1.356,-180.337,286.685,81.541,Roll
0.718,0.106,0.958,-185.867,286.685,93.424,Roll
0.323,0.143,0.666,-126.787,286.685,36.146,Roll
-0.045,-0.009,0.629,-9.109,286.685,38.132,Roll
-0.330,-0.304,0.889,-78.549,286.685,17.413,Roll
-0.579,-0.592,0.491,-124.565,286.492,0.446,Roll
-0.942,-0.496,0.432,-53.533,208.854,-45.167,Roll
-0.998,-0.500,0.083,30.975,5.364,-94.080,Roll
-0.677,-0.579,0.250,73.552,-256.830,-62.248,Roll
-0.286,-0.279,0.335,53.830,-286.685,-27.869,Roll
-0.351,-0.260,0.415,71.321,-286.685,7.665,Roll
-0.231,-0.290,0.838,98.088,-286.685,37.354,Roll
0.384,-0.319,0.764,93.861,-286.685,67.681,Roll
0.517,0.115,1.175,203.761,-286.685,61.994,Roll
0.521,0.022,1.036,171.491,-286.685,50.584,Roll
0.675,-0.168,0.909,-12.985,-286.685,11.681,Roll
1.356,-0.509,1.230,29.032,-135.389,-49.866,Roll
0.984,-0.204,0.939,-54.224,65.065,23.538,Roll
1.122,-0.199,0.793,-78.207,192.631,-4.883,Roll
1.016,-0.102,0.966,-88.979,286.685,26.924,Roll
0.981,-0.097,1.190,-66.684,286.685,19.539,Roll
-0.003,0.017,0.484,-53.996,286.685,-4.436,Roll
-0.230,-0.121,0.610,-27.108,286.685,-32.279,Roll
-0.180,-0.361,0.783,-89.871,286.685,21.140,Roll
-0.452,-0.647,0.455,-58.590,286.353,31.517,Roll
-0.729,-0.448,0.355,5.801,165.314,-46.454,Roll
-0.822,-0.480,0.230,37.756,33.609,-65.914,Roll
-0.682,-0.454,0.393,60.226,-228.550,-28.954,Roll
-0.498,-0.335,0.488,30.319,-286.685,6.895,Roll
-0.394,-0.253,0.476,26.968,-286.685,27.239,Roll
-0.113,-0.210,0.611,54.976,-286.685,36.706,Roll
0.533,-0.096,0.913,103.049,-286.685,52.859,Roll
0.570,0.052,1.048,155.715,-286.685,7.613,Roll
0.411,0.013,0.792,19.976,-286.685,-36.006,Roll
0.855,-0.111,0.515,-15.470,-285.924,-80.185,Roll
1.730,-0.324,1.115,-15.873,-141.479,-68.092,Roll
1.651,-0.376,0.853,-78.365,112.621,-57.522,Roll
1.105,-0.045,0.757,-47.162,286.685,-5.049,Roll
0.936,0.045,0.913,-31.378,286.685,-3.999,Roll
0.640,0.092,0.800,-88.926,286.685,-10.167,Roll
-0.190,0.132,0.557,-32.830,286.685,-91.595,Roll
0.005,-0.253,0.764,-134.872,286.685,-85.864,Roll
-0.226,-0.478,0.542,-163.301,286.685,-15.785,Roll
-0.612,-0.506,0.313,-60.235,281.409,-35.499,Roll
-1.056,-0.635,0.069,-18.594,122.964,-52.465,Roll
-0.737,-0.651,0.092,37.153,-158.751,-41.107,Roll
-0.436,-0.481,0.297,98.402,-286.685,0.945,Roll
-0.690,-0.128,0.885,0.289,-286.685,36.382,Roll
-0.289,-0.211,0.634,-15.488,-286.685,12.416,Roll
0.397,-0.252,0.795,94.255,-286.685,5.486,Roll
0.611,-0.194,0.873,177.424,-286.685,3.868,Roll
0.566,-0.152,0.989,126.551,-286.685,8.767,Roll
0.573,-0.174,0.726,39.393,-286.685,-8.977,Roll
0.864,-0.346,0.596,24.824,-252.464,-44.354,Roll
1.102,-0.408,0.857,7.262,-69.834,0.175,Roll
1.091,-0.336,0.797,-14.717,76.020,10.815,Roll
0.983,-0.041,0.982,-41.676,280.140,42.490,Roll
1.155,-0.290,1.151,-119.446,286.685,100.721,Roll
0.766,0.053,0.751,-87.701,286.685,105.254,Roll
0.206,-0.076,0.756,-29.802,286.685,71.601,Roll
-0.132,-0.299,0.860,-113.234,286.685,38.377,Roll
-0.352,-0.534,0.403,-89.119,286.685,24.535,Roll
-0.593,-0.544,0.513,29.496,286.685,-27.431,Roll
-0.917,-0.494,0.274,132.510,243.408,-50.479,Roll
-1.072,-0.692,0.287,57.356,-52.028,-35.551,Roll
-0.681,-0.525,0.329,33.005,-286.466,-2.371,Roll
-0.493,-0.401,0.394,34.239,-286.685,31.517,Roll
-0.201,-0.208,0.550,77.473,-286.685,35.928,Roll
0.107,-0.083,0.747,176.111,-286.685,58.914,Roll
0.421,0.082,0.605,-33.127,-286.685,43.417,Roll
0.687,-0.334,1.050,46.366,-286.685,18.909,Roll
0.601,-0.236,0.741,52.159,-286.685,23.861,Roll
0.917,-0.345,0.810,50.724,-262.062,-12.057,Roll
0.816,-0.361,0.628,4.900,-114.686,2.826,Roll
0.797,-0.342,0.681,19.749,56.805,0.884,Roll
0.894,-0.162,0.901,-14.193,190.689,-2.013,Roll
1.223,-0.172,1.309,-83.729,286.685,17.894,Roll
0.955,-0.131,0.989,-111.720,286.685,34.221,Roll
0.650,-0.060,0.626,-55.300,286.685,26.233,Roll
-0.224,0.018,0.502,-7.350,286.685,-12.285,Roll
-0.497,-0.319,0.962,-23.275,286.685,-38.841,Roll
-0.543,-0.437,0.533,-64.356,286.685,-21.420,Roll
-0.690,-0.536,0.458,21.411,283.483,-37.389,Roll
-0.751,-0.618,0.214,11.244,177.774,-64.496,Roll
-0.665,-0.658,0.109,35.219,-23.573,-43.085,Roll
-0.651,-0.602,0.236,84.866,-249.471,0.543,Roll
-0.523,-0.443,0.557,98.262,-286.685,16.249,Roll
-0.585,-0.121,0.659,70.035,-286.685,26.381,Roll
-0.252,-0.132,0.815,90.457,-286.685,38.019,Roll
0.260,-0.216,0.885,135.196,-286.685,68.311,Roll
0.416,0.003,1.037,129.964,-286.685,80.658,Roll
0.583,-0.039,1.079,166.504,-286.685,57.680,Roll
0.625,-0.161,0.678,-10.789,-286.685,29.382,Roll
0.929,-0.275,0.736,76.790,-250.819,-11.629,Roll
0.901,-0.237,0.880,-7.000,-79.406,-7.332,Roll
1.051,-0.169,0.816,-38.964,63.429,-7.534,Roll
1.144,-0.086,1.063,-70.893,280.044,14.665,Roll
1.095,0.005,1.170,-161.814,286.685,74.296,Roll
0.788,-0.029,0.850,-168.298,286.685,89.723,Roll
0.194,-0.123,0.530,-125.370,286.685,62.169,Roll
-0.096,-0.179,0.619,-25.077,286.685,15.321,Roll
-0.324,-0.223,0.605,-38.561,286.685,23.660,Roll
-0.482,-0.525,0.550,-9.765,286.685,7.420,Roll
-0.766,-0.451,0.400,-8.041,284.953,-20.029,Roll
-1.139,-0.596,0.286,1.050,71.951,-27.020,Roll
-1.268,-0.740,0.361,6.449,-248.421,-21.455,Roll
-0.689,-0.367,0.385,7.166,-286.685,-30.354,Roll
-0.291,-0.238,0.301,-6.659,-286.685,-19.206,Roll
-0.308,-0.323,0.342,14.613,-286.685,-24.491,Roll
0.253,-0.251,0.638,115.728,-286.685,-54.696,Roll
0.602,-0.100,0.922,136.010,-286.685,-48.528,Roll
0.671,-0.054,0.881,158.506,-286.685,-43.741,Roll
0.747,-0.189,0.647,62.974,-286.685,-26.101,Roll
0.863,-0.203,0.527,49.341,-268.205,-79.336,Roll
0.933,-0.332,0.773,27.746,-108.938,-51.266,Roll
1.035,-0.263,0.834,5.985,16.380,-48.239,Roll
1.309,-0.147,1.251,-64.461,245.613,-24.334,Roll
1.362,0.053,1.077,-225.715,286.685,70.298,Roll
0.623,-0.001,0.756,-224.901,286.685,122.920,Roll
0.506,-0.091,0.568,-203.455,286.685,97.011,Roll
0.060,-0.267,0.482,-185.894,286.685,144.375,Roll
-0.179,-0.202,0.584,-99.225,286.685,165.279,Roll
-0.702,-0.507,0.522,-31.465,286.685,116.174,Roll
-0.787,-0.665,0.325,-24.561,279.274,54.232,Roll
-0.947,-0.625,0.172,-21.481,89.329,-4.786,Roll
-0.963,-0.745,0.386,30.782,-182.158,-24.596,Roll
-0.643,-0.508,0.370,37.135,-286.685,-76.816,Roll
-0.351,-0.279,0.283,8.339,-286.685,-91.735,Roll
-0.312,-0.291,0.533,30.879,-286.685,-121.459,Roll
0.342,-0.487,0.544,195.991,-286.685,-139.239,Roll
0.747,-0.008,0.896,283.605,-286.685,-107.030,Roll
0.838,-0.078,1.005,224.026,-286.685,-43.041,Roll
0.673,-0.193,0.799,67.331,-286.685,-19.478,Roll
1.122,-0.287,0.831,21.577,-175.656,-54.469,Roll
1.140,-0.348,0.814,-29.776,30.966,-34.029,Roll
1.072,-0.134,0.993,-83.632,276.631,-27.370,Roll
1.097,0.015,0.951,-175.761,286.685,5.390,Roll
0.840,0.022,0.791,-250.136,286.685,71.216,Roll
0.278,-0.158,0.627,-279.265,286.685,131.303,Roll
0.049,-0.252,0.732,-213.894,286.685,190.059,Roll
-0.113,-0.303,0.557,-162.033,286.685,196.464,Roll
-0.635,-0.528,0.529,-65.931,286.685,169.076,Roll
-0.759,-0.689,0.398,-99.488,240.048,119.560,Roll
-0.994,-0.616,0.269,-18.244,62.151,53.847,Roll
-1.039,-0.599,0.203,55.554,-222.154,-30.861,Roll
-0.638,-0.564,0.307,55.256,-286.685,-88.366,Roll
-0.360,-0.397,0.527,28.595,-286.685,-143.867,Roll
-0.077,-0.247,0.537,78.365,-286.685,-145.320,Roll
0.298,-0.359,0.739,201.241,-286.685,-139.913,Roll
0.838,-0.063,0.755,263.323,-286.685,-113.470,Roll
0.970,-0.043,1.033,243.950,-286.685,-23.301,Roll
0.693,-0.268,0.681,51.074,-286.641,-36.881,Roll
0.906,-0.225,0.805,83.107,-157.859,-41.860,Roll
1.200,-0.335,0.757,-2.284,-5.302,-26.084,Roll
1.032,-0.198,0.735,-10.876,142.188,-52.903,Roll
1.066,-0.059,0.968,-96.092,286.685,-43.487,Roll
0.918,0.087,0.893,-192.684,286.685,-38.456,Roll
0.574,0.025,0.816,-217.096,286.685,-19.530,Roll
0.344,-0.058,0.580,-215.679,286.685,-26.994,Roll
-0.077,-0.122,0.654,-182.429,286.685,-18.708,Roll
-0.521,-0.212,0.376,-94.448,286.685,-16.030,Roll
-0.658,-0.812,0.784,-84.543,239.251,16.406,Roll
-0.870,-0.818,0.407,-120.715,56.018,52.167,Roll
-0.852,-0.650,0.548,-39.821,-81.891,43.391,Roll
-0.676,-0.556,0.572,1.934,-282.091,-3.596,Roll
-0.228,-0.597,0.487,100.301,-286.685,-47.154,Roll
-0.005,-0.219,0.655,185.596,-286.685,-67.646,Roll
0.053,-0.172,0.745,206.036,-286.685,-62.781,Roll
0.568,0.007,0.961,246.173,-286.685,-67.427,Roll
0.680,0.063,1.371,175.438,-286.685,-41.230,Roll
0.618,-0.165,0.446,9.844,-286.685,-67.069,Roll
0.832,-0.294,0.561,69.387,-274.872,-49.910,Roll
1.016,-0.247,0.727,54.959,-154.254,-57.173,Roll
0.924,-0.315,0.737,-3.185,85.942,-47.443,Roll
0.811,-0.132,0.711,-66.115,280.105,16.503,Roll
1.511,-0.265,1.260,-121.887,286.685,82.189,Roll
0.959,0.237,1.072,-160.055,286.685,90.598,Roll
0.176,0.166,0.825,-140.053,286.685,-0.910,Roll
-0.033,-0.196,0.557,-109.550,286.685,8.006,Roll
-0.268,-0.258,0.647,-83.606,286.685,-12.233,Roll
-0.351,-0.466,0.746,-98.105,286.650,-11.935,Roll
-0.671,-0.542,0.599,-82.775,144.034,-27.930,Roll
-0.759,-0.606,0.668,-37.170,-66.482,-30.397,Roll
-0.804,-0.534,0.620,-37.704,-282.800,-46.200,Roll
-0.301,-0.420,0.503,-47.924,-286.685,-55.597,Roll
-0.242,-0.379,0.523,-7.884,-286.685,-68.215,Roll
0.190,-0.578,0.500,57.943,-286.685,-88.156,Roll
0.556,-0.140,0.475,268.712,-286.685,-78.838,Roll
0.692,0.078,0.568,286.685,-286.685,-56.053,Roll
0.930,0.025,1.048,278.819,-286.685,-35.542,Roll
1.179,-0.190,1.140,82.906,-214.576,-57.540,Roll
1.140,-0.125,1.015,-57.890,-1.654,-19.504,Roll
1.239,-0.171,0.926,-117.058,258.116,-28.009,Roll
1.181,-0.087,0.948,-142.135,286.685,-30.406,Roll
0.725,0.062,1.002,-140.227,286.685,7.481,Roll
0.365,-0.082,0.747,-115.902,286.685,-35.359,Roll
0.036,-0.215,0.478,-87.150,286.685,-57.330,Roll
-0.241,-0.041,0.605,-87.570,286.685,-33.618,Roll
-0.585,-0.333,0.802,-205.467,286.685,40.976,Roll
-0.973,-0.687,0.449,-187.477,206.596,25.462,Roll
-1.034,-0.611,0.327,-49.910,-5.040,-26.364,Roll
-0.817,-0.585,0.287,4.279,-145.084,-62.816,Roll
-0.419,-0.567,0.043,76.379,-286.685,-67.366,Roll
-0.316,-0.377,0.347,8.181,-286.685,7.201,Roll
-0.343,-0.337,0.344,32.165,-286.685,27.423,Roll
-0.039,-0.326,0.422,81.384,-286.685,12.049,Roll
0.423,-0.178,0.639,158.568,-286.685,9.467,Roll
0.870,-0.081,0.857,268.485,-286.685,-8.601,Roll
0.715,-0.042,1.088,161.516,-286.685,8.496,Roll
0.909,-0.124,1.036,65.188,-280.236,-6.956,Roll
1.137,-0.246,0.875,-27.177,-139.589,4.253,Roll
1.287,-0.289,0.845,-30.608,24.868,-32.655,Roll
1.099,-0.273,0.845,-1.391,258.125,-65.581,Roll
0.844,-0.078,1.075,-34.912,286.685,-53.244,Roll
0.936,-0.023,1.133,-123.891,286.685,-40.197,Roll
0.539,-0.043,0.944,-127.277,286.685,-57.881,Roll
0.044,-0.039,0.282,-45.307,286.685,-112.018,Roll
-0.139,-0.159,0.624,11.288,286.685,-97.851,Roll
-0.320,-0.427,0.960,-125.519,286.685,-12.381,Roll
-0.786,-0.507,0.444,-140.070,156.643,-42.630,Roll
-0.849,-0.552,0.488,-43.671,-34.256,-82.022,Roll
-0.762,-0.539,0.503,6.379,-229.451,-71.715,Roll
-0.266,-0.554,0.564,44.809,-286.685,-49.840,Roll
-0.315,-0.323,0.325,32.620,-286.685,0.131,Roll
-0.084,-0.410,0.354,112.936,-286.685,11.349,Roll
0.385,-0.229,0.594,207.856,-286.685,45.999,Roll
0.845,-0.028,1.022,284.804,-286.685,58.030,Roll
0.630,0.127,1.056,222.057,-286.685,48.160,Roll
0.804,-0.233,0.580,-6.659,-273.079,-40.101,Roll
1.126,-0.447,0.769,26.722,-84.980,-3.868,Roll
1.392,-0.421,0.972,-5.959,90.204,-3.859,Roll
1.044,-0.087,0.761,-72.100,248.727,-37.030,Roll
0.938,-0.003,1.059,-107.021,286.685,17.517,Roll
0.792,0.061,1.254,-157.579,286.685,66.640,Roll
0.485,-0.073,1.150,-147.639,286.685,46.209,Roll
0.033,-0.270,0.599,-34.641,286.685,-25.812,Roll
-0.115,-0.182,0.714,25.891,286.685,-40.513,Roll
-0.269,-0.248,0.527,-41.702,286.685,-52.999,Roll
-0.499,-0.437,0.564,-39.174,286.685,-77.884,Roll
-0.903,-0.506,0.571,-31.430,197.724,-87.605,Roll
-0.887,-0.726,0.302,48.580,-51.170,-91.429,Roll
-0.614,-0.683,0.314,82.565,-286.685,-43.873,Roll
-0.200,-0.420,0.350,108.360,-286.685,-8.584,Roll
-0.225,-0.242,0.593,113.085,-286.685,56.770,Roll
0.298,-0.192,0.603,135.144,-286.685,77.525,Roll
0.830,0.046,0.744,231.009,-286.685,119.989,Roll
0.778,0.165,1.116,281.453,-286.685,76.186,Roll
0.462,0.135,0.961,54.495,-286.685,12.618,Roll
1.178,-0.422,0.754,70.954,-198.643,-94.115,Roll
1.133,-0.176,1.045,-5.477,48.571,-42.787,Roll
1.216,-0.089,0.934,-78.601,242.235,-81.620,Roll
0.924,-0.003,0.912,-159.617,286.685,11.025,Roll
0.772,0.233,1.050,-155.059,286.685,1.409,Roll
0.309,0.068,0.389,-90.615,286.685,-74.716,Roll
-0.412,-0.166,0.649,-68.521,286.685,-106.724,Roll
-0.198,-0.317,0.809,-161.367,286.685,-13.291,Roll
-0.568,-0.449,0.544,-111.186,286.685,-43.216,Roll
-0.746,-0.471,0.257,-57.339,276.745,-46.515,Roll
-0.760,-0.607,0.199,3.141,94.552,-50.339,Roll
-0.976,-0.683,0.269,60.725,-79.188,-9.126,Roll
-0.680,-0.502,0.349,89.784,-286.685,24.544,Roll
-0.410,-0.170,0.409,25.638,-286.685,56.717,Roll
-0.179,-0.204,0.881,117.897,-286.685,69.808,Roll
0.142,-0.179,0.950,113.260,-286.685,66.386,Roll
0.567,0.054,1.206,169.986,-286.685,74.603,Roll
0.557,0.025,1.052,150.482,-286.685,10.229,Roll
0.792,-0.231,0.680,20.965,-286.685,-8.435,Roll
0.937,-0.191,0.751,39.454,-255.054,-15.899,Roll
0.805,-0.165,0.773,6.659,-84.936,2.669,Roll
0.892,-0.135,0.922,-33.250,101.622,13.816,Roll
1.017,-0.113,1.218,-98.700,286.212,40.757,Roll
0.933,0.088,1.227,-138.723,286.685,54.661,Roll
0.771,0.006,0.590,-201.023,286.685,101.272,Roll
0.195,-0.087,0.167,-36.846,286.685,48.169,Roll
-0.359,-0.215,0.639,-22.969,286.685,-25.603,Roll
-0.624,-0.290,0.661,2.467,286.685,-15.094,Roll
-0.850,-0.620,0.490,-62.186,285.862,-50.662,Roll
-1.023,-0.654,0.046,-2.721,57.312,-65.914,Roll
-0.869,-0.729,0.070,80.474,-234.010,-38.421,Roll
-0.725,-0.521,0.232,102.454,-286.685,1.697,Roll
-0.413,-0.300,0.226,28.962,-286.685,58.354,Roll
0.112,-0.270,0.310,142.783,-286.685,78.033,Roll
0.665,0.086,0.813,285.591,-286.685,148.383,Roll
1.004,0.361,1.240,285.311,-286.685,194.346,Roll
0.495,-0.036,0.928,-174.598,-286.685,104.291,Roll
1.034,-0.170,0.711,51.958,-286.685,-30.616,Roll
1.258,-0.208,1.079,30.888,-165.926,-53.349,Roll
1.358,-0.224,0.964,-68.189,59.316,-54.381,Roll
1.118,-0.147,0.978,-87.771,259.543,-21.892,Roll
1.059,0.081,1.179,-135.179,286.685,36.689,Roll
0.805,0.140,0.967,-200.436,286.685,0.324,Roll
0.406,0.091,0.255,-145.364,286.685,-36.820,Roll
-0.168,-0.004,0.392,-38.736,286.685,-46.559,Roll
0.036,-0.493,0.849,-93.861,286.685,-42.429,Roll
-0.451,-0.422,0.363,-66.115,286.685,-29.269,Roll
-1.081,-0.574,0.048,-3.553,214.839,-101.614,Roll
-1.200,-0.858,-0.117,40.355,23.205,-106.006,Roll
-0.834,-0.572,0.289,104.834,-270.707,-45.062,Roll
-0.385,-0.338,0.295,45.395,-286.685,13.764,Roll
-0.182,-0.231,0.385,54.381,-286.685,38.185,Roll
-0.011,-0.156,0.685,108.544,-286.685,52.404,Roll
0.659,-0.152,0.972,201.600,-286.685,36.881,Roll
0.598,0.086,0.950,203.682,-286.685,59.824,Roll
0.683,0.129,1.110,200.576,-286.685,37.319,Roll
1.137,-0.231,0.669,44.879,-286.685,-17.981,Roll
1.254,-0.150,0.922,36.321,-207.139,-73.168,Roll
0.986,-0.418,0.895,-29.059,5.093,-34.423,Roll
0.968,-0.045,1.043,-77.604,284.025,30.450,Roll
1.439,-0.014,1.349,-129.596,286.685,70.228,Roll
0.794,0.128,0.819,-214.952,286.685,75.539,Roll
0.077,0.130,0.220,-120.094,286.685,18.471,Roll
-0.188,-0.138,0.862,-41.090,286.685,15.663,Roll
0.049,-0.357,0.687,-104.729,286.685,19.171,Roll
-0.757,-0.390,0.523,-48.072,286.685,-11.830,Roll
-1.247,-0.685,0.101,-19.478,235.646,-107.791,Roll
-1.039,-0.725,-0.112,22.085,-58.345,-77.140,Roll
-0.588,-0.617,-0.167,73.561,-286.571,-40.451,Roll
-0.312,-0.402,0.082,118.466,-286.685,1.435,Roll
-0.355,-0.233,0.541,101.351,-286.685,58.476,Roll
0.056,-0.155,0.950,189.849,-286.685,120.155,Roll
0.562,0.058,0.639,22.558,-286.685,139.939,Roll
0.799,-0.091,0.666,20.317,-286.685,119.560,Roll
1.087,-0.073,0.912,97.081,-286.685,-16.826,Roll
1.102,-0.513,0.640,79.520,-286.685,-75.381,Roll
0.911,-0.273,0.558,-2.555,-165.279,-55.781,Roll
1.180,-0.254,0.979,-55.895,-7.359,-47.329,Roll
1.617,-0.196,0.992,-181.974,286.562,9.852,Roll
1.073,-0.094,0.799,-165.384,286.685,91.420,Roll
0.520,-0.025,0.741,-158.970,286.685,121.861,Roll
0.205,0.026,0.550,-102.174,286.685,99.619,Roll
-0.053,-0.115,0.716,32.760,286.685,62.221,Roll
-0.123,-0.508,0.706,-89.075,286.685,30.266,Roll
-0.578,-0.586,0.201,-50.487,286.685,-39.463,Roll
-0.994,-0.269,0.242,56.201,286.571,-123.016,Roll
-1.060,-0.784,-0.004,33.792,90.160,-132.431,Roll
-0.770,-0.660,0.156,67.804,-194.845,-55.825,Roll
-0.616,-0.492,0.340,80.316,-286.685,-11.410,Roll
-0.552,-0.348,0.569,86.380,-286.685,32.217,Roll
-0.205,-0.356,0.789,80.229,-286.685,45.237,Roll
0.206,-0.161,0.807,116.629,-286.685,22.312,Roll
0.892,0.010,0.911,234.211,-286.685,23.651,Roll
0.860,0.111,0.942,248.544,-286.685,-41.107,Roll
0.582,-0.228,0.796,124.863,-286.685,-41.965,Roll
0.946,-0.026,0.695,78.435,-239.540,-91.735,Roll
1.568,-0.348,1.018,-40.565,-57.680,-75.206,Roll
1.444,-0.322,0.994,-90.772,253.155,9.118,Roll
1.062,0.234,0.902,-141.899,286.685,54.967,Roll
0.955,0.077,1.009,-218.208,286.685,22.321,Roll
0.480,0.020,0.694,-270.734,286.685,29.715,Roll
0.258,0.036,0.556,-217.438,286.685,79.914,Roll
-0.140,-0.168,0.573,-172.016,286.685,95.935,Roll
-0.574,-0.431,0.543,-28.604,286.685,13.685,Roll
-0.924,-0.723,0.437,-51.756,284.069,-62.335,Roll
-0.783,-0.667,0.117,-25.112,38.806,-86.257,Roll
-0.524,-0.648,0.008,33.775,-148.645,-41.116,Roll
-0.322,-0.681,0.041,127.348,-286.685,-16.249,Roll
-0.306,-0.331,0.524,176.488,-286.685,29.199,Roll
-0.299,-0.055,0.974,41.737,-286.685,33.757,Roll
0.144,-0.248,0.801,-69.090,-286.685,-19.583,Roll
0.574,-0.037,0.627,162.540,-286.685,-55.659,Roll
0.597,-0.020,1.175,286.685,-286.685,-24.448,Roll
0.991,-0.112,1.078,177.835,-286.685,-24.920,Roll
1.131,-0.278,0.890,56.831,-282.424,-35.394,Roll
1.093,-0.234,0.932,-43.347,-120.348,-18.909,Roll
1.205,-0.340,0.779,-75.399,117.530,15.444,Roll
0.989,-0.117,0.884,-133.280,286.685,32.952,Roll
1.090,0.005,1.022,-226.783,286.685,88.541,Roll
0.580,0.107,0.715,-286.685,286.685,168.744,Roll
0.192,-0.407,0.213,-275.826,286.685,215.758,Roll
0.042,-0.324,0.393,-71.628,286.685,217.604,Roll
-0.299,-0.255,0.297,11.865,286.685,209.204,Roll
-0.904,-0.473,0.383,37.555,286.685,109.209,Roll
-1.204,-0.625,0.372,34.326,271.941,31.167,Roll
-0.710,-0.713,-0.227,46.051,-35.612,-35.472,Roll
-0.603,-0.582,-0.078,157.666,-260.724,-55.790,Roll
-0.608,-0.362,0.314,236.539,-286.685,-79.896,Roll
-0.101,-0.364,0.954,190.470,-286.685,-14.884,Roll
-0.066,-0.024,0.500,-115.692,-286.685,-20.659,Roll
1.622,-0.255,0.391,277.576,-286.685,-134.111,Roll
0.856,0.043,1.391,286.527,-286.685,-38.509,Roll
0.785,-0.200,1.058,132.799,-286.685,5.941,Roll
1.374,-0.090,1.245,60.865,-169.321,-14.840,Roll
1.432,-0.231,1.119,-117.924,54.180,35.674,Roll
1.085,-0.080,1.003,-164.150,253.365,38.019,Roll
1.016,0.038,0.877,-231.770,286.685,77.201,Roll
0.830,0.029,0.693,-254.861,286.685,152.871,Roll
0.425,-0.044,0.053,-201.749,286.685,152.836,Roll
-0.018,-0.200,0.158,-76.466,286.685,102.296,Roll
-0.085,-0.442,0.297,-145.556,286.685,148.129,Roll
-0.662,-0.399,0.423,-13.983,286.685,121.371,Roll
-1.066,-0.582,0.317,11.856,222.889,35.840,Roll
-0.901,-0.635,-0.101,41.309,-2.695,-31.019,Roll
-0.814,-0.517,0.229,123.524,-207.891,-71.304,Roll
-0.658,-0.426,0.487,129.780,-286.668,-81.209,Roll
-0.530,-0.390,0.608,112.980,-286.685,-49.035,Roll
-0.090,-0.455,0.597,204.199,-286.685,35.866,Roll
0.563,0.141,0.692,149.100,-286.685,100.651,Roll
1.420,-0.043,0.710,231.324,-286.685,70.595,Roll
0.885,0.207,1.641,275.966,-286.685,87.054,Roll
0.784,-0.243,0.661,57.033,-286.685,-8.251,Roll
1.164,-0.348,0.646,13.073,-179.008,-48.615,Roll
1.141,-0.400,0.720,-59.658,51.459,-38.377,Roll
0.924,-0.209,0.663,-59.456,233.607,-57.969,Roll
0.782,0.149,1.093,-120.391,286.685,-14.123,Roll
1.195,0.113,1.374,-280.971,286.685,6.694,Roll
0.596,0.009,0.485,-282.047,286.685,45.071,Roll
0.308,-0.110,0.449,-196.262,286.685,31.605,Roll
-0.060,-0.319,0.536,-183.531,286.685,75.425,Roll
-0.636,-0.350,0.441,-71.934,286.685,18.944,Roll
-0.621,-0.744,0.309,-92.330,270.279,-29.286,Roll
-0.639,-0.722,0.194,-51.266,178.482,-59.535,Roll
-0.907,-0.695,-0.133,24.378,-40.618,-79.223,Roll
-0.943,-0.819,0.072,121.730,-285.434,-47.862,Roll
-0.184,-0.482,0.152,203.875,-286.685,-50.304,Roll
-0.001,0.010,0.662,233.844,-286.685,2.678,Roll
0.115,-0.209,0.757,99.269,-286.685,43.776,Roll
0.566,-0.087,0.579,113.838,-286.685,14.017,Roll
0.976,-0.014,0.953,286.685,-286.685,14.087,Roll
0.882,-0.103,0.878,202.492,-286.685,5.075,Roll
0.700,-0.270,0.740,103.381,-286.615,5.696,Roll
0.918,-0.291,1.029,21.683,-138.276,4.812,Roll
1.461,-0.300,1.108,-119.166,133.394,-0.962,Roll
1.453,-0.041,1.184,-206.378,286.685,52.780,Roll
1.179,-0.068,1.108,-256.690,286.685,77.096,Roll
0.943,-0.161,0.931,-286.545,286.685,164.133,Roll
0.402,-0.128,0.318,-247.511,286.685,218.951,Roll
0.083,-0.254,0.329,-146.501,286.685,196.385,Roll
-0.375,-0.436,0.464,-84.980,286.685,205.432,Roll
-0.755,-0.676,0.538,-82.819,285.828,125.475,Roll
-0.939,-0.659,-0.031,-93.091,154.577,-4.786,Roll
-1.042,-0.571,-0.156,43.479,-83.808,-76.440,Roll
-0.875,-0.660,-0.172,101.272,-277.200,-143.701,Roll
-0.112,-0.377,-0.144,166.959,-286.685,-207.996,Roll
0.076,-0.175,0.529,147.822,-286.685,-211.724,Roll
0.578,-0.248,0.462,245.490,-286.685,-164.062,Roll
1.109,-0.142,1.171,286.685,-286.685,-100.853,Roll
0.846,-0.126,0.907,226.406,-286.685,-47.801,Roll
0.403,-0.088,0.820,6.003,-286.685,-69.151,Roll
1.644,-0.459,0.846,-5.722,-162.715,-99.706,Roll
1.506,-0.481,0.779,4.253,133.254,-47.705,Roll
0.760,-0.195,0.861,-53.699,286.685,3.194,Roll
0.750,0.193,1.032,-114.231,286.685,60.778,Roll
0.708,0.288,1.174,-220.019,286.685,23.153,Roll
0.386,-0.188,0.698,-226.432,286.685,11.156,Roll
-0.138,-0.259,0.345,-92.776,286.685,25.646,Roll
-0.044,-0.235,0.488,-41.239,286.685,6.475,Roll
-0.394,-0.468,0.478,-40.075,286.685,32.357,Roll
-1.234,-0.606,0.456,-20.720,273.788,-40.136,Roll
-0.996,-0.676,0.272,-37.397,-23.249,-107.730,Roll
-0.733,-0.620,0.183,65.695,-277.611,-98.884,Roll
-0.308,-0.620,0.059,98.814,-286.685,-99.724,Roll
-0.059,-0.498,0.385,113.794,-286.685,-48.107,Roll
-0.060,-0.191,0.556,217.236,-286.685,16.914,Roll
0.610,-0.304,0.467,164.045,-286.685,45.649,Roll
0.810,-0.060,0.354,216.536,-286.685,26.311,Roll
1.220,0.349,0.959,286.685,-286.685,-19.224,Roll
1.005,-0.032,1.328,138.670,-263.139,-37.371,Roll
1.681,-0.221,1.070,-54.749,9.074,-38.010,Roll
1.708,-0.029,0.828,-115.964,260.400,23.765,Roll
0.795,-0.266,0.830,-98.341,286.685,39.611,Roll
0.948,0.118,1.412,-74.874,286.685,-47.583,Roll
0.380,0.088,0.836,-201.224,286.685,-16.153,Roll
-0.087,-0.156,0.400,-183.173,286.685,-28.455,Roll
-0.337,-0.208,0.310,-104.151,286.685,-29.802,Roll
-0.149,-0.407,0.487,-116.550,286.685,18.174,Roll
-0.779,-0.646,0.378,-69.387,285.749,16.564,Roll
-1.024,-0.754,0.173,-17.771,55.737,-62.982,Roll
-1.073,-0.581,0.023,38.789,-132.904,-83.527,Roll
-0.748,-0.569,0.117,110.889,-286.685,-58.214,Roll
-0.086,-0.328,0.354,114.415,-286.685,-46.410,Roll
-0.181,-0.229,0.788,87.964,-286.685,-5.959,Roll
0.286,-0.350,0.528,160.125,-286.685,22.907,Roll
0.586,-0.170,0.630,221.130,-286.685,62.904,Roll
0.828,0.104,1.057,286.510,-286.685,21.149,Roll
0.879,-0.007,1.188,86.511,-286.449,-4.270,Roll
0.993,-0.280,1.110,26.845,-137.244,-43.697,Roll
1.210,-0.153,1.080,-46.987,5.128,-21.831,Roll
1.314,-0.169,1.039,-116.165,265.869,-37.415,Roll
0.774,0.196,1.190,-136.456,286.685,-7.971,Roll
0.698,0.091,1.096,-180.434,286.685,3.421,Roll
0.165,0.013,0.592,-193.594,286.685,-20.650,Roll
-0.022,-0.224,0.437,-110.705,286.685,-59.649,Roll
-0.275,-0.206,0.541,-108.421,286.685,45.176,Roll
-0.817,-0.542,0.491,-116.524,286.685,2.004,Roll
-1.027,-0.673,0.298,-44.607,177.660,-75.714,Roll
-0.787,-0.647,0.187,-2.144,19.163,-86.301,Roll
-0.576,-0.552,0.015,93.196,-206.246,-70.963,Roll
-0.419,-0.532,0.260,184.503,-286.685,-35.542,Roll
-0.491,-0.333,0.619,106.461,-286.685,39.270,Roll
-0.361,-0.213,0.888,170.441,-286.685,57.234,Roll
0.139,-0.239,0.958,146.072,-286.685,92.881,Roll
0.484,-0.155,0.660,184.363,-286.685,73.973,Roll
0.535,-0.013,0.890,175.455,-286.685,66.001,Roll
0.526,0.111,0.771,1.129,-286.685,62.974,Roll
1.065,-0.151,0.727,61.521,-283.386,-41.746,Roll
1.019,-0.285,0.750,44.853,-140.018,-5.784,Roll
1.139,-0.300,0.845,-13.449,73.378,-9.450,Roll
1.129,-0.127,0.942,-59.491,254.135,-5.049,Roll
1.010,-0.054,1.250,-112.438,286.685,31.229,Roll
0.901,0.025,1.296,-164.614,286.685,49.298,Roll
0.285,0.075,0.669,-202.895,286.685,37.056,Roll
-0.009,-0.026,0.368,-167.624,286.685,20.589,Roll
-0.235,-0.433,0.494,-93.389,286.685,47.145,Roll
-0.794,-0.659,0.562,-75.250,286.685,27.353,Roll
-1.033,-0.638,0.434,-41.956,195.204,-45.404,Roll
-0.880,-0.614,0.155,-73.990,14.490,-79.625,Roll
-0.744,-0.596,0.026,35.717,-279.746,-80.439,Roll
-0.386,-0.447,0.267,137.366,-286.685,-61.373,Roll
-0.008,-0.248,0.376,174.160,-286.685,-40.022,Roll
0.576,-0.068,0.503,216.449,-286.685,-0.875,Roll
0.609,0.071,0.892,204.400,-286.685,17.736,Roll
0.852,-0.006,0.919,221.279,-286.685,-39.708,Roll
0.696,0.025,0.756,89.232,-286.685,-53.821,Roll
1.365,-0.224,0.976,43.391,-146.624,-65.914,Roll
1.604,-0.268,1.039,-32.270,26.994,27.134,Roll
1.412,-0.263,0.754,-24.019,261.660,-26.215,Roll
0.790,-0.014,0.946,-45.456,286.685,-34.134,Roll
0.558,0.515,1.298,-196.726,286.685,-16.275,Roll
0.432,0.016,1.036,-206.334,286.685,-32.585,Roll
-0.310,-0.201,0.649,-146.790,286.685,-33.049,Roll
-0.308,-0.242,0.649,-210.796,286.685,24.229,Roll
-0.509,-0.578,0.546,-148.505,251.125,61.329,Roll
-0.848,-0.589,0.315,-55.528,161.928,-38.964,Roll
-0.847,-0.562,0.238,-4.349,45.176,-95.340,Roll
-0.578,-0.651,0.067,65.336,-221.594,-94.378,Roll
-0.258,-0.329,0.150,219.258,-286.685,-56.184,Roll
-0.025,-0.415,0.386,286.431,-286.685,38.185,Roll
0.733,-0.201,1.346,249.637,-286.685,117.416,Roll
0.569,0.245,0.218,52.062,-286.685,242.349,Roll
0.725,0.293,1.356,202.265,-286.685,79.214,Roll
0.954,-0.128,0.748,49.866,-286.685,-101.264,Roll
1.598,-0.503,1.150,37.257,-205.870,-74.244,Roll
1.701,-0.461,0.699,-54.171,18.996,-8.155,Roll
1.159,-0.328,0.563,-72.730,271.469,-43.864,Roll
0.461,-0.457,0.448,-62.107,286.685,63.665,Roll
0.302,0.248,1.213,-56.674,286.685,108.658,Roll
0.182,0.050,0.751,-112.927,286.685,43.855,Roll
-0.592,-0.031,0.588,-53.139,286.685,34.423,Roll
-0.434,-0.312,0.692,-22.899,286.685,31.456,Roll
-0.589,-0.338,0.541,8.908,286.685,38.089,Roll
-0.899,-0.584,0.700,23.310,233.450,-10.377,Roll
-1.137,-0.399,0.590,-27.064,-51.686,-97.711,Roll
-1.307,-0.394,0.186,-96.880,-286.571,-113.890,Roll
-0.803,-0.344,-0.187,-51.179,-286.685,-109.506,Roll
0.696,-0.331,0.582,-15.916,-286.685,-101.220,Roll
0.632,-0.266,0.533,41.956,-286.685,-86.704,Roll
0.847,-0.166,0.472,119.595,-286.685,-64.776,Roll
0.850,-0.151,1.042,231.753,-286.685,-42.980,Roll
0.680,-0.078,1.376,155.960,-206.666,-95.603,Roll
1.616,-0.534,1.092,-34.842,-6.746,-99.671,Roll
1.328,-0.276,1.018,-84.814,231.044,-20.571,Roll
0.588,-0.227,0.773,-113.435,286.685,-35.009,Roll
0.817,-0.260,0.955,-24.456,286.685,5.845,Roll
0.296,-0.010,0.842,-53.847,286.685,13.501,Roll
-0.196,-0.247,0.441,-53.716,286.685,47.241,Roll
-0.460,-0.139,0.404,-65.415,286.685,44.958,Roll
-0.085,-0.252,0.499,-76.772,286.685,29.942,Roll
-0.465,-0.460,0.478,-61.285,282.415,41.571,Roll
-0.954,-0.553,0.350,6.282,65.677,-19.294,Roll
-1.056,-0.385,0.349,64.024,-237.195,-38.841,Roll
-0.853,-0.319,0.532,37.940,-286.685,-70.306,Roll
-0.370,-0.242,0.709,20.930,-286.685,-64.041,Roll
-0.097,-0.333,0.668,41.904,-286.685,-11.358,Roll
0.477,-0.316,0.518,78.908,-286.685,47.294,Roll
0.674,-0.029,0.382,165.279,-286.685,63.796,Roll
0.850,0.029,1.202,176.531,-286.685,29.181,Roll
1.207,-0.350,1.034,-32.891,-271.758,-65.599,Roll
1.229,-0.434,0.767,-49.761,-81.751,4.331,Roll
1.369,-0.456,0.831,-61.224,152.241,37.809,Roll
1.471,-0.277,0.796,-97.554,286.011,66.141,Roll
0.786,-0.303,0.773,-72.677,286.685,125.650,Roll
0.478,-0.120,0.904,-78.768,286.685,96.311,Roll
0.112,-0.318,0.574,-94.229,286.685,134.654,Roll
-0.087,-0.178,0.385,-89.889,286.685,91.963,Roll
-0.228,-0.339,0.127,-57.803,286.685,97.965,Roll
-0.735,-0.623,0.480,12.092,268.975,78.330,Roll
-1.072,-0.539,0.518,31.281,2.441,-17.500,Roll
-0.966,-0.454,0.336,5.180,-241.964,-66.894,Roll
-0.438,-0.320,0.219,-22.706,-286.685,-128.634,Roll
-0.177,-0.260,0.486,-4.883,-286.685,-145.792,Roll
0.197,-0.348,0.646,94.876,-286.685,-113.120,Roll
0.619,-0.384,0.680,172.865,-286.685,-99.881,Roll
0.772,-0.109,0.814,154.087,-286.685,-101.622,Roll
1.059,-0.490,1.006,-28.525,-286.685,-91.254,Roll
1.078,-0.349,0.775,-20.169,-150.500,-67.095,Roll
1.358,-0.547,0.916,-6.668,34.160,-10.815,Roll
1.287,-0.432,0.877,-44.459,182.971,32.279,Roll
0.977,-0.312,0.861,-85.164,286.685,68.679,Roll
0.712,-0.301,0.909,-101.176,286.685,96.766,Roll
0.492,-0.045,0.861,-146.886,286.685,126.332,Roll
0.287,-0.284,0.516,-144.891,286.685,195.702,Roll
-0.174,-0.350,0.412,-86.021,286.685,214.961,Roll
-0.214,-0.422,0.430,-55.265,286.685,172.690,Roll
-0.631,-0.531,0.435,-40.635,246.706,111.974,Roll
-0.736,-0.589,-0.038,-18.743,98.464,54.862,Roll
-0.693,-0.453,0.232,109.191,-147.298,16.669,Roll
-0.692,-0.373,0.529,54.504,-286.685,-61.346,Roll
-0.511,-0.075,0.685,8.059,-286.685,-132.326,Roll
-0.020,-0.159,0.514,52.185,-286.685,-165.095,Roll
0.633,-0.273,0.911,193.174,-286.685,-106.916,Roll
0.897,-0.085,0.879,175.158,-286.685,-56.184,Roll
0.610,-0.230,0.796,64.400,-286.685,-77.158,Roll
1.202,-0.228,0.790,-3.132,-264.801,-75.084,Roll
1.346,-0.538,0.891,0.770,-154.000,-49.770,Roll
1.227,-0.366,0.777,11.401,30.704,-25.515,Roll
1.158,-0.204,0.965,-67.480,269.307,11.139,Roll
1.133,-0.173,1.152,-179.095,286.685,67.944,Roll
0.889,-0.108,1.142,-187.915,286.685,118.230,Roll
0.275,-0.039,0.529,-150.973,286.685,126.901,Roll
0.148,-0.027,0.416,-72.879,286.685,87.929,Roll
-0.059,-0.231,0.702,16.056,286.685,115.614,Roll
-0.117,-0.712,0.269,29.759,286.685,70.332,Roll
-0.725,-0.468,0.249,71.566,286.685,-36.470,Roll
-1.159,-0.582,0.062,103.591,4.856,-102.454,Roll
-0.986,-0.558,-0.105,10.150,-286.685,-102.533,Roll
-0.657,-0.355,0.197,-30.861,-286.685,-39.130,Roll
-0.341,-0.209,0.352,2.257,-286.685,-49.893,Roll
0.596,0.041,0.592,27.834,-286.685,-160.956,Roll
1.873,-0.403,1.248,284.226,-286.685,-127.225,Roll
0.776,0.040,1.135,274.155,-286.685,-8.304,Roll
0.703,0.028,1.116,148.531,-286.685,-17.491,Roll
1.219,-0.266,0.805,-38.745,-230.300,-56.963,Roll
1.434,-0.495,0.709,-76.886,-16.170,21.577,Roll
1.128,-0.318,0.685,-140.280,259.105,45.071,Roll
1.076,-0.369,0.770,-172.917,286.685,91.980,Roll
0.822,0.142,0.759,-178.553,286.685,149.415,Roll
0.181,0.017,0.125,-136.938,286.685,107.467,Roll
0.003,-0.235,0.070,-65.450,286.685,106.750,Roll
-0.040,-0.321,0.332,-8.199,286.685,114.826,Roll
-0.582,-0.603,0.478,35.534,286.685,63.096,Roll
-1.247,-0.694,0.018,28.796,73.754,-32.821,Roll
-0.711,-0.552,-0.215,17.579,-280.122,-77.429,Roll
-0.758,-0.342,0.908,91.166,-286.685,-25.891,Roll
-0.511,-0.255,0.423,66.474,-286.685,-18.541,Roll
0.459,-0.094,0.639,178.307,-286.685,-20.396,Roll
1.072,0.109,1.101,154.245,-286.685,-13.554,Roll
1.061,-0.107,1.319,171.342,-286.685,-27.003,Roll
0.563,-0.188,0.517,39.287,-286.685,-0.849,Roll
1.199,-0.142,0.783,91.394,-254.800,-36.680,Roll
1.223,-0.469,0.809,-35.123,-79.450,-31.850,Roll
1.155,-0.394,0.518,-34.921,158.471,-25.786,Roll
0.958,-0.318,0.619,-73.290,274.269,-4.681,Roll
1.021,0.072,1.280,-95.183,286.685,85.085,Roll
0.643,0.086,0.819,-185.526,286.685,37.135,Roll
0.466,-0.248,0.309,-120.584,286.685,57.662,Roll
-0.193,-0.131,0.410,-12.329,286.685,65.677,Roll
-0.306,-0.271,0.715,54.075,286.685,12.451,Roll
-0.925,-0.306,0.846,29.181,280.210,-46.629,Roll
-0.874,-0.390,0.326,-23.179,84.473,-85.129,Roll
-0.615,-0.560,0.160,-19.810,-82.206,-70.604,Roll
-0.772,-0.513,0.436,-25.130,-286.247,-12.084,Roll
-0.264,-0.351,0.496,-7.682,-286.685,5.267,Roll
0.379,-0.250,0.560,80.290,-286.685,-25.594,Roll
1.148,0.409,0.710,149.240,-286.685,-60.069,Roll
0.881,-0.469,1.198,243.539,-286.685,-43.741,Roll
0.355,-0.052,0.523,63.280,-286.685,15.391,Roll
0.883,-0.115,0.669,20.948,-240.765,-75.294,Roll
1.307,-0.415,0.594,-27.895,-143.325,-90.685,Roll
1.782,-0.635,1.074,-75.539,130.856,-37.013,Roll
0.984,0.090,0.925,-132.458,286.685,81.357,Roll
0.877,0.195,1.200,-177.747,286.685,129.439,Roll
0.553,-0.259,0.706,-263.147,286.685,118.694,Roll
0.210,-0.163,0.332,-160.842,286.685,145.609,Roll
-0.045,-0.289,0.319,-18.340,286.685,122.010,Roll
-0.719,-0.360,0.615,37.958,286.685,110.346,Roll
-0.954,-0.439,0.589,-4.918,286.685,35.166,Roll
-0.844,-0.507,0.166,36.864,167.300,-79.459,Roll
-0.755,-0.590,0.024,106.575,-105.158,-94.089,Roll
-0.702,-0.547,0.270,55.912,-286.685,-87.176,Roll
-0.540,-0.473,0.080,54.329,-286.685,-52.316,Roll
0.153,-0.222,0.453,94.832,-286.685,-29.321,Roll
0.757,-0.064,0.355,195.974,-286.685,-54.600,Roll
1.143,0.390,1.278,286.685,-286.685,-91.779,Roll
0.808,0.124,1.078,286.685,-286.685,-32.611,Roll
0.966,-0.037,1.651,163.179,-286.685,-5.714,Roll
0.992,-0.048,0.740,-23.704,-234.465,-79.284,Roll
1.692,-0.470,0.865,-123.357,73.124,1.636,Roll
1.262,0.097,0.911,-139.921,286.685,101.185,Roll
1.213,0.399,1.196,-173.320,286.685,132.799,Roll
0.671,-0.047,0.756,-259.875,286.685,125.466,Roll
0.384,-0.159,-0.125,-139.930,286.685,95.681,Roll
0.076,0.092,0.126,-23.896,286.685,117.644,Roll
-1.442,-0.740,0.747,36.697,286.685,110.556,Roll
-0.835,-0.273,0.816,69.702,286.685,-64.067,Roll
-0.173,-0.642,-0.374,-41.029,40.171,-196.962,Roll
-1.040,-0.500,0.104,75.556,-276.955,-80.579,Roll
-0.974,-0.461,0.392,50.881,-286.685,-65.677,Roll
-0.769,-0.287,0.557,35.875,-286.685,-60.428,Roll
-0.180,-0.231,0.726,97.965,-286.685,-64.137,Roll
0.549,-0.362,0.802,104.982,-286.685,-62.431,Roll
0.376,0.003,0.541,99.067,-286.685,-70.298,Roll
0.942,-0.357,0.184,184.161,-286.685,-75.950,Roll
1.344,0.012,1.220,286.685,-284.559,17.369,Roll
1.057,-0.242,0.980,53.743,-141.102,26.163,Roll
1.102,-0.224,0.780,-32.130,2.354,28.210,Roll
1.144,-0.194,0.894,-112.849,271.241,79.441,Roll
1.066,-0.074,1.044,-144.812,286.685,129.316,Roll
0.586,-0.160,0.739,-169.068,286.685,181.501,Roll
0.245,-0.173,0.476,-109.891,286.685,173.110,Roll
-0.127,-0.232,0.535,-36.768,286.685,129.798,Roll
-0.420,-0.570,0.676,54.635,286.685,94.570,Roll
-0.936,-0.277,0.570,16.966,281.453,3.622,Roll
-1.210,-0.578,-0.071,5.784,45.062,-127.216,Roll
-1.053,-0.611,-0.040,38.535,-217.962,-154.000,Roll
-0.676,-0.416,0.149,56.516,-286.685,-139.624,Roll
0.435,-0.304,0.004,105.753,-286.685,-140.350,Roll
0.891,0.098,0.273,90.204,-286.685,-120.418,Roll
1.331,-0.252,1.457,260.059,-286.685,-94.351,Roll
0.699,-0.360,0.746,169.102,-286.685,-27.239,Roll
0.783,-0.183,0.573,58.196,-278.337,-47.101,Roll
1.349,-0.681,0.745,2.406,-65.887,-83.965,Roll
1.683,-0.194,1.279,-60.786,273.201,56.096,Roll
0.786,-0.081,0.925,-122.850,286.685,96.959,Roll
1.058,0.031,0.932,-131.477,286.685,121.537,Roll
0.556,-0.151,0.528,-230.160,286.685,152.311,Roll
-0.114,-0.257,0.646,-192.815,286.685,168.656,Roll
-0.058,-0.414,0.524,-214.288,286.685,188.396,Roll
-0.456,-0.512,0.473,-145.084,286.685,185.553,Roll
-0.985,-0.444,0.061,4.025,271.408,64.059,Roll
-0.901,-0.578,-0.168,62.799,12.014,-56.595,Roll
-0.424,-0.430,-0.062,128.747,-285.723,-175.525,Roll
-0.414,-0.370,0.377,159.836,-286.685,-201.250,Roll
-0.045,-0.364,0.442,165.848,-286.685,-179.874,Roll
0.808,-0.015,0.770,286.650,-286.685,-120.575,Roll
1.009,-0.110,0.921,285.460,-286.685,-44.153,Roll
0.639,-0.082,0.911,205.818,-286.685,-18.480,Roll
1.069,-0.123,0.688,68.128,-286.685,-58.039,Roll
1.356,-0.355,0.923,17.544,-266.236,-78.269,Roll
1.635,-0.485,0.956,-101.045,36.934,-6.519,Roll
1.474,-0.035,1.119,-143.745,286.116,23.546,Roll
1.072,0.035,0.906,-218.654,286.685,147.376,Roll
0.781,0.232,0.775,-229.224,286.685,188.869,Roll
0.423,-0.134,0.405,-149.721,286.685,159.591,Roll
0.050,-0.266,0.463,-90.580,286.685,121.135,Roll
-0.214,-0.537,0.391,-106.741,286.685,152.163,Roll
-0.689,-0.600,0.269,-4.646,286.676,35.998,Roll
-1.065,-0.466,0.106,-6.484,187.425,-61.259,Roll
-0.748,-0.563,-0.150,90.221,-153.204,-142.012,Roll
-0.302,-0.531,0.010,190.208,-286.685,-178.762,Roll
-0.068,-0.362,0.376,175.560,-286.685,-126.875,Roll
0.176,-0.032,0.397,110.486,-286.685,-54.127,Roll
1.147,0.142,0.674,226.783,-286.685,-88.445,Roll
0.996,-0.046,1.458,286.685,-286.685,-4.952,Roll
0.578,-0.050,1.090,94.946,-286.527,78.137,Roll
1.270,-0.203,0.694,17.972,-214.419,-18.454,Roll
1.392,-0.324,1.181,-9.485,-75.994,0.411,Roll
1.349,-0.334,1.112,-78.811,231.315,19.871,Roll
0.999,0.152,0.923,-163.292,286.685,53.244,Roll
1.019,-0.010,0.840,-221.637,286.685,103.425,Roll
0.462,-0.098,0.580,-224.018,286.685,105.919,Roll
-0.099,-0.229,0.454,-137.673,286.685,28.586,Roll
-0.093,-0.508,0.416,-111.615,286.685,49.761,Roll
-0.626,-0.793,0.402,-60.638,286.685,29.111,Roll
-0.727,-0.751,0.397,-30.905,228.786,-55.807,Roll
-0.936,-0.720,-0.109,-23.056,-37.065,-96.425,Roll
-0.676,-0.653,0.055,81.699,-286.685,-99.514,Roll
-0.338,-0.458,0.047,123.357,-286.685,-94.421,Roll
0.372,-0.264,0.441,239.277,-286.685,-94.089,Roll
0.812,-0.107,0.397,278.758,-286.685,-48.440,Roll
1.022,0.143,0.814,286.685,-286.685,1.278,Roll
1.001,0.005,1.343,273.079,-286.685,4.401,Roll
1.289,-0.129,0.910,94.745,-248.754,-26.539,Roll
1.311,-0.076,0.890,46.865,-119.088,-34.361,Roll
1.386,-0.113,0.861,-71.960,132.562,-69.221,Roll
1.086,-0.366,0.850,-144.506,286.685,-25.191,Roll
1.006,-0.220,1.057,-125.239,286.685,61.792,Roll
0.993,0.521,1.463,-165.148,286.685,69.571,Roll
0.174,0.112,0.300,-278.749,286.685,-12.337,Roll
-0.236,-0.193,0.176,-148.592,286.685,23.966,Roll
-0.781,-0.933,0.480,-135.476,280.429,96.355,Roll
-0.748,-0.485,0.599,-91.236,134.724,105.963,Roll
-1.258,-0.695,0.262,-102.865,-142.765,80.456,Roll
-0.626,-0.598,-0.198,-83.151,-286.685,-48.877,Roll
0.873,-0.254,-0.352,71.304,-286.685,-98.018,Roll
0.804,-0.088,0.917,204.803,-286.685,-180.626,Roll
0.476,-0.158,1.131,29.312,-286.685,-216.738,Roll
0.699,-0.170,0.964,132.939,-286.685,-220.675,Roll
0.761,-0.387,1.180,64.592,-266.884,-77.245,Roll
1.040,-0.280,0.974,9.686,-55.939,-44.686,Roll
1.063,-0.522,1.080,-12.101,158.979,7.009,Roll
0.927,-0.293,1.410,-76.764,278.688,53.795,Roll
1.157,-0.107,1.394,-194.268,286.685,110.521,Roll
0.693,-0.108,1.016,-199.798,286.685,105.630,Roll
0.239,-0.231,0.094,-105.289,286.685,150.614,Roll
-0.121,-0.275,-0.019,16.590,286.685,93.135,Roll
-0.712,-0.326,0.370,61.705,286.685,26.889,Roll
-0.727,-0.702,0.949,-29.225,142.634,2.503,Roll
-1.101,-0.673,0.324,-135.170,-82.635,-46.428,Roll
-0.791,-0.485,-0.182,-5.906,-286.685,-65.214,Roll
0.055,-0.333,-0.063,87.876,-286.685,-71.173,Roll
0.073,-0.224,0.629,126.035,-286.685,-66.211,Roll
0.446,-0.237,0.814,99.759,-286.685,-49.910,Roll
0.761,-0.149,0.787,200.428,-286.685,-63.849,Roll
0.679,-0.052,1.108,209.230,-286.685,-74.174,Roll
0.930,-0.373,1.149,49.612,-258.344,-42.280,Roll
1.556,-0.404,1.253,-64.890,12.565,-19.810,Roll
1.444,-0.465,0.923,-149.275,281.741,18.104,Roll
0.947,-0.343,0.841,-129.929,286.685,50.759,Roll
1.028,0.021,1.209,-142.056,286.685,89.897,Roll
0.234,-0.066,0.156,-190.041,286.685,143.360,Roll
-0.229,-0.349,0.305,-82.933,286.685,105.280,Roll
-0.258,-0.434,0.451,-63.717,286.685,89.784,Roll
-0.754,-0.620,0.332,-24.115,210.376,42.193,Roll
-0.998,-0.525,0.307,-14.726,13.790,-43.741,Roll
-0.685,-0.661,-0.012,-0.359,-284.742,-75.285,Roll
-0.335,-0.287,0.248,100.179,-286.685,-100.853,Roll
0.194,-0.355,1.149,144.909,-286.685,-107.721,Roll
0.312,-0.323,0.794,168.962,-286.685,-105.604,Roll
0.815,-0.170,0.656,233.730,-286.685,-92.601,Roll
0.413,-0.165,0.810,160.064,-286.685,-29.286,Roll
1.090,-0.221,1.059,43.715,-285.793,-42.612,Roll
1.455,-0.357,1.178,-14.998,-171.649,-15.995,Roll
1.575,-0.432,0.963,-135.424,92.549,3.237,Roll
1.322,-0.422,0.659,-109.314,286.562,44.240,Roll
1.112,-0.043,0.821,-118.764,286.685,84.429,Roll
0.482,0.217,1.062,-179.130,286.685,149.415,Roll
0.152,-0.249,0.175,-210.000,286.685,236.775,Roll
-0.079,-0.339,0.463,-98.368,286.685,200.506,Roll
-0.562,-0.436,0.599,-99.601,286.685,174.414,Roll
-0.677,-0.594,0.328,-91.324,216.598,119.289,Roll
-0.549,-0.494,-0.101,-81.716,11.944,38.990,Roll
-0.706,-0.491,-0.163,63.096,-237.702,-47.731,Roll
-0.268,-0.405,0.259,172.428,-286.685,-188.711,Roll
-0.016,-0.094,0.447,159.276,-286.685,-181.676,Roll
0.255,0.198,0.559,217.919,-286.685,-151.760,Roll
1.153,-0.228,1.094,176.208,-286.685,-112.534,Roll
1.367,0.067,1.017,247.765,-286.685,-66.150,Roll
1.940,-0.385,1.832,10.710,-237.475,-20.930,Roll
1.026,-0.273,0.642,17.299,-28.350,4.008,Roll
0.896,-0.273,0.396,10.806,78.496,50.636,Roll
1.330,-0.219,0.880,-34.256,252.280,-2.240,Roll
1.520,-0.004,1.246,-129.098,286.685,8.943,Roll
0.776,0.030,0.990,-233.599,286.685,23.397,Roll
0.356,-0.223,0.490,-234.587,286.685,64.173,Roll
0.017,-0.257,0.296,-193.357,286.685,82.504,Roll
-0.080,-0.369,0.154,-100.319,286.685,56.700,Roll
-0.175,-0.326,0.195,-30.021,286.685,88.646,Roll
-0.233,-0.454,0.241,-17.587,286.685,73.614,Roll
-0.521,-0.587,0.298,65.800,182.341,-6.414,Roll
-1.245,-0.818,0.112,44.896,-283.999,-62.545,Roll
-0.585,-0.489,-0.351,-8.802,-286.685,-174.160,Roll
0.573,-0.053,-0.052,205.984,-286.685,-176.829,Roll
1.141,0.234,0.645,263.909,-286.685,-201.827,Roll
1.141,-0.051,0.973,286.256,-286.685,-117.066,Roll
1.042,-0.374,1.169,79.704,-286.685,-74.918,Roll
1.420,-0.419,0.952,-17.325,-141.365,-55.519,Roll
1.501,-0.511,0.696,-43.321,177.214,-51.643,Roll
1.002,-0.325,0.658,-30.292,286.685,-25.147,Roll
0.636,0.151,0.892,-94.762,286.685,53.366,Roll
0.708,-0.009,1.170,-184.380,286.685,-4.497,Roll
0.196,-0.200,0.770,-272.116,286.685,56.271,Roll
-0.098,-0.112,0.835,-264.766,286.685,97.851,Roll
-0.346,-0.340,0.334,-219.984,286.685,99.295,Roll
-0.712,-0.515,0.470,-117.556,280.061,46.209,Roll
-0.795,-0.650,0.305,-110.696,121.100,-25.778,Roll
-0.839,-0.585,0.186,-118.702,-23.888,-51.853,Roll
-0.661,-0.595,0.031,-3.054,-284.489,-87.264,Roll
-0.232,-0.494,0.195,110.241,-286.685,-155.505,Roll
0.109,-0.538,0.445,229.066,-286.685,-148.969,Roll
0.317,-0.300,0.645,286.685,-286.685,-59.894,Roll
0.489,-0.157,0.686,286.685,-286.685,-2.389,Roll
0.781,0.091,1.219,277.489,-286.685,10.404,Roll
0.939,-0.093,1.262,82.556,-286.685,-3.369,Roll
1.101,-0.287,1.186,10.097,-197.120,-25.874,Roll
1.364,-0.323,1.291,-62.134,-26.381,3.027,Roll
1.389,-0.309,1.034,-163.739,253.435,14.289,Roll
1.212,-0.206,0.852,-190.208,286.685,32.699,Roll
0.566,0.185,0.717,-208.932,286.685,55.554,Roll
0.283,-0.247,0.460,-213.990,286.685,82.871,Roll
-0.127,-0.274,0.299,-191.747,286.685,121.984,Roll
-0.444,-0.448,0.269,-197.173,286.685,112.735,Roll
-0.709,-0.569,0.303,-90.816,214.182,48.020,Roll
-0.835,-0.597,0.089,-43.610,-21.927,-36.041,Roll
-0.755,-0.622,0.042,-28.228,-253.663,-85.190,Roll
-0.374,-0.606,0.088,78.636,-286.685,-160.143,Roll
0.057,-0.287,0.311,231.394,-286.685,-174.492,Roll
0.628,-0.109,0.662,286.685,-286.685,-108.054,Roll
0.884,0.080,1.015,286.580,-286.685,-66.675,Roll
0.888,-0.099,1.157,156.065,-286.685,-64.715,Roll
0.871,-0.316,0.973,41.904,-286.685,-41.702,Roll
1.231,-0.444,0.973,-36.356,-146.895,-57.050,Roll
1.443,-0.374,0.667,-98.236,105.525,-40.644,Roll
1.285,-0.196,0.726,-115.719,286.685,7.175,Roll
1.080,-0.065,0.958,-130.708,286.685,60.952,Roll
0.865,-0.039,1.334,-199.640,286.685,43.969,Roll
0.081,-0.165,0.639,-257.679,286.685,42.385,Roll
-0.116,-0.362,0.441,-194.110,286.685,62.099,Roll
-0.278,-0.457,0.495,-141.943,286.685,76.501,Roll
-0.614,-0.492,0.549,-65.923,286.676,-1.741,Roll
-0.803,-0.656,0.159,-57.356,133.857,-58.844,Roll
-0.642,-0.706,0.031,58.940,-158.944,-79.581,Roll
-0.277,-0.501,0.168,148.837,-286.431,-109.620,Roll
-0.374,-0.505,0.058,209.116,-286.685,-123.673,Roll
0.570,-0.273,0.613,183.164,-286.685,-125.991,Roll
0.732,-0.024,0.902,202.624,-286.685,-82.119,Roll
0.643,-0.096,0.964,136.456,-286.685,-106.785,Roll
0.888,-0.295,1.102,95.217,-247.590,-97.659,Roll
1.220,-0.277,0.932,36.479,-105.131,-64.146,Roll
1.552,-0.422,0.983,-18.804,85.348,15.776,Roll
0.953,-0.147,0.918,-78.741,279.606,89.635,Roll
0.608,-0.214,0.909,-139.886,286.685,106.829,Roll
0.419,-0.229,0.879,-157.736,286.685,107.896,Roll
0.236,-0.387,0.553,-155.908,286.685,130.786,Roll
-0.176,-0.205,0.594,-124.180,286.685,97.729,Roll
-0.169,-0.282,0.460,-154.210,286.685,57.173,Roll
-0.543,-0.418,0.303,-111.239,285.810,22.601,Roll
-0.759,-0.757,0.261,-12.276,87.832,-16.573,Roll
-0.839,-0.670,0.552,78.978,-191.485,-32.673,Roll
-0.552,-0.702,0.185,9.520,-286.685,-51.249,Roll
-0.127,-0.426,0.258,114.625,-286.685,-87.692,Roll
0.194,-0.372,0.650,25.979,-286.685,-122.482,Roll
0.403,-0.336,0.766,175.420,-286.685,-111.213,Roll
0.486,-0.177,0.564,231.254,-286.685,-74.077,Roll
1.098,-0.131,1.457,283.693,-285.539,-36.260,Roll
1.098,-0.240,1.072,182.831,-213.876,22.103,Roll
1.167,-0.318,0.887,-8.899,-37.188,4.707,Roll
1.264,-0.114,1.062,-29.636,189.394,30.861,Roll
1.000,-0.094,1.065,-71.461,286.685,2.678,Roll
0.948,0.011,1.015,-122.124,286.685,1.146,Roll
0.221,0.004,0.806,-172.016,286.685,82.198,Roll
-0.132,-0.154,0.410,-154.989,286.685,13.134,Roll
-0.081,-0.574,0.342,-155.260,286.685,-4.305,Roll
-0.150,-0.572,0.269,-148.977,285.128,22.846,Roll
-0.381,-0.643,0.155,-54.819,151.296,41.029,Roll
-0.465,-0.570,0.342,19.600,-66.832,42.901,Roll
-0.823,-0.564,0.518,37.975,-286.685,36.750,Roll
-0.552,-0.383,0.394,85.461,-286.685,-31.509,Roll
0.270,-0.112,0.654,219.555,-286.685,-107.730,Roll
0.622,-0.047,0.677,250.171,-286.685,-90.921,Roll
0.883,0.217,1.107,185.973,-286.685,-65.214,Roll
1.003,-0.176,1.275,93.625,-286.685,-52.194,Roll
1.155,-0.070,1.014,68.749,-264.189,-79.607,Roll
1.146,-0.331,0.912,32.112,-52.675,-92.689,Roll
1.041,-0.197,0.885,-26.381,179.296,-33.040,Roll
0.892,-0.168,1.010,-70.411,286.685,31.657,Roll
0.648,0.025,0.849,-94.658,286.685,41.641,Roll
0.365,0.154,1.181,-98.192,286.685,21.350,Roll
-0.001,0.012,0.862,-107.074,286.685,-17.868,Roll
-0.156,0.125,0.912,-94.089,286.685,-28.271,Roll
-0.012,-0.247,0.654,-141.732,286.685,-45.710,Roll
-0.431,-0.384,0.299,-113.365,180.661,-12.941,Roll
-0.609,-0.572,0.570,-69.221,-39.025,30.345,Roll
-0.751,-0.456,0.452,-81.323,-282.844,42.936,Roll
-0.590,-0.367,0.385,-74.270,-286.685,-13.528,Roll
0.055,-0.184,0.681,-0.429,-286.685,-64.400,Roll
0.464,-0.198,0.435,165.795,-286.685,-91.569,Roll
0.528,-0.142,0.722,246.339,-286.685,-76.676,Roll
0.472,0.119,1.179,128.494,-286.685,-57.514,Roll
1.198,-0.046,0.983,-10.596,-286.589,-70.280,Roll
1.439,-0.239,0.889,-36.794,-141.671,-46.235,Roll
1.366,-0.328,1.081,-16.853,66.351,-3.491,Roll
1.121,-0.207,0.866,-62.011,284.751,58.389,Roll
0.965,-0.253,0.688,-85.890,286.685,93.459,Roll
0.396,0.086,1.133,-67.034,286.685,112.534,Roll
0.155,-0.097,0.477,-70.490,286.685,89.967,Roll
-0.226,-0.107,0.445,21.438,286.685,85.479,Roll
-0.633,-0.060,0.595,43.759,286.685,67.707,Roll
-0.564,-0.409,0.628,14.595,256.331,14.892,Roll
-0.901,-0.356,0.551,-29.067,34.458,-38.789,Roll
-1.092,-0.418,0.351,-23.205,-245.779,-61.862,Roll
-0.619,-0.335,0.248,-33.775,-286.685,-64.995,Roll
0.210,-0.091,1.289,-3.203,-286.685,-53.847,Roll
0.103,-0.177,0.465,-29.321,-286.685,-59.553,Roll
0.622,-0.304,0.606,157.710,-286.685,-113.969,Roll
0.768,-0.143,1.060,161.761,-286.685,-67.471,Roll
0.825,-0.100,1.069,101.080,-286.685,-42.184,Roll
1.035,-0.250,1.109,6.624,-178.421,-16.222,Roll
1.299,-0.343,1.159,-44.118,56.770,18.235,Roll
1.045,-0.285,0.938,-63.700,285.652,34.851,Roll
1.010,-0.166,0.980,-63.009,286.685,43.033,Roll
0.377,0.120,0.907,-31.202,286.685,20.580,Roll
0.113,-0.145,0.776,-7.227,286.685,-12.031,Roll
-0.288,-0.079,0.467,7.648,286.685,-0.858,Roll
-0.295,-0.215,0.483,4.008,286.685,-7.639,Roll
-0.600,-0.353,0.297,-29.986,256.165,-7.691,Roll
-0.731,-0.489,0.435,-74.349,4.060,9.931,Roll
-0.817,-0.360,0.248,-57.768,-269.098,37.686,Roll
-0.836,-0.305,0.539,-9.363,-286.685,30.214,Roll
-0.221,-0.091,0.699,20.843,-286.685,-25.909,Roll
0.052,-0.140,0.630,-0.341,-286.685,-29.173,Roll
0.508,-0.093,0.581,76.230,-286.685,-53.191,Roll
0.766,-0.103,0.741,120.085,-286.685,-68.679,Roll
0.987,0.055,1.267,89.609,-286.685,-99.811,Roll
1.373,-0.370,0.966,-5.407,-173.180,-76.387,Roll
1.258,-0.285,0.843,-23.336,7.122,-67.690,Roll
1.106,-0.213,0.867,-55.737,166.101,-12.425,Roll
1.035,-0.164,1.035,-96.259,286.685,22.067,Roll
0.822,0.066,0.943,-112.166,286.685,115.990,Roll
0.392,0.209,0.870,-32.270,286.685,72.030,Roll
-0.002,0.105,0.501,-5.049,286.685,82.154,Roll
-0.403,-0.046,0.652,-6.361,286.685,64.890,Roll
-0.552,-0.336,0.439,-35.831,286.685,31.719,Roll
-0.764,-0.493,0.250,-59.693,135.109,11.104,Roll
-1.106,-0.364,0.139,-37.923,-222.285,34.283,Roll
-0.936,-0.258,0.231,-39.244,-286.685,1.138,Roll
0.550,-0.432,0.107,-18.909,-286.685,-54.084,Roll
0.238,0.473,0.871,81.331,-286.685,-12.871,Roll
0.239,-0.002,0.570,-129.456,-286.685,-60.795,Roll
0.591,-0.056,1.043,-13.195,-286.685,-105.735,Roll
0.911,-0.248,0.584,8.794,-286.685,-141.750,Roll
1.132,-0.212,0.723,76.046,-271.092,-89.232,Roll
1.122,-0.417,0.897,30.205,-75.084,-66.929,Roll
0.995,-0.256,1.026,-10.675,150.867,-14.691,Roll
1.221,-0.092,0.924,-88.970,281.033,18.462,Roll
1.020,-0.031,0.786,-101.421,286.685,44.826,Roll
0.447,0.111,1.061,-42.472,286.685,54.469,Roll
0.343,0.061,1.023,-37.432,286.685,31.343,Roll
-0.152,-0.010,0.605,-14.026,286.685,34.860,Roll
-0.442,-0.170,0.737,-31.649,286.685,4.506,Roll
-0.505,-0.406,0.779,-92.549,280.831,-34.571,Roll
-0.619,-0.427,0.340,-76.860,53.891,-43.636,Roll
-0.538,-0.477,0.076,-26.093,-152.337,-34.877,Roll
-0.570,-0.365,0.617,27.606,-286.685,-9.284,Roll
-0.196,-0.108,0.708,-59.561,-286.685,-42.228,Roll
0.107,-0.174,0.464,7.446,-286.685,-93.643,Roll
0.407,-0.155,0.388,118.729,-286.685,-93.503,Roll
0.581,0.056,0.763,258.011,-286.685,-67.104,Roll
0.938,0.074,1.257,139.221,-286.685,-89.504,Roll
0.952,-0.135,0.709,-7.009,-244.676,-76.886,Roll
1.140,-0.142,0.785,24.185,-68.915,-43.811,Roll
1.227,-0.184,0.954,-13.790,102.567,-1.304,Roll
1.148,-0.033,0.868,-65.564,283.334,39.270,Roll
1.106,0.068,1.036,-104.527,286.685,88.253,Roll
0.806,0.008,1.144,-106.409,286.685,85.960,Roll
0.232,-0.004,1.011,-59.885,286.685,47.784,Roll
-0.200,0.006,0.570,-0.665,286.685,27.869,Roll
-0.348,-0.111,0.735,-14.438,286.685,10.307,Roll
-0.363,-0.343,0.593,-60.786,286.396,29.164,Roll
-0.936,-0.440,0.759,-20.414,209.650,4.690,Roll
-1.007,-0.252,0.436,7.157,96.652,-99.225,Roll
-0.760,-0.472,0.272,22.103,-125.265,-114.214,Roll
-0.152,-0.459,0.619,25.462,-286.685,-67.489,Roll
-0.294,-0.303,0.475,-12.408,-286.685,-15.304,Roll
-0.082,-0.178,0.505,3.938,-286.685,-10.054,Roll
0.291,-0.252,0.291,41.720,-286.685,-14.630,Roll
0.563,0.025,0.559,169.908,-286.685,8.802,Roll
0.723,0.079,1.021,216.492,-286.685,-24.675,Roll
1.099,-0.008,1.069,138.434,-286.685,-74.533,Roll
1.120,-0.195,0.919,45.911,-162.225,-78.103,Roll
1.285,-0.194,0.856,-60.384,36.986,-16.371,Roll
1.419,-0.173,0.783,-90.641,277.830,32.716,Roll
1.239,-0.052,0.870,-89.022,286.685,57.873,Roll
0.621,0.184,0.892,-67.331,286.685,54.994,Roll
0.249,0.008,0.750,-36.286,286.685,12.547,Roll
0.081,-0.074,0.544,-0.210,286.685,26.915,Roll
-0.287,-0.098,0.738,-14.927,286.685,42.875,Roll
-0.405,-0.322,0.570,-66.421,286.685,25.279,Roll
-0.883,-0.310,0.419,-68.950,282.695,-5.101,Roll
-0.994,-0.384,0.117,-5.040,71.094,-27.808,Roll
-0.998,-0.386,0.264,15.278,-112.271,5.023,Roll
-0.787,-0.279,0.427,-5.066,-286.685,-5.976,Roll
-0.334,-0.130,0.937,-25.506,-286.685,-42.910,Roll
-0.388,-0.153,0.492,-58.100,-286.685,-42.945,Roll
-0.085,-0.231,0.412,-0.560,-286.685,-106.269,Roll
0.485,-0.029,0.414,88.357,-286.685,-103.854,Roll
0.951,0.091,0.656,219.004,-286.685,-163.984,Roll
1.359,0.074,1.227,130.357,-286.212,-107.214,Roll
1.445,-0.149,0.763,-42.333,-121.940,-44.861,Roll
1.517,-0.176,0.633,-91.079,55.606,16.529,Roll
1.216,-0.306,0.626,-52.798,284.235,70.236,Roll
1.038,0.080,1.008,-44.818,286.685,108.955,Roll
0.440,0.249,1.347,-68.688,286.685,156.651,Roll
0.339,0.054,1.107,-70.665,286.685,141.426,Roll
-0.181,-0.109,0.651,-55.265,286.685,87.299,Roll
-0.362,-0.099,0.510,-9.432,286.685,75.740,Roll
-0.762,-0.347,0.465,55.659,286.685,37.835,Roll
-0.819,-0.296,0.497,59.097,286.685,-35.464,Roll
-0.894,-0.387,0.327,58.424,156.529,-60.454,Roll
-0.702,-0.425,0.423,48.002,-236.635,-47.950,Roll
-0.475,-0.333,0.305,-12.574,-286.685,-56.901,Roll
-0.229,-0.258,0.478,-92.645,-286.685,-24.911,Roll
-0.205,-0.164,0.239,-72.476,-286.685,-33.521,Roll
0.492,-0.069,0.531,-16.774,-286.685,-61.311,Roll
0.652,-0.135,0.859,124.618,-286.685,-147.289,Roll
1.632,0.062,0.998,58.371,-286.379,-171.080,Roll
1.507,-0.147,1.081,-6.484,-79.161,-46.191,Roll
1.456,-0.357,0.912,-92.759,58.188,19.311,Roll
1.194,-0.447,0.597,-102.567,280.962,126.289,Roll
0.880,-0.179,0.759,-86.284,286.685,188.300,Roll
0.622,0.062,0.930,-46.463,286.685,235.148,Roll
0.239,0.001,0.722,-40.714,286.685,257.049,Roll
-0.116,-0.213,0.315,-64.155,286.685,215.276,Roll
-0.532,-0.319,0.349,10.701,286.685,151.506,Roll
-0.935,-0.355,0.170,13.466,286.685,58.284,Roll
-1.178,-0.438,0.147,42.639,272.904,5.968,Roll
-1.408,-0.422,0.373,91.980,-80.246,-11.778,Roll
-1.361,-0.363,0.298,18.077,-286.685,-90.265,Roll
-0.021,-0.105,0.877,-119.464,-286.685,-204.689,Roll
-0.140,-0.079,-0.019,-218.829,-286.685,-214.769,Roll
-0.084,-0.204,-0.379,5.241,-286.685,-286.685,Roll
0.961,-0.144,0.237,282.975,-286.685,-286.685,Roll
1.521,0.420,1.305,241.500,-286.685,-198.389,Roll
1.180,-0.137,0.992,95.043,-223.169,-111.239,Roll
1.820,-0.173,1.484,9.459,-21.254,-17.710,Roll
1.501,-0.158,1.216,-87.859,135.747,23.914,Roll
1.397,0.002,1.235,-160.344,286.685,94.421,Roll
0.917,-0.034,0.621,-182.298,286.685,180.941,Roll
0.184,0.287,0.518,-82.189,286.685,176.120,Roll
0.064,0.020,0.515,-43.059,286.685,138.337,Roll
-0.109,-0.285,0.751,-169.969,286.685,130.279,Roll
-0.751,-0.473,0.353,-232.663,286.685,114.537,Roll
-0.947,-0.450,0.312,-139.598,208.469,21.000,Roll
-0.838,-0.544,0.070,-119.298,-41.256,-90.562,Roll
-0.703,-0.498,0.138,-59.089,-232.304,-147.717,Roll
-0.280,-0.207,0.159,-15.050,-286.685,-205.958,Roll
-0.592,-0.344,0.143,108.124,-286.685,-171.491,Roll
-0.324,-0.448,0.115,276.797,-286.685,-268.179,Roll
0.996,0.251,0.653,286.685,-286.685,-200.848,Roll
1.159,0.129,1.191,285.233,-286.685,-53.856,Roll
1.279,-0.147,1.094,115.588,-286.685,-16.669,Roll
1.123,-0.293,0.444,49.254,-253.041,34.956,Roll
0.911,-0.226,0.739,71.304,-80.614,44.730,Roll
0.941,-0.220,1.082,-31.833,117.040,26.040,Roll
1.423,-0.307,1.561,-92.908,277.506,74.314,Roll
1.021,-0.203,0.553,-147.691,286.685,161.341,Roll
0.608,0.018,0.615,-37.170,286.685,137.016,Roll
0.336,-0.055,0.520,17.465,286.685,94.649,Roll
-0.052,-0.204,0.457,60.804,286.685,67.533,Roll
-0.611,-0.434,0.436,121.966,286.685,23.354,Roll
-0.914,-0.379,0.363,42.717,284.611,-34.606,Roll
-1.141,-0.511,0.283,33.206,53.725,-53.856,Roll
-0.977,-0.529,0.315,-3.168,-184.870,-44.765,Roll
-0.755,-0.210,0.324,-63.044,-286.685,-39.165,Roll
-0.308,0.035,0.284,-76.177,-286.685,-54.985,Roll
0.469,-0.079,0.488,82.600,-286.685,-137.095,Roll
1.128,-0.201,0.571,204.041,-286.685,-136.220,Roll
0.871,0.014,1.134,279.081,-286.685,-32.629,Roll
0.994,-0.057,1.305,54.548,-286.589,-23.048,Roll
1.775,-0.415,1.129,-71.496,-70.971,-74.130,Roll
1.734,-0.451,0.788,-113.636,206.553,-5.626,Roll
1.107,-0.146,0.763,-104.948,286.685,42.919,Roll
1.087,0.027,1.074,-138.320,286.685,150.430,Roll
0.416,0.154,0.519,-165.786,286.685,207.900,Roll
0.138,-0.254,0.176,-15.470,286.685,152.574,Roll
-0.085,-0.134,0.408,80.754,286.685,118.335,Roll
-0.627,-0.318,0.386,141.881,286.685,67.366,Roll
-1.035,-0.401,0.431,87.491,286.685,-21.472,Roll
-1.145,-0.372,0.189,59.474,89.574,-64.041,Roll
-0.876,-0.474,0.129,37.109,-121.109,-69.974,Roll
-0.460,-0.440,0.300,-16.555,-286.685,-49.306,Roll
-0.517,-0.202,0.524,-58.371,-286.685,-54.162,Roll
-0.142,-0.122,0.497,1.426,-286.685,-76.895,Roll
0.318,-0.089,0.582,150.798,-286.685,-115.220,Roll
0.899,0.104,0.600,252.438,-286.685,-117.294,Roll
1.124,-0.033,1.781,228.699,-286.685,-9.581,Roll
0.707,-0.046,0.513,3.351,-255.421,9.905,Roll
1.100,-0.074,0.716,23.354,-121.546,-17.868,Roll
1.170,-0.212,1.008,-61.749,110.574,-27.930,Roll
1.796,-0.307,1.065,-127.838,273.490,19.513,Roll
1.097,0.088,0.991,-142.441,286.685,102.856,Roll
0.463,0.166,0.807,-159.635,286.685,120.059,Roll
0.292,-0.049,0.627,-129.570,286.685,99.671,Roll
0.156,-0.244,0.442,-64.540,286.685,68.399,Roll
-0.328,-0.307,0.216,43.374,286.685,29.356,Roll
-0.800,-0.389,0.500,58.809,286.685,1.803,Roll
-1.208,-0.384,0.129,10.754,230.116,-71.610,Roll
-1.066,-0.544,0.078,34.501,-21.192,-66.658,Roll
-0.716,-0.512,0.172,57.295,-286.388,-51.555,Roll
-0.508,-0.266,0.182,-51.214,-286.685,-24.798,Roll
-0.213,-0.067,0.128,20.195,-286.685,-50.365,Roll
0.156,-0.035,0.486,137.550,-286.685,-46.428,Roll
0.770,-0.189,0.743,261.240,-286.685,-33.127,Roll
0.998,0.087,0.982,286.274,-286.685,63.341,Roll
0.647,0.033,1.263,4.883,-286.668,38.036,Roll
1.003,0.062,0.782,-0.403,-207.349,-59.623,Roll
1.084,-0.223,1.198,22.085,2.642,-73.308,Roll
1.107,-0.090,1.134,-59.211,170.643,-40.749,Roll
1.440,0.044,1.668,-184.292,286.685,70.691,Roll
1.099,0.090,1.208,-241.841,286.685,121.660,Roll
0.495,0.092,0.837,-216.510,286.685,127.872,Roll
0.382,-0.188,0.490,-144.777,286.685,103.766,Roll
-0.068,-0.237,0.259,-8.199,286.685,75.591,Roll
-0.320,-0.296,0.314,38.763,286.685,40.889,Roll
-0.633,-0.517,0.109,3.404,286.685,-2.476,Roll
-0.973,-0.543,-0.081,41.597,137.113,-30.292,Roll
-0.985,-0.597,0.203,112.140,-190.663,-29.715,Roll
-0.816,-0.414,0.125,24.675,-286.685,-7.761,Roll
-0.625,-0.148,0.244,-43.934,-286.685,-21.245,Roll
-0.290,-0.036,0.283,-5.302,-286.685,-68.311,Roll
0.448,-0.059,0.668,140.814,-286.685,-104.484,Roll
1.051,-0.178,0.965,284.349,-286.685,-35.193,Roll
0.982,0.003,1.062,229.967,-286.685,40.731,Roll
0.960,-0.107,1.264,87.544,-285.828,-10.176,Roll
0.948,-0.130,0.775,-27.580,-163.887,-62.615,Roll
1.355,-0.278,1.430,-60.926,69.799,-15.015,Roll
1.330,-0.120,1.115,-139.641,286.256,51.660,Roll
1.147,0.031,1.281,-164.693,286.685,130.279,Roll
0.715,0.082,1.076,-197.925,286.685,192.439,Roll
0.292,-0.238,0.545,-128.826,286.685,156.214,Roll
0.093,-0.219,0.353,11.436,286.685,95.576,Roll
-0.262,-0.291,0.528,78.111,286.685,82.145,Roll
-0.948,-0.381,0.597,116.419,286.685,23.546,Roll
-0.968,-0.372,0.103,35.674,239.085,-89.565,Roll
-0.848,-0.518,-0.036,55.799,-53.865,-111.606,Roll
-0.547,-0.611,-0.016,63.569,-236.154,-88.340,Roll
-0.654,-0.473,0.036,14.674,-286.685,-51.774,Roll
-0.308,-0.252,0.083,25.235,-286.685,-53.585,Roll
0.086,-0.042,0.328,112.971,-286.685,-59.255,Roll
0.509,-0.065,0.796,230.318,-286.685,-50.487,Roll
0.967,-0.108,0.924,286.615,-286.685,-8.278,Roll
0.804,0.167,1.390,244.729,-286.685,21.726,Roll
1.007,0.017,0.701,-8.129,-246.986,-56.569,Roll
1.320,-0.162,1.248,15.269,-102.183,-40.171,Roll
1.499,-0.231,1.107,-45.920,25.821,-18.952,Roll
1.478,-0.108,1.208,-73.745,247.039,20.458,Roll
1.224,0.182,1.433,-162.671,286.685,117.652,Roll
0.898,0.237,1.019,-238.473,286.685,153.283,Roll
0.508,-0.013,0.556,-272.318,286.685,129.815,Roll
0.250,-0.302,0.064,-133.901,286.685,91.175,Roll
-0.376,-0.300,0.095,-1.400,286.685,83.230,Roll
-0.965,-0.513,0.250,43.033,286.685,40.889,Roll
-1.141,-0.447,0.270,49.595,285.784,-28.210,Roll
-0.927,-0.551,-0.118,116.244,25.952,-98.052,Roll
-0.430,-0.579,0.085,98.149,-285.652,-65.844,Roll
-0.513,-0.359,0.218,36.076,-286.685,-34.589,Roll
-0.312,-0.373,0.059,124.434,-286.685,-39.366,Roll
0.492,-0.352,0.623,244.501,-286.685,60.856,Roll
0.695,0.170,0.790,286.685,-286.685,155.015,Roll
0.799,0.257,1.968,213.885,-286.685,206.150,Roll
0.207,0.823,1.230,-126.438,-286.685,57.312,Roll
1.297,-0.440,0.447,-84.166,-260.312,15.969,Roll
1.300,-0.210,1.111,-19.705,-19.364,-5.276,Roll
1.099,-0.116,1.325,-18.909,268.669,-43.374,Roll
0.988,-0.110,1.353,-28.271,286.685,-15.409,Roll
1.009,-0.002,1.276,-127.942,286.685,60.541,Roll
0.216,-0.065,0.462,-158.148,286.685,65.257,Roll
-0.171,-0.089,0.273,-56.131,286.685,25.926,Roll
-0.277,-0.209,0.341,-22.776,286.685,12.565,Roll
-0.700,-0.441,0.570,-10.797,286.685,-2.651,Roll
-1.227,-0.510,0.188,-35.963,219.572,-89.670,Roll
-0.898,-0.514,-0.012,14.464,-124.136,-124.723,Roll
-0.570,-0.518,0.019,31.290,-286.685,-92.628,Roll
-0.484,-0.367,-0.080,21.044,-286.685,-79.975,Roll
-0.067,-0.243,-0.101,114.459,-286.685,-65.450,Roll
0.520,0.062,0.425,231.910,-286.685,-53.620,Roll
1.219,0.098,0.753,284.559,-286.685,-33.609,Roll
1.180,0.053,1.355,230.974,-286.685,-12.416,Roll
0.992,-0.243,0.918,4.226,-286.685,-1.986,Roll
1.227,-0.225,1.077,35.411,-171.167,-23.354,Roll
1.437,-0.315,1.069,-55.860,89.145,-4.209,Roll
1.375,-0.065,1.127,-107.721,284.008,46.506,Roll
1.405,0.049,1.116,-154.577,286.685,113.076,Roll
0.800,-0.114,0.653,-163.004,286.685,173.836,Roll
0.193,0.011,0.203,-69.064,286.685,125.694,Roll
-0.249,-0.131,0.452,46.112,286.685,77.394,Roll
-0.332,-0.176,0.585,37.625,286.685,61.731,Roll
-0.767,-0.366,0.489,42.114,286.685,3.920,Roll
-1.212,-0.416,0.244,-6.475,268.992,-98.368,Roll
-1.006,-0.496,-0.134,28.630,3.273,-127.776,Roll
-0.906,-0.600,-0.168,13.545,-196.744,-91.525,Roll
-0.657,-0.463,0.091,21.962,-286.685,-61.530,Roll
-0.556,-0.284,0.236,7.490,-286.685,-47.985,Roll
-0.071,-0.215,0.363,82.276,-286.685,-56.236,Roll
0.242,-0.173,0.564,168.919,-286.685,-57.199,Roll
0.864,-0.040,0.602,271.066,-286.685,-40.180,Roll
1.030,0.106,0.889,280.079,-286.685,14.105,Roll
0.783,-0.155,1.088,41.195,-286.685,-7.586,Roll
0.976,-0.199,0.592,5.206,-201.731,-31.999,Roll
1.333,-0.237,1.032,-19.871,-52.588,9.275,Roll
1.566,-0.294,0.896,-108.876,193.812,36.216,Roll
1.328,-0.001,0.878,-129.587,286.685,78.505,Roll
0.948,0.036,0.878,-142.712,286.685,146.440,Roll
0.386,0.021,0.730,-153.387,286.685,162.837,Roll
0.145,-0.073,0.562,-73.544,286.685,127.470,Roll
-0.181,-0.231,0.600,11.121,286.685,94.614,Roll
-0.451,-0.326,0.470,27.571,286.685,19.250,Roll
-1.030,-0.417,0.090,10.377,286.685,-56.919,Roll
-1.337,-0.562,-0.038,19.635,165.996,-97.256,Roll
-0.706,-0.543,0.150,-6.431,-158.568,-42.455,Roll
-0.610,-0.540,0.105,-26.915,-286.685,-22.111,Roll
-0.674,-0.512,0.211,-33.924,-286.685,-47.478,Roll
-0.430,-0.213,0.248,-21.175,-286.685,-84.831,Roll
0.121,-0.186,0.378,84.289,-286.685,-105.630,Roll
0.766,-0.208,0.464,173.206,-286.685,-125.930,Roll
0.922,-0.106,0.783,266.228,-286.685,-86.100,Roll
0.713,-0.049,1.185,241.955,-286.685,-58.170,Roll
1.169,-0.178,1.531,-38.465,-197.628,-31.605,Roll
1.660,-0.401,1.033,-142.485,105.595,-18.559,Roll
1.314,-0.205,0.758,-134.689,286.685,64.592,Roll
1.086,-0.196,0.704,-82.661,286.685,114.791,Roll
0.459,0.032,0.813,-45.588,286.685,135.301,Roll
-0.153,-0.053,0.511,-22.636,286.685,93.765,Roll
-0.309,-0.342,0.454,-1.671,286.685,35.158,Roll
-0.274,-0.486,0.374,1.995,286.685,32.305,Roll
-0.701,-0.361,0.188,33.976,286.685,17.920,Roll
-1.022,-0.370,0.091,25.664,197.960,-17.080,Roll
-0.965,-0.478,0.138,14.438,-132.571,5.801,Roll
-0.961,-0.510,0.355,30.993,-286.422,19.460,Roll
-0.813,-0.289,0.474,-24.325,-286.685,16.126,Roll
-0.128,0.031,0.393,-11.419,-286.685,-7.700,Roll
0.205,0.007,0.755,68.232,-286.685,-27.764,Roll
0.472,-0.167,1.010,101.474,-286.685,-38.036,Roll
0.868,-0.182,1.557,38.377,-286.580,-40.136,Roll
1.158,-0.280,1.322,-134.409,-115.596,-50.155,Roll
1.215,-0.433,0.825,-122.360,98.875,-30.415,Roll
0.795,-0.404,0.654,-28.884,286.475,28.954,Roll
0.658,-0.223,0.779,28.936,286.685,70.394,Roll
0.127,0.012,0.811,29.120,286.685,88.743,Roll
-0.396,-0.043,0.509,12.127,286.685,32.673,Roll
-0.485,-0.220,0.458,13.361,286.685,-23.301,Roll
-0.686,-0.318,0.609,7.385,286.685,-2.082,Roll
-1.040,-0.548,0.337,-39.436,143.027,-20.921,Roll
-1.320,-0.567,0.100,-6.860,-175.306,-39.463,Roll
-0.977,-0.431,0.161,7.665,-286.685,-54.250,Roll
-0.127,-0.276,0.288,21.368,-286.685,-53.917,Roll
0.429,-0.134,0.453,162.759,-286.685,21.429,Roll
-0.019,0.196,0.576,37.529,-286.685,129.316,Roll
0.771,-0.101,0.750,54.092,-286.685,-32.664,Roll
0.820,-0.123,1.328,48.834,-286.685,-58.625,Roll
0.977,-0.275,1.028,-23.074,-120.680,-67.060,Roll
1.315,-0.453,1.195,-123.086,169.846,11.725,Roll
1.059,-0.186,0.742,-119.779,286.685,83.501,Roll
0.803,-0.220,0.646,-32.480,286.685,119.368,Roll
0.338,0.013,0.570,72.966,286.685,115.229,Roll
-0.806,0.067,0.156,159.145,286.685,47.408,Roll
-0.843,-0.421,0.998,35.499,286.685,4.121,Roll
-0.920,-0.528,0.784,-33.346,268.774,17.132,Roll
-1.173,-0.366,0.284,-83.457,-33.311,-37.196,Roll
-1.369,-0.223,-0.169,-52.264,-275.529,-59.264,Roll
-0.385,-0.289,0.185,11.524,-286.685,-74.716,Roll
0.286,-0.213,0.653,-18.410,-286.685,33.250,Roll
-0.097,-0.154,0.504,89.539,-286.685,63.210,Roll
0.230,-0.054,0.720,-41.501,-286.685,-8.802,Roll
0.767,-0.161,0.874,108.973,-286.685,-38.710,Roll
0.746,-0.078,1.110,121.853,-286.685,-29.059,Roll
0.789,-0.287,0.973,74.567,-286.685,3.203,Roll
0.706,-0.174,1.225,20.694,-210.656,54.862,Roll
1.567,-0.255,1.510,-138.714,74.410,24.316,Roll
1.746,-0.381,0.927,-209.589,286.685,54.740,Roll
0.937,-0.270,0.305,-142.651,286.685,61.548,Roll
0.264,-0.021,0.599,-64.024,286.685,98.114,Roll
-0.051,-0.246,0.695,-18.305,286.685,68.285,Roll
-0.674,-0.194,0.492,-45.938,286.685,43.208,Roll
-0.415,-0.493,0.771,-66.106,286.685,42.438,Roll
-0.623,-0.692,0.169,-59.701,263.069,10.517,Roll
-0.607,-0.501,0.357,34.283,24.456,-59.456,Roll
-0.673,-0.480,0.310,46.139,-245.061,-57.522,Roll
-0.722,-0.303,0.462,20.177,-286.685,-73.010,Roll
-0.594,-0.272,0.381,-67.996,-286.685,-67.603,Roll
0.010,-0.207,0.597,149.415,-286.685,-103.136,Roll
0.482,-0.216,0.815,246.890,-286.685,-49.814,Roll
0.783,-0.066,0.921,136.255,-286.685,-4.279,Roll
0.774,-0.161,1.124,64.855,-286.685,-26.740,Roll
0.932,-0.327,1.053,-24.028,-215.469,-44.748,Roll
1.269,-0.460,1.103,-48.624,30.021,-28.927,Roll
1.092,-0.408,0.931,-91.691,278.189,7.726,Roll
0.946,-0.108,0.994,-112.971,286.685,39.454,Roll
0.832,0.038,0.758,-107.564,286.685,103.661,Roll
0.172,-0.386,0.419,-93.152,286.685,91.866,Roll
-0.170,-0.467,0.317,-18.716,286.685,142.625,Roll
-0.541,-0.358,0.587,1.076,286.685,112.551,Roll
-0.887,-0.320,0.580,15.216,286.440,95.034,Roll
-0.814,-0.437,0.548,4.454,154.648,21.324,Roll
-0.717,-0.456,0.386,35.770,-58.923,-11.559,Roll
-0.684,-0.458,0.398,69.545,-232.286,-19.521,Roll
-0.456,-0.289,0.819,39.629,-286.685,-33.626,Roll
-0.438,-0.190,0.371,-34.335,-286.685,-17.631,Roll
0.241,-0.043,0.282,133.726,-286.685,7.674,Roll
0.694,0.110,0.886,261.730,-286.685,29.470,Roll
0.944,-0.014,1.508,206.404,-286.685,59.255,Roll
0.627,0.397,0.721,-23.695,-285.810,10.264,Roll
0.877,-0.353,0.929,6.589,-110.679,-61.127,Roll
0.909,-0.225,0.857,-62.046,-25.532,-1.225,Roll
1.379,-0.252,1.179,-133.744,184.634,-20.484,Roll
1.328,-0.013,1.260,-156.572,286.685,-14.866,Roll
0.570,0.053,0.910,-211.872,286.685,37.879,Roll
0.395,-0.146,0.683,-215.250,286.685,72.319,Roll
-0.105,-0.270,0.272,-113.426,286.685,46.244,Roll
-0.082,-0.489,0.501,-40.373,286.685,96.224,Roll
-0.649,-0.432,0.554,4.104,286.685,72.275,Roll
-0.595,-0.522,0.553,1.942,237.011,23.817,Roll
-0.556,-0.462,0.162,17.483,67.454,-36.951,Roll
-0.565,-0.434,0.544,44.923,-209.160,-53.174,Roll
-0.824,-0.371,0.344,-79.564,-286.685,-52.447,Roll
-0.383,-0.181,0.309,93.152,-286.685,-65.643,Roll
0.185,-0.144,0.860,205.721,-286.685,-38.903,Roll
0.577,0.023,1.047,286.685,-286.685,-19.442,Roll
0.737,0.170,1.260,240.170,-286.685,2.774,Roll
0.715,-0.136,1.026,36.321,-286.685,-19.968,Roll
1.233,-0.219,1.041,-0.761,-229.705,-26.749,Roll
0.982,-0.134,0.648,0.061,-29.208,-44.625,Roll
1.038,-0.099,1.072,-47.609,66.876,-40.784,Roll
1.179,-0.067,1.328,-258.247,274.943,29.339,Roll
1.183,-0.067,1.063,-286.685,286.685,86.747,Roll
0.647,-0.165,0.548,-261.984,286.685,157.133,Roll
0.541,-0.169,0.331,-147.919,286.685,168.788,Roll
-0.200,-0.161,0.449,-19.968,286.685,156.275,Roll
-0.532,-0.444,0.653,0.149,286.685,131.766,Roll
-0.786,-0.391,0.673,104.781,286.685,65.205,Roll
-0.873,-0.644,0.251,57.496,84.438,-14.087,Roll
-0.690,-0.509,0.139,29.208,-205.363,10.649,Roll
-0.403,-0.357,0.093,10.465,-286.685,9.870,Roll
-0.456,-0.235,0.502,54.810,-286.685,-12.836,Roll
-0.264,-0.050,0.712,92.549,-286.685,-34.807,Roll
0.053,0.206,1.086,266.997,-286.685,-29.111,Roll
0.342,0.174,1.049,273.367,-286.685,-22.391,Roll
0.737,0.128,1.410,174.615,-286.685,-25.130,Roll
1.016,0.029,0.795,73.692,-277.672,-23.555,Roll
1.155,-0.056,1.006,28.324,-188.125,-38.290,Roll
1.366,-0.027,0.950,-28.359,-126.158,-18.104,Roll
0.724,-0.017,0.864,-75.215,3.062,25.086,Roll
1.245,-0.046,1.689,-262.754,266.306,56.735,Roll
1.098,-0.090,0.864,-286.685,286.685,112.875,Roll
0.726,-0.030,0.348,-271.793,286.685,136.316,Roll
0.400,-0.026,0.218,-126.647,286.685,119.910,Roll
0.229,-0.342,0.353,41.107,286.685,101.728,Roll
-0.785,-0.402,0.470,90.309,286.685,28.560,Roll
-0.902,-0.387,0.432,33.057,286.615,-42.420,Roll
-1.067,-0.543,0.035,26.495,97.107,-78.942,Roll
-0.690,-0.528,0.166,3.447,-192.841,-39.130,Roll
-0.684,-0.276,0.371,-43.409,-286.685,-24.710,Roll
-0.630,-0.236,0.521,-44.660,-286.685,-51.879,Roll
-0.056,-0.339,0.624,19.994,-286.685,-78.872,Roll
0.484,-0.141,0.664,237.239,-286.685,-109.445,Roll
0.881,0.072,1.085,286.685,-286.685,-55.178,Roll
0.627,-0.021,1.496,247.240,-286.685,18.970,Roll
0.675,-0.113,0.845,47.688,-282.004,-6.291,Roll
1.133,-0.107,1.018,17.876,-188.930,-11.672,Roll
1.415,-0.135,1.125,-159.381,116.707,3.981,Roll
1.344,0.032,1.230,-215.399,286.685,75.346,Roll
1.351,0.022,1.024,-286.160,286.685,168.569,Roll
0.626,-0.145,0.277,-245.035,286.685,214.734,Roll
0.163,-0.140,0.067,-76.335,286.685,172.261,Roll
-0.308,-0.335,0.204,69.090,286.685,159.967,Roll
-0.626,-0.360,0.336,108.132,286.685,92.488,Roll
-0.831,-0.331,0.338,68.206,225.951,48.484,Roll
-1.308,-0.424,0.247,27.851,-31.001,22.479,Roll
-1.154,-0.208,0.282,-63.254,-286.046,52.833,Roll
-0.820,-0.112,0.405,-122.614,-286.685,3.955,Roll
-0.386,-0.097,0.498,-53.987,-286.685,-47.513,Roll
0.305,-0.174,0.325,22.890,-286.685,-113.776,Roll
0.873,-0.048,0.816,247.826,-286.685,-94.622,Roll
0.803,-0.158,1.530,130.235,-286.685,-60.042,Roll
0.675,-0.217,0.535,6.414,-286.685,-41.921,Roll
1.031,-0.167,0.931,34.650,-245.411,-55.353,Roll
1.419,-0.315,1.051,-35.735,-12.539,-20.580,Roll
1.083,-0.076,1.109,-78.505,188.072,36.540,Roll
1.557,-0.077,1.341,-203.464,286.685,76.921,Roll
1.195,-0.110,0.544,-230.720,286.685,162.951,Roll
0.605,-0.109,-0.002,-32.856,286.685,152.486,Roll
0.118,-0.273,-0.027,92.382,286.685,94.798,Roll
-0.492,-0.165,0.444,170.546,286.685,75.775,Roll
-1.087,-0.180,0.444,94.622,286.685,15.619,Roll
-1.334,-0.403,0.242,60.865,193.384,5.320,Roll
-1.130,-0.412,0.041,-3.001,-121.730,38.211,Roll
-0.931,-0.178,0.147,-57.592,-284.480,61.049,Roll
-0.960,0.101,0.520,-155.549,-286.685,9.450,Roll
-0.266,-0.257,0.437,-153.335,-286.685,-64.584,Roll
0.192,-0.199,0.735,-15.733,-286.685,-111.851,Roll
0.475,-0.057,0.765,179.830,-286.685,-136.658,Roll
0.775,-0.212,1.046,186.191,-286.685,-72.546,Roll
0.527,-0.235,0.687,9.660,-286.685,-23.538,Roll
0.966,-0.171,0.483,4.918,-286.685,-44.686,Roll
1.518,-0.414,1.021,-15.995,-123.331,-23.949,Roll
1.408,-0.320,0.661,-72.826,93.914,45.272,Roll
1.370,-0.146,0.982,-97.466,286.685,110.836,Roll
1.142,-0.171,0.718,-164.911,286.685,169.286,Roll
0.585,-0.122,0.525,-111.598,286.685,183.251,Roll
0.320,-0.091,0.470,-56.341,286.685,152.880,Roll
0.010,-0.418,0.413,3.859,286.685,135.310,Roll
-0.640,-0.342,0.484,108.378,286.685,91.298,Roll
-1.191,-0.292,0.379,94.570,286.318,5.714,Roll
-1.202,-0.351,0.308,50.094,84.796,-46.016,Roll
-1.033,-0.442,0.043,16.091,-113.908,-32.856,Roll
-0.782,-0.279,0.365,-39.603,-286.685,-8.908,Roll
-0.487,-0.207,0.409,-110.329,-286.685,-49.271,Roll
0.146,-0.033,0.401,51.354,-286.685,-106.164,Roll
0.531,-0.059,0.548,202.519,-286.685,-119.735,Roll
0.667,0.012,0.898,220.535,-286.685,-95.707,Roll
0.989,0.037,0.715,48.011,-286.685,-59.237,Roll
1.349,-0.267,0.873,56.893,-274.190,-92.496,Roll
1.458,-0.287,0.897,19.513,-42.158,-65.100,Roll
1.043,-0.297,0.727,-16.888,135.117,-35.612,Roll
1.224,-0.068,1.173,-103.959,286.510,24.036,Roll
1.180,0.054,1.083,-230.195,286.685,91.315,Roll
0.859,-0.025,0.721,-224.516,286.685,140.936,Roll
0.620,-0.106,0.484,-170.791,286.685,154.262,Roll
0.139,-0.293,0.620,-43.339,286.685,163.555,Roll
-0.508,-0.195,0.786,-20.055,286.685,110.329,Roll
-0.829,-0.170,0.544,-9.354,286.685,18.454,Roll
-1.031,-0.357,0.014,12.285,286.685,-32.454,Roll
-1.040,-0.610,-0.170,26.022,29.015,-71.103,Roll
-1.013,-0.482,-0.276,14.735,-238.245,-76.431,Roll
-0.860,-0.357,-0.111,-30.642,-286.685,-72.188,Roll
-0.474,-0.208,-0.030,-36.601,-286.685,-110.723,Roll
0.247,-0.159,0.471,92.794,-286.685,-143.824,Roll
0.659,0.006,0.820,286.668,-286.685,-133.901,Roll
0.841,0.054,0.924,286.519,-286.685,-60.130,Roll
0.858,0.025,1.218,108.482,-286.685,-0.175,Roll
0.944,-0.054,0.646,28.691,-286.685,-46.279,Roll
1.341,-0.352,0.968,29.558,-204.216,-31.903,Roll
1.358,-0.343,1.034,-72.424,99.934,-21.779,Roll
1.363,0.011,1.160,-150.447,286.685,41.283,Roll
1.503,0.091,1.090,-226.607,286.685,101.272,Roll
0.823,-0.005,0.525,-211.479,286.685,133.315,Roll
0.326,-0.127,0.479,-157.474,286.685,116.988,Roll
0.081,-0.255,0.517,-108.456,286.685,114.686,Roll
-0.310,-0.344,0.350,-75.556,286.685,99.566,Roll
-0.787,-0.334,-0.010,-24.903,286.685,57.531,Roll
-1.169,-0.449,-0.035,-1.033,206.579,23.083,Roll
-1.121,-0.590,-0.053,43.120,-143.579,-1.986,Roll
-0.850,-0.440,0.024,22.636,-286.685,-2.389,Roll
-0.741,-0.238,0.154,-55.755,-286.685,-51.861,Roll
-0.129,-0.093,0.444,63.822,-286.685,-121.826,Roll
0.688,-0.163,0.498,226.879,-286.685,-165.139,Roll
0.856,-0.065,1.047,286.562,-286.685,-94.561,Roll
0.633,-0.088,0.713,136.404,-286.685,-46.638,Roll
0.871,0.020,0.591,76.842,-286.685,-84.201,Roll
1.589,-0.263,1.434,-55.729,-170.879,-77.324,Roll
1.695,-0.324,0.785,-121.240,111.694,-5.591,Roll
1.386,-0.089,0.941,-96.058,286.668,42.726,Roll
1.264,0.039,1.163,-172.235,286.685,96.145,Roll
0.928,0.024,0.819,-256.104,286.685,166.574,Roll
0.473,-0.101,0.414,-188.755,286.685,144.708,Roll
0.244,-0.270,0.192,-115.841,286.685,129.885,Roll
-0.156,-0.291,0.130,-38.535,286.685,133.464,Roll
-0.817,-0.528,0.166,27.361,286.685,96.670,Roll
-1.228,-0.329,0.100,44.179,278.731,-3.693,Roll
-0.961,-0.609,-0.172,73.579,-51.643,-46.524,Roll
-0.599,-0.550,-0.099,63.018,-276.894,-34.353,Roll
-0.684,-0.321,0.178,-8.505,-286.685,-20.825,Roll
-0.385,-0.164,0.196,12.250,-286.685,-74.104,Roll
0.493,-0.084,0.381,237.851,-286.685,-92.164,Roll
1.049,0.024,0.845,286.685,-286.685,-43.059,Roll
0.957,0.253,1.282,244.458,-286.685,38.404,Roll
0.826,-0.072,0.393,-26.469,-286.685,-25.891,Roll
1.997,-0.478,1.538,-68.906,-180.749,-98.473,Roll
1.354,-0.541,0.592,-112.831,-2.529,-46.270,Roll
1.262,-0.365,0.535,-22.260,223.064,-8.374,Roll
1.272,0.092,1.005,-96.574,286.685,73.106,Roll
1.078,0.037,1.190,-168.980,286.685,150.325,Roll
0.652,-0.026,0.943,-182.289,286.685,177.292,Roll
0.422,-0.150,0.636,-183.514,286.685,170.940,Roll
0.385,-0.416,0.428,-112.026,286.685,159.967,Roll
-0.204,-0.518,-0.028,12.224,286.685,114.940,Roll
-0.714,-0.246,0.276,87.509,286.685,8.102,Roll
-1.013,-0.320,0.157,56.429,286.011,-33.250,Roll
-0.692,-0.495,-0.073,40.022,31.404,-61.390,Roll
-0.584,-0.479,0.155,68.372,-265.422,-34.213,Roll
-0.809,-0.342,0.328,-26.337,-286.685,-11.174,Roll
-0.591,-0.296,0.156,-67.848,-286.685,-73.754,Roll
0.103,-0.035,0.406,86.441,-286.685,-150.736,Roll
0.760,-0.106,0.953,286.685,-286.685,-94.430,Roll
0.940,-0.049,1.091,255.509,-286.685,-9.922,Roll
0.951,0.034,1.496,116.533,-286.685,-19.058,Roll
1.267,-0.362,1.291,-49.840,-155.523,-58.634,Roll
1.239,-0.389,0.981,-88.935,46.760,-10.167,Roll
1.081,-0.140,1.019,-100.380,232.269,21.516,Roll
1.292,-0.125,1.202,-152.486,286.685,102.034,Roll
0.991,-0.139,0.984,-164.447,286.685,126.604,Roll
0.485,-0.170,0.568,-178.027,286.685,102.384,Roll
0.198,-0.238,0.504,-135.844,286.685,107.607,Roll
0.064,-0.360,0.284,-122.684,286.685,109.209,Roll
-0.587,-0.607,0.156,-59.491,286.685,98.726,Roll
-1.023,-0.438,0.257,-23.686,279.816,12.198,Roll
-0.906,-0.638,-0.107,11.953,-15.260,-66.544,Roll
-0.639,-0.521,0.133,9.721,-283.640,-47.609,Roll
-0.799,-0.516,0.080,21.569,-286.685,-56.298,Roll
-0.565,-0.292,0.137,39.620,-286.685,-106.103,Roll
0.164,-0.233,0.265,191.144,-286.685,-139.230,Roll
0.705,-0.075,0.765,277.812,-286.685,-94.885,Roll
1.028,0.034,0.898,199.316,-286.685,-34.326,Roll
0.800,0.024,0.861,136.325,-286.685,-50.452,Roll
1.356,-0.360,0.968,30.468,-279.904,-84.866,Roll
1.476,-0.376,0.797,6.379,-69.641,-46.646,Roll
1.212,-0.283,0.822,-6.116,150.780,-7.884,Roll
1.365,-0.097,1.191,-59.150,279.151,28.455,Roll
1.205,-0.077,1.177,-208.679,286.685,116.900,Roll
0.717,-0.074,0.553,-226.879,286.685,164.290,Roll
0.211,-0.167,0.230,-118.177,286.685,160.107,Roll
0.153,-0.377,0.389,-40.749,286.685,164.185,Roll
-0.312,-0.353,0.502,31.552,286.685,141.768,Roll
-0.774,-0.305,0.331,64.986,286.685,43.111,Roll
-0.939,-0.329,0.034,110.302,140.122,-31.561,Roll
-1.126,-0.616,0.404,119.910,-39.165,-41.781,Roll
-0.898,-0.302,0.265,-21.936,-286.606,-20.090,Roll
-0.950,-0.176,0.450,-131.268,-286.685,-29.059,Roll
-0.171,-0.337,0.093,-99.505,-286.685,-94.027,Roll
0.649,-0.040,0.584,216.396,-286.685,-151.821,Roll
0.833,-0.062,0.822,277.646,-286.685,-100.039,Roll
0.708,-0.242,0.902,149.144,-286.685,-50.724,Roll
1.099,-0.307,0.953,58.678,-286.685,-48.291,Roll
1.123,-0.271,0.836,19.871,-134.706,-16.336,Roll
1.183,-0.276,0.970,-10.246,91.604,3.351,Roll
1.002,-0.128,1.070,-63.079,221.988,26.688,Roll
1.331,-0.128,1.057,-191.739,286.685,64.855,Roll
0.962,-0.130,0.708,-184.896,286.685,100.091,Roll
0.157,-0.065,0.383,-74.786,286.685,66.999,Roll
0.191,-0.234,0.492,-11.559,286.685,29.190,Roll
-0.371,-0.298,0.616,-80.491,286.685,24.124,Roll
-0.664,-0.542,0.645,-134.190,286.589,40.565,Roll
-1.003,-0.622,0.297,-83.046,105.997,-24.229,Roll
-0.847,-0.515,0.108,-21.420,-109.655,-54.504,Roll
-0.904,-0.396,0.234,-49.831,-286.685,-35.131,Roll
-0.295,-0.528,0.101,-25.314,-286.685,-80.596,Roll
-0.263,-0.331,0.595,152.285,-286.685,-107.249,Roll
0.258,-0.171,0.514,240.117,-286.685,-82.372,Roll
0.804,-0.052,0.607,286.685,-286.685,-64.094,Roll
0.870,0.017,0.839,286.685,-286.685,-57.838,Roll
0.925,-0.103,0.916,102.944,-286.685,-31.544,Roll
1.199,-0.048,1.018,26.845,-221.156,-42.219,Roll
1.326,-0.275,0.729,-33.556,-11.874,-64.173,Roll
1.263,-0.240,0.714,-16.048,116.349,-60.322,Roll
1.234,-0.019,1.052,-102.113,274.566,-5.714,Roll
1.104,0.054,1.136,-175.962,286.685,59.141,Roll
0.834,-0.013,1.010,-176.697,286.685,29.951,Roll
0.604,-0.066,0.670,-225.890,286.685,58.327,Roll
0.259,-0.126,0.668,-261.161,286.685,121.844,Roll
-0.129,-0.320,0.481,-230.746,286.685,173.845,Roll
-0.725,-0.489,0.059,-137.988,286.685,168.595,Roll
-0.904,-0.517,0.309,6.501,226.415,68.092,Roll
-0.863,-0.520,0.086,3.246,91.989,1.697,Roll
-0.687,-0.454,-0.133,46.699,-164.911,-30.144,Roll
-0.796,-0.388,0.104,76.738,-286.685,-27.711,Roll
-0.377,-0.235,0.583,107.424,-286.685,-64.846,Roll
-0.078,-0.213,0.543,91.000,-286.685,-46.419,Roll
0.522,-0.155,0.768,176.829,-286.685,-47.022,Roll
0.889,-0.130,1.084,189.446,-286.685,-46.891,Roll
0.751,0.020,1.124,74.279,-286.685,-28.446,Roll
1.125,-0.236,0.985,-42.210,-258.414,-48.886,Roll
1.294,-0.344,0.889,-59.115,-123.095,-57.566,Roll
1.041,-0.348,0.699,-4.095,34.116,-80.010,Roll
1.032,-0.145,0.934,-7.210,171.614,-51.520,Roll
1.121,-0.154,1.059,-114.730,286.685,-13.606,Roll
0.680,0.099,1.108,-148.356,286.685,-7.674,Roll
0.618,0.099,0.640,-261.931,286.685,-27.667,Roll
0.199,-0.234,0.483,-258.825,286.685,29.907,Roll
-0.201,-0.343,0.140,-224.893,286.685,96.714,Roll
-0.480,-0.549,0.190,-128.511,286.685,124.136,Roll
-0.720,-0.613,0.497,3.360,243.259,64.566,Roll
-0.610,-0.543,0.177,8.802,54.364,-5.224,Roll
-0.687,-0.407,0.109,5.661,-171.491,-62.160,Roll
-0.848,-0.410,0.413,47.801,-285.854,-105.368,Roll
-0.399,-0.378,0.657,165.952,-286.685,-110.740,Roll
0.008,-0.130,0.711,276.325,-286.685,-100.135,Roll
0.641,-0.063,0.852,286.685,-286.685,-48.746,Roll
0.940,0.247,1.189,286.685,-286.685,25.646,Roll
0.725,0.242,1.114,34.659,-286.685,14.219,Roll
1.240,-0.208,0.873,13.248,-275.258,-30.914,Roll
1.337,-0.163,0.904,-58.861,-37.643,-31.106,Roll
1.282,-0.317,0.907,-113.067,198.992,-16.074,Roll
1.101,-0.065,1.037,-170.984,286.685,26.101,Roll
0.858,0.184,1.161,-254.459,286.685,56.936,Roll
0.575,-0.083,0.755,-238.665,286.685,51.126,Roll
0.197,-0.222,0.442,-213.430,286.685,132.711,Roll
-0.031,-0.233,0.422,-116.882,286.685,122.658,Roll
-0.455,-0.403,0.099,-44.004,286.685,107.188,Roll
-0.755,-0.597,0.288,33.906,286.545,38.981,Roll
-0.749,-0.575,0.152,-29.566,85.277,-29.540,Roll
-0.603,-0.493,0.129,33.915,-252.901,-44.643,Roll
-0.529,-0.413,0.007,73.824,-286.685,-62.632,Roll
-0.272,-0.244,0.638,18.935,-286.685,-48.606,Roll
0.019,-0.163,0.448,92.864,-286.685,-98.385,Roll
0.899,0.025,1.042,286.685,-286.685,-85.400,Roll
0.790,0.033,1.969,252.753,-286.685,-30.188,Roll
0.726,-0.254,1.013,-5.880,-286.685,-11.060,Roll
0.776,-0.007,0.952,-14.507,-220.246,-35.726,Roll
1.565,-0.369,1.199,-89.775,49.901,-28.919,Roll
1.399,-0.213,1.002,-128.231,282.739,15.496,Roll
1.067,0.020,0.992,-154.945,286.685,60.865,Roll
0.667,0.028,0.690,-200.340,286.685,90.650,Roll
0.248,-0.156,0.247,-165.751,286.685,154.227,Roll
-0.062,-0.183,0.233,-143.526,286.685,167.484,Roll
-0.482,-0.504,-0.086,-107.065,286.685,197.242,Roll
-0.908,-0.415,0.578,41.834,259.061,137.182,Roll
-1.081,-0.344,0.468,72.223,13.248,4.847,Roll
-0.848,-0.345,0.360,18.874,-284.086,-65.275,Roll
-0.552,-0.226,0.587,17.430,-286.685,-93.537,Roll
-0.220,-0.269,0.658,-5.066,-286.685,-76.729,Roll
-0.058,0.020,0.528,10.745,-286.685,-137.620,Roll
0.856,-0.171,0.683,240.249,-286.685,-114.415,Roll
0.822,-0.034,1.476,165.541,-286.685,-36.173,Roll
0.845,-0.302,1.122,-6.659,-283.001,-8.417,Roll
1.571,-0.346,1.180,-83.895,-37.888,10.430,Roll
1.196,-0.439,0.661,-128.126,266.411,40.381,Roll
0.858,-0.072,0.626,-65.152,286.685,73.832,Roll
0.682,-0.019,0.900,-24.920,286.685,132.982,Roll
0.131,-0.149,0.702,-87.386,286.685,89.268,Roll
-0.347,-0.300,0.634,-74.550,286.685,55.143,Roll
-0.535,-0.366,0.690,-28.735,286.685,22.479,Roll
-0.865,-0.427,0.526,0.752,281.540,-13.536,Roll
-0.786,-0.510,0.260,-17.272,65.249,-86.161,Roll
-0.657,-0.520,0.243,50.138,-240.354,-74.384,Roll
-0.221,-0.423,0.369,59.526,-286.685,-47.539,Roll
-0.087,-0.270,0.476,59.684,-286.685,-22.942,Roll
0.198,0.068,0.634,113.916,-286.685,4.970,Roll
0.837,-0.175,0.795,200.725,-286.685,-9.573,Roll
0.630,-0.124,1.286,192.307,-286.685,18.279,Roll
0.822,-0.247,0.846,-7.753,-248.754,-8.890,Roll
1.534,-0.496,0.989,-34.816,45.824,-38.351,Roll
0.770,-0.474,0.832,-54.057,285.469,-47.766,Roll
0.762,0.097,1.228,-22.225,286.685,-46.007,Roll
0.874,0.126,1.506,-113.374,286.685,14.560,Roll
-0.102,-0.107,0.689,-130.891,286.685,73.281,Roll
-0.518,-0.304,0.750,-32.419,286.685,49.534,Roll
-0.670,-0.341,0.609,-55.545,286.685,71.575,Roll
-0.696,-0.459,0.295,-55.055,174.370,31.946,Roll
-0.823,-0.487,0.151,-5.644,24.684,-25.401,Roll
-0.917,-0.443,0.057,25.331,-266.052,-49.647,Roll
-0.029,-0.280,0.033,141.286,-286.685,-67.944,Roll
-0.091,-0.110,0.758,164.518,-286.685,24.343,Roll
0.200,-0.110,0.993,161.245,-286.685,59.911,Roll
-0.210,0.892,1.184,-7.884,-286.685,117.933,Roll
0.514,-0.418,0.648,-41.326,-286.685,10.999,Roll
1.102,-0.151,1.467,6.659,-166.924,-1.496,Roll
1.359,-0.420,1.288,-60.226,27.247,-18.917,Roll
0.966,-0.427,0.953,-85.724,286.003,8.181,Roll
0.790,0.198,1.122,-95.174,286.685,16.196,Roll
0.067,-0.080,0.489,-57.234,286.685,0.105,Roll
-0.275,-0.223,0.670,-38.080,286.685,-13.983,Roll
-0.469,-0.483,0.535,-57.479,286.685,16.476,Roll
-0.768,-0.451,0.449,-48.764,70.805,11.392,Roll
-1.502,-0.582,0.290,-49.411,-246.225,2.905,Roll
-0.734,-0.479,-0.116,-46.165,-286.685,-24.981,Roll
0.017,-0.320,0.490,9.222,-286.685,-18.462,Roll
0.286,0.136,0.367,21.333,-286.685,-77.516,Roll
1.151,-0.396,0.703,130.454,-286.685,-154.516,Roll
0.459,-0.022,1.371,87.806,-286.685,-60.489,Roll
1.236,-0.341,1.226,-35.061,-208.775,-69.405,Roll
1.445,-0.578,0.956,-82.241,121.695,-14.403,Roll
0.962,-0.405,0.849,-60.961,286.685,45.482,Roll
0.927,0.359,1.175,-58.572,286.685,142.625,Roll
0.595,0.090,0.173,-90.090,286.685,173.556,Roll
-0.556,-0.358,0.247,0.009,286.685,173.574,Roll
-0.755,-0.360,0.518,31.456,280.936,146.598,Roll
-1.145,-0.297,0.658,-23.573,-20.081,66.465,Roll
-1.402,-0.165,0.062,-106.811,-220.518,-0.210,Roll
-0.448,-0.337,-0.017,-27.790,-286.685,-86.984,Roll
-0.107,0.116,1.293,163.144,-286.685,-101.132,Roll
0.095,-0.114,0.849,-120.872,-286.685,-107.984,Roll
0.676,-0.253,0.912,15.015,-286.685,-149.258,Roll
0.834,-0.474,0.971,106.137,-286.685,-82.040,Roll
0.676,-0.191,1.383,9.319,-284.533,-29.706,Roll
1.358,-0.478,1.416,-83.177,-51.240,12.915,Roll
1.068,-0.403,1.106,-84.035,268.319,76.711,Roll
1.013,-0.049,0.734,-45.579,286.685,168.341,Roll
1.006,0.043,1.035,-111.991,286.685,176.811,Roll
0.060,-0.027,-0.073,-129.587,286.685,235.629,Roll
-0.734,-0.497,0.170,-12.066,286.685,153.440,Roll
-0.979,-0.526,0.332,11.454,165.462,58.135,Roll
-1.115,-0.410,0.484,64.908,-10.517,-34.353,Roll
-0.991,-0.279,0.061,102.349,-260.715,-174.335,Roll
-0.189,-0.196,0.229,185.447,-286.685,-233.485,Roll
-0.169,-0.229,0.580,96.128,-286.685,-184.905,Roll
0.513,-0.114,0.663,82.548,-286.685,-131.941,Roll
0.806,-0.128,0.685,245.385,-286.685,-99.444,Roll
0.932,-0.114,1.132,128.056,-286.685,-11.944,Roll
1.156,-0.234,1.179,30.109,-276.404,15.514,Roll
1.429,-0.417,1.242,-55.615,36.094,42.289,Roll
1.426,-0.347,1.022,-134.759,286.685,131.084,Roll
1.129,-0.071,0.856,-191.117,286.685,186.602,Roll
0.547,-0.045,0.195,-122.701,286.685,217.560,Roll
-0.105,-0.292,0.219,-14.105,286.685,152.941,Roll
-0.388,-0.328,0.387,-19.294,286.685,93.012,Roll
-0.924,-0.615,0.287,-38.412,286.571,61.276,Roll
-1.003,-0.403,0.346,22.234,151.996,-43.584,Roll
-0.934,-0.507,-0.220,90.291,-156.284,-113.076,Roll
-0.512,-0.371,0.498,223.309,-286.685,-119.254,Roll
-0.780,-0.230,0.662,36.794,-286.685,-76.020,Roll
0.056,-0.126,0.640,21.665,-286.685,-139.230,Roll
0.577,-0.086,0.699,128.179,-286.685,-165.795,Roll
0.707,-0.255,0.721,157.334,-286.685,-149.896,Roll
0.978,-0.004,0.744,169.435,-286.685,-75.661,Roll
1.365,-0.145,1.153,191.599,-282.205,-21.315,Roll
1.161,-0.259,1.196,152.574,-148.803,7.490,Roll
1.197,-0.104,1.143,-89.469,100.161,75.136,Roll
1.602,-0.185,1.069,-187.285,286.580,129.509,Roll
1.104,-0.126,0.769,-131.495,286.685,191.319,Roll
0.541,0.041,0.625,-132.860,286.685,162.190,Roll
0.023,-0.106,0.032,-211.033,286.685,158.515,Roll
-0.171,-0.081,0.040,-169.225,286.685,121.450,Roll
-0.928,-0.858,0.490,-40.495,284.751,133.893,Roll
-0.730,-0.537,0.783,11.025,145.119,79.774,Roll
-0.826,-0.473,0.083,31.859,-73.719,-57.085,Roll
-0.468,-0.410,0.016,147.639,-285.250,-128.651,Roll
-0.127,-0.216,0.436,196.262,-286.685,-128.223,Roll
-0.049,-0.185,0.875,104.615,-286.685,-105.368,Roll
0.349,-0.315,0.440,40.180,-286.685,-104.055,Roll
0.588,0.017,0.871,195.930,-286.685,-110.661,Roll
0.834,-0.102,0.631,171.430,-286.685,-66.098,Roll
1.229,-0.062,1.017,88.445,-286.685,-72.826,Roll
1.706,-0.308,0.934,31.649,-249.393,-86.861,Roll
1.479,-0.287,0.639,2.275,82.162,-21.884,Roll
1.002,-0.337,0.937,-50.278,286.685,79.424,Roll
0.956,0.104,0.973,-168.245,286.685,129.701,Roll
0.887,0.070,1.070,-167.239,286.685,112.945,Roll
-0.054,-0.028,0.291,-109.891,286.685,66.351,Roll
-0.181,-0.418,0.870,-48.720,286.685,36.190,Roll
-0.208,-0.354,0.666,-138.661,285.057,9.310,Roll
-0.561,-0.374,0.498,-127.330,172.366,-19.180,Roll
-0.868,-0.672,0.147,-38.666,-36.759,-65.599,Roll
-0.495,-0.651,0.275,127.391,-270.821,-86.118,Roll
-0.348,-0.701,0.475,39.489,-286.685,-19.757,Roll
0.034,-0.108,0.469,17.456,-286.685,-77.823,Roll
0.158,-0.511,0.461,59.255,-286.685,-63.114,Roll
0.221,-0.221,0.653,131.259,-286.685,-99.636,Roll
0.654,0.044,1.091,253.365,-286.685,-88.769,Roll
1.700,-0.153,1.326,154.901,-262.299,4.349,Roll
1.662,-0.347,0.954,65.082,-104.886,59.255,Roll
1.559,-0.438,0.520,-79.826,85.811,-1.628,Roll
1.198,-0.225,0.973,-25.786,286.650,121.415,Roll
0.961,-0.210,0.847,-66.614,286.685,180.504,Roll
0.428,-0.135,0.797,-24.780,286.685,157.762,Roll
0.147,-0.347,0.588,38.955,286.685,7.954,Roll
0.169,-0.181,0.385,-30.222,286.685,-45.938,Roll
-0.157,-0.355,0.121,-54.644,286.685,-21.858,Roll
-0.533,-0.412,-0.041,15.610,286.685,-21.840,Roll
-1.026,-0.389,0.473,126.814,176.400,-41.545,Roll
-0.903,-0.584,0.388,63.455,-139.423,-29.085,Roll
-0.532,-0.342,0.286,51.949,-286.685,-8.943,Roll
-0.281,-0.315,0.599,95.611,-286.685,26.819,Roll
0.009,-0.171,0.576,226.074,-286.685,70.674,Roll
0.346,-0.119,0.718,286.685,-286.685,132.781,Roll
0.969,0.158,1.036,189.481,-286.685,209.169,Roll
0.594,0.161,1.151,78.382,-286.685,107.914,Roll
0.508,0.534,1.041,-237.842,-286.685,78.225,Roll
1.499,-0.434,1.002,-99.890,-25.996,21.788,Roll
1.001,-0.175,0.922,-24.054,247.012,19.661,Roll
1.121,-0.161,1.190,-1.452,286.685,-12.915,Roll
0.803,0.023,1.294,-81.909,286.685,2.564,Roll
0.475,-0.016,0.670,-91.753,286.685,-28.315,Roll
0.094,-0.205,0.832,-72.030,286.685,-16.214,Roll
-0.343,-0.157,0.458,-57.951,286.685,-44.502,Roll
-0.356,-0.353,0.400,-38.544,286.685,-34.169,Roll
-0.518,-0.359,0.280,-24.439,286.685,-13.536,Roll
-0.937,-0.352,0.326,12.206,161.586,-1.741,Roll
-1.304,-0.509,0.388,-3.124,-160.072,2.074,Roll
-1.003,-0.388,0.339,-4.235,-286.685,-28.551,Roll
0.078,-0.128,0.612,25.191,-286.685,-65.082,Roll
-0.093,-0.080,0.633,123.979,-286.685,-1.418,Roll
-0.171,0.020,0.865,39.585,-286.685,-50.540,Roll
0.684,-0.241,0.293,50.225,-286.685,-30.380,Roll
0.757,-0.015,0.960,151.349,-286.685,-72.109,Roll
1.097,-0.314,0.755,26.854,-285.565,-60.979,Roll
1.222,-0.307,0.844,7.577,-113.636,4.760,Roll
1.449,-0.440,0.961,-51.748,47.941,33.845,Roll
1.451,-0.294,0.706,-51.844,281.348,61.836,Roll
1.074,-0.108,0.824,7.551,286.685,113.461,Roll
0.580,0.101,1.144,-50.776,286.685,131.836,Roll
0.210,-0.112,0.678,-85.103,286.685,139.370,Roll
-0.120,-0.123,0.507,-35.096,286.685,80.535,Roll
-0.542,-0.328,0.380,19.889,286.685,73.246,Roll
-0.627,-0.346,0.447,45.885,280.744,19.259,Roll
-0.901,-0.384,0.379,69.274,162.006,-10.780,Roll
-1.089,-0.397,0.222,75.416,-157.159,-21.105,Roll
-0.637,-0.155,0.108,50.662,-286.685,-50.339,Roll
-0.040,-0.153,0.803,156.170,-286.685,-46.629,Roll
-0.178,0.040,0.671,129.658,-286.685,22.470,Roll
0.269,-0.020,0.873,182.744,-286.685,54.836,Roll
0.050,0.244,0.811,-159.031,-286.685,120.409,Roll
0.809,-0.107,0.310,-56.682,-286.685,-37.800,Roll
1.516,-0.244,1.106,28.884,-280.193,-58.826,Roll
1.300,-0.389,1.035,-3.727,-127.514,-9.783,Roll
1.384,-0.382,0.939,2.783,98.359,9.109,Roll
1.291,-0.130,0.839,-11.734,286.685,55.729,Roll
0.681,-0.129,0.862,-0.105,286.685,84.289,Roll
0.628,0.137,1.113,-19.757,286.685,16.065,Roll
-0.014,0.029,0.555,-47.127,286.685,18.095,Roll
-0.252,-0.111,0.692,-84.613,286.685,29.558,Roll
-0.435,-0.209,0.553,-99.864,286.685,57.750,Roll
-0.742,-0.422,0.429,-44.100,262.045,37.257,Roll
-1.032,-0.343,0.298,-7.026,19.530,-20.003,Roll
-1.084,-0.299,0.311,10.649,-270.078,-48.029,Roll
-0.831,-0.220,0.252,-10.789,-286.685,-82.162,Roll
-0.270,-0.025,0.365,21.306,-286.685,-136.509,Roll
0.184,-0.175,0.721,18.760,-286.685,-99.479,Roll
0.438,-0.197,0.497,59.194,-286.685,-58.494,Roll
0.714,0.022,0.698,65.555,-286.685,-58.091,Roll
0.876,-0.174,0.852,-11.856,-286.685,-123.340,Roll
1.246,-0.311,0.925,23.188,-275.214,-55.256,Roll
1.151,-0.489,0.750,8.908,-48.554,-16.494,Roll
1.254,-0.407,0.744,-30.109,255.080,70.823,Roll
1.199,-0.304,0.875,-22.846,286.685,106.872,Roll
0.928,-0.077,1.358,-38.876,286.685,125.116,Roll
0.456,-0.028,0.997,-139.571,286.685,114.188,Roll
-0.066,-0.228,0.422,-78.916,286.685,71.479,Roll
-0.436,-0.449,0.452,-0.455,286.685,63.140,Roll
-0.644,-0.446,0.493,46.252,286.685,48.344,Roll
-0.918,-0.424,0.544,23.826,147.857,-8.312,Roll
-0.946,-0.466,0.220,24.413,-160.458,-93.581,Roll
-0.584,-0.372,0.166,80.211,-286.685,-124.022,Roll
-0.229,-0.193,0.466,114.923,-286.685,-114.887,Roll
0.022,-0.153,0.569,55.921,-286.685,-73.544,Roll
0.352,-0.269,0.290,120.916,-286.685,-65.503,Roll
0.533,-0.013,0.734,195.344,-286.685,-27.160,Roll
0.809,0.021,0.857,-5.031,-286.685,-64.243,Roll
1.599,-0.283,0.775,-4.830,-261.100,-78.164,Roll
1.290,-0.345,0.983,-6.449,-30.354,-9.748,Roll
1.439,-0.372,0.925,-47.014,210.586,12.889,Roll
1.382,-0.129,0.882,-13.204,286.685,74.497,Roll
0.594,0.188,1.081,-26.574,286.685,105.376,Roll
0.432,0.101,0.839,-84.455,286.685,63.831,Roll
-0.068,-0.250,0.634,-88.007,286.685,50.304,Roll
-0.355,-0.273,0.685,-68.635,286.685,23.721,Roll
-0.589,-0.358,0.684,-64.164,286.353,7.446,Roll
-0.968,-0.441,0.472,-66.981,152.136,-42.630,Roll
-0.751,-0.596,0.168,-65.887,-130.261,-74.979,Roll
-0.509,-0.488,0.168,20.545,-286.685,-58.765,Roll
-0.296,-0.435,0.310,67.830,-286.685,-77.665,Roll
0.242,-0.291,0.571,115.185,-286.685,-81.113,Roll
0.488,-0.068,0.161,121.336,-286.685,-72.747,Roll
0.669,0.113,0.432,186.533,-286.685,-57.531,Roll
0.430,0.031,1.114,208.486,-286.685,-156.048,Roll
1.558,-0.053,0.761,11.191,-227.526,-88.541,Roll
1.458,-0.128,0.719,21.105,73.762,-37.940,Roll
1.256,-0.200,0.713,-30.494,283.622,40.924,Roll
1.101,-0.207,0.842,-11.865,286.685,40.206,Roll
0.573,0.197,1.231,-30.651,286.685,35.893,Roll
0.290,-0.026,1.297,-86.196,286.685,19.259,Roll
-0.145,-0.091,0.969,-118.685,286.685,37.975,Roll
-0.291,-0.089,0.897,-126.079,286.685,10.684,Roll
-0.288,-0.428,0.720,-148.610,286.685,25.130,Roll
-0.636,-0.483,0.375,-80.211,187.294,-1.278,Roll
-0.848,-0.460,0.285,-44.625,11.095,-28.263,Roll
-0.752,-0.507,0.185,-27.247,-238.569,-53.830,Roll
-0.472,-0.522,0.360,30.056,-286.685,-60.357,Roll
-0.090,-0.218,0.822,83.221,-286.685,-81.051,Roll
0.297,-0.199,0.424,60.856,-286.685,-76.116,Roll
0.429,-0.064,0.499,123.375,-286.685,-73.789,Roll
0.668,-0.205,0.934,131.556,-286.685,-103.644,Roll
1.241,-0.165,1.043,-14.429,-262.894,-95.445,Roll
1.308,-0.142,0.853,-19.722,-0.875,0.962,Roll
0.992,-0.351,0.851,-11.550,245.560,98.849,Roll
0.744,-0.541,0.801,-7.114,286.685,101.036,Roll
0.396,-0.094,1.229,-16.809,286.685,48.737,Roll
0.098,0.095,1.056,-71.558,286.685,73.509,Roll
-0.502,-0.314,0.760,-115.448,286.685,49.691,Roll
-0.539,-0.356,0.735,-113.872,286.685,53.944,Roll
-0.599,-0.455,0.391,-69.151,232.286,45.246,Roll
-0.714,-0.486,0.134,-19.618,-2.511,17.176,Roll
-1.009,-0.626,0.032,34.956,-264.530,-4.436,Roll
-0.707,-0.522,0.078,103.512,-286.685,-67.751,Roll
0.155,-0.373,0.236,208.854,-286.685,-72.957,Roll
0.463,-0.044,0.751,250.057,-286.685,-2.896,Roll
0.310,0.508,1.077,30.257,-286.685,140.298,Roll
0.531,-0.023,0.406,-108.360,-286.685,-15.356,Roll
1.415,-0.197,0.883,67.366,-284.839,-115.894,Roll
1.152,-0.150,1.196,62.143,-100.503,-49.744,Roll
1.329,-0.294,1.096,-40.775,108.719,-19.740,Roll
1.077,-0.060,0.961,-59.868,286.685,38.859,Roll
0.581,0.021,1.054,-126.271,286.685,61.031,Roll
0.814,-0.107,1.138,-151.988,286.685,108.246,Roll
-0.044,-0.108,0.681,-167.151,286.685,114.529,Roll
-0.214,-0.334,0.760,-114.380,286.685,64.111,Roll
-0.431,-0.436,0.591,-89.014,286.685,68.915,Roll
-0.484,-0.489,0.464,-84.184,286.641,54.145,Roll
-0.649,-0.604,0.290,-97.562,135.030,-22.173,Roll
-0.842,-0.622,0.063,-15.925,-115.316,-88.961,Roll
-0.561,-0.490,0.167,83.055,-286.685,-155.619,Roll
-0.201,-0.300,0.365,138.180,-286.685,-173.031,Roll
0.035,-0.223,0.390,207.401,-286.685,-154.989,Roll
0.251,-0.154,0.616,225.330,-286.685,-135.809,Roll
0.775,0.030,0.865,211.286,-286.685,-159.005,Roll
0.907,0.135,1.197,12.863,-286.685,-76.484,Roll
1.499,-0.264,0.707,-21.761,-141.706,-34.396,Roll
1.470,-0.282,0.774,0.184,80.334,55.729,Roll
0.969,-0.408,0.867,-9.196,285.897,88.436,Roll
0.516,-0.168,1.144,-47.950,286.685,67.681,Roll
0.719,-0.040,1.428,-126.814,286.685,72.196,Roll
0.201,-0.172,0.938,-189.306,286.685,96.154,Roll
-0.189,-0.185,0.600,-130.760,286.685,99.426,Roll
-0.238,-0.354,0.727,-133.289,286.685,94.815,Roll
-0.506,-0.470,0.321,-81.664,216.694,46.296,Roll
-0.633,-0.567,0.208,-44.301,-29.942,-19.985,Roll
-0.803,-0.679,0.222,7.061,-213.491,-61.189,Roll
-0.576,-0.445,0.264,63.674,-286.685,-90.177,Roll
-0.095,-0.283,0.346,120.724,-286.685,-106.173,Roll
0.161,-0.254,0.485,207.655,-286.685,-115.631,Roll
0.328,-0.143,0.551,243.731,-286.685,-118.615,Roll
0.773,0.065,1.255,171.535,-286.685,-107.914,Roll
1.001,-0.063,0.727,-95.139,-275.905,-68.049,Roll
1.391,-0.261,0.663,54.757,-93.643,-22.067,Roll
1.227,-0.240,0.950,64.838,115.325,28.438,Roll
1.181,-0.218,1.273,18.305,274.356,45.728,Roll
0.922,-0.029,1.450,-72.301,286.685,95.777,Roll
0.518,-0.017,1.032,-115.229,286.685,37.660,Roll
0.114,-0.096,0.706,-161.691,286.685,-29.041,Roll
0.013,-0.216,0.777,-174.309,286.685,4.296,Roll
-0.648,-0.333,0.156,-117.784,286.685,19.539,Roll
-0.953,-0.521,0.490,-14.376,240.441,-11.725,Roll
-1.131,-0.639,0.176,-10.552,-0.858,-50.908,Roll
-0.804,-0.624,0.106,36.960,-167.974,-75.320,Roll
-0.406,-0.509,0.160,140.175,-286.685,-49.621,Roll
-0.027,-0.241,0.528,193.410,-286.685,10.203,Roll
0.236,-0.178,0.635,180.635,-286.685,59.526,Roll
0.100,0.014,0.523,179.104,-286.685,53.445,Roll
0.571,0.140,1.146,145.477,-286.685,-7.682,Roll
0.901,-0.116,0.948,-89.442,-286.685,-68.364,Roll
1.186,-0.375,1.057,37.188,-140.333,-12.119,Roll
1.270,-0.274,1.260,-0.604,35.026,41.877,Roll
1.342,-0.375,1.169,-99.794,263.445,59.465,Roll
0.873,-0.351,1.257,-131.346,286.685,83.816,Roll
0.727,0.068,1.060,-197.041,286.685,146.562,Roll
0.191,-0.075,0.627,-285.670,286.685,180.014,Roll
-0.157,-0.334,0.310,-170.564,286.685,130.051,Roll
-0.648,-0.646,0.351,-32.638,276.010,87.106,Roll
-0.791,-0.761,0.498,-5.075,26.714,34.090,Roll
-0.708,-0.538,0.128,-9.905,-212.380,-37.870,Roll
-0.589,-0.493,0.085,90.423,-286.685,-92.872,Roll
0.144,-0.109,0.122,245.070,-286.685,-163.791,Roll
0.593,-0.009,0.646,286.685,-286.685,-220.876,Roll
0.544,-0.368,1.156,30.581,-286.685,-140.455,Roll
0.802,-0.331,1.005,94.351,-286.685,-56.438,Roll
0.454,0.105,1.010,29.015,-276.010,-78.636,Roll
0.933,-0.150,0.773,15.269,-84.324,-121.826,Roll
1.256,-0.477,0.777,-7.910,53.445,-35.175,Roll
1.103,-0.284,0.982,-45.132,262.334,85.312,Roll
0.633,-0.045,1.205,-105.368,286.685,99.260,Roll
1.040,-0.084,1.122,-204.943,286.685,102.331,Roll
0.249,-0.137,0.621,-123.848,286.685,119.857,Roll
-0.152,-0.109,0.376,-10.605,286.685,66.264,Roll
-0.468,-0.381,0.573,56.893,286.685,24.176,Roll
-0.558,-0.443,0.532,-10.167,286.650,-3.885,Roll
-0.824,-0.547,0.468,-43.286,81.410,-9.450,Roll
-1.085,-0.627,0.203,-9.188,-210.490,24.150,Roll
-1.073,-0.509,0.019,-19.530,-286.685,27.396,Roll
0.215,-0.090,0.342,67.375,-286.685,-18.778,Roll
0.245,-0.291,1.009,107.975,-286.685,27.247,Roll
0.068,-0.179,0.967,58.669,-286.685,64.969,Roll
0.130,0.038,0.026,-99.348,-286.685,32.174,Roll
0.661,-0.379,1.548,162.129,-286.685,-72.686,Roll
1.182,-0.261,1.486,60.725,-221.016,-60.410,Roll
1.276,-0.368,1.019,-28.788,-8.033,-14.368,Roll
1.305,-0.415,1.003,-9.529,175.306,30.730,Roll
0.616,-0.239,0.948,-43.776,286.685,63.857,Roll
0.351,0.068,0.761,-72.704,286.685,28.639,Roll
0.444,-0.198,0.886,-9.502,286.685,6.151,Roll
-0.038,-0.098,0.494,31.159,286.685,-1.242,Roll
-0.382,-0.282,0.768,60.926,286.685,-72.520,Roll
-0.392,-0.410,0.587,-61.722,255.518,-53.077,Roll
-0.490,-0.402,0.230,-55.772,29.942,-35.534,Roll
-0.860,-0.500,0.268,28.228,-168.298,-2.450,Roll
-0.829,-0.364,0.688,49.035,-286.685,55.597,Roll
0.075,-0.123,0.412,-14.105,-286.685,69.143,Roll
0.126,0.089,0.510,55.834,-286.685,41.379,Roll
0.436,-0.081,0.962,154.788,-286.685,-0.429,Roll
0.918,-0.073,1.103,124.451,-286.685,-46.480,Roll
0.951,-0.083,1.139,-76.720,-252.000,-60.970,Roll
1.471,-0.219,1.002,-95.331,-38.264,-91.639,Roll
1.319,-0.343,0.896,-53.576,64.391,-77.262,Roll
0.663,-0.269,0.892,-63.394,208.731,25.427,Roll
0.813,-0.007,0.879,-67.865,286.685,59.036,Roll
0.605,-0.117,0.855,-51.704,286.685,28.901,Roll
0.415,-0.104,0.648,-41.711,286.685,3.570,Roll
-0.136,-0.091,0.507,-8.636,286.685,-31.220,Roll
-0.326,-0.285,0.747,-42.289,286.685,-55.265,Roll
-0.458,-0.404,0.570,-95.147,258.073,-34.799,Roll
-0.785,-0.446,0.503,-77.009,146.921,-26.451,Roll
-0.877,-0.601,0.238,11.716,-57.566,-3.876,Roll
-0.705,-0.481,0.516,49.158,-285.066,44.844,Roll
-0.316,-0.274,0.508,26.189,-286.685,38.701,Roll
-0.274,-0.112,1.193,13.842,-286.685,6.895,Roll
0.307,-0.104,0.646,69.046,-286.685,-41.274,Roll
0.461,-0.081,0.670,140.744,-286.685,-60.139,Roll
0.836,-0.165,1.152,161.306,-286.685,-47.644,Roll
0.998,-0.075,1.271,74.384,-278.267,-13.239,Roll
1.177,-0.209,0.976,-63.376,-82.688,-21.368,Roll
1.189,-0.321,0.931,-61.197,142.966,56.691,Roll
1.007,-0.304,1.079,-51.354,286.300,103.845,Roll
0.959,-0.193,1.110,-62.423,286.685,146.886,Roll
0.642,0.002,0.976,-116.716,286.685,160.361,Roll
0.116,-0.265,0.497,-78.689,286.685,145.057,Roll
-0.145,-0.354,0.449,5.504,286.685,91.910,Roll
-0.495,-0.380,0.693,45.754,286.685,64.461,Roll
-0.916,-0.328,0.533,26.968,273.595,-8.873,Roll
-0.977,-0.467,0.405,25.847,21.289,-28.052,Roll
-0.677,-0.426,0.198,98.114,-247.258,-35.525,Roll
-0.382,-0.319,0.266,129.491,-286.685,-34.265,Roll
0.114,-0.223,0.380,158.095,-286.685,-18.034,Roll
0.650,-0.167,1.210,187.530,-286.685,75.154,Roll
0.311,0.452,0.415,-39.620,-286.685,120.802,Roll
0.485,0.251,0.907,-111.886,-286.685,-94.666,Roll
0.942,-0.261,0.923,90.291,-286.659,-113.741,Roll
1.222,-0.213,0.974,31.176,-148.260,-77.884,Roll
1.580,-0.299,1.019,-36.444,46.795,-7.079,Roll
1.386,-0.108,0.846,-61.784,232.566,66.351,Roll
0.939,-0.008,0.923,-112.954,286.685,101.272,Roll
0.968,0.024,0.898,-121.188,286.685,91.420,Roll
0.272,-0.027,0.512,-80.850,286.685,73.518,Roll
-0.151,-0.102,0.563,-39.095,286.685,52.981,Roll
-0.303,-0.277,0.615,-0.577,286.685,18.847,Roll
-0.481,-0.326,0.452,16.310,286.685,5.810,Roll
-1.063,-0.301,0.419,17.089,203.245,-32.944,Roll
-1.233,-0.527,0.299,28.761,23.362,-51.153,Roll
-0.998,-0.384,0.570,-2.852,-282.258,-0.761,Roll
-0.620,-0.113,0.249,-103.119,-286.685,-17.640,Roll
0.220,-0.338,0.589,54.425,-286.685,-50.006,Roll
0.105,0.147,-0.050,-151.786,-286.685,-74.856,Roll
0.628,-0.219,-0.001,139.738,-286.685,-153.440,Roll
0.860,-0.029,1.261,217.822,-286.685,-135.354,Roll
1.486,-0.048,1.500,-25.445,-285.828,-60.217,Roll
1.697,-0.315,0.406,-102.777,-129.141,-21.324,Roll
1.343,-0.343,0.596,4.795,133.595,54.941,Roll
1.266,-0.294,0.708,-42.438,286.685,123.261,Roll
0.940,-0.162,0.648,-52.719,286.685,173.136,Roll
0.477,0.177,0.451,-24.001,286.685,131.976,Roll
-0.233,-0.190,0.110,62.510,286.685,86.616,Roll
-0.471,-0.223,0.532,79.415,286.685,53.261,Roll
-0.567,-0.248,0.500,40.819,286.685,62.510,Roll
-0.926,-0.232,0.542,59.929,274.960,-0.726,Roll
-0.990,-0.340,0.123,35.621,90.387,-32.716,Roll
-0.943,-0.427,0.157,17.500,-199.098,-3.176,Roll
-0.938,-0.210,0.415,-23.196,-286.685,8.698,Roll
-0.583,-0.050,0.429,-90.571,-286.685,-29.173,Roll
-0.140,-0.038,0.534,12.679,-286.685,-20.160,Roll
0.109,0.181,0.475,79.091,-286.685,-28.612,Roll
0.653,-0.174,0.638,99.934,-286.685,-77.551,Roll
0.924,0.133,1.328,157.202,-286.685,-40.119,Roll
1.300,0.074,1.139,-60.139,-286.685,-31.552,Roll
1.997,-0.556,0.679,-50.374,-104.764,32.060,Roll
1.772,-0.349,0.452,-78.759,111.405,83.387,Roll
1.140,-0.298,0.418,-29.286,286.685,108.631,Roll
0.676,0.178,0.679,-49.857,286.685,82.145,Roll
0.412,0.072,0.466,-45.500,286.685,33.092,Roll
-0.030,-0.055,0.241,21.647,286.685,-22.312,Roll
-0.493,-0.211,0.594,101.150,286.685,-75.268,Roll
-0.487,-0.337,0.719,-11.629,286.685,-65.100,Roll
-0.673,-0.392,0.251,-76.878,243.128,-94.071,Roll
-0.739,-0.441,-0.036,-20.580,126.945,-78.479,Roll
-0.854,-0.470,0.064,58.196,-122.421,4.515,Roll
-0.856,-0.301,0.558,53.961,-286.685,22.278,Roll
-0.606,-0.297,0.348,-52.833,-286.685,12.932,Roll
0.143,-0.353,0.125,112.936,-286.685,46.585,Roll
0.660,0.040,0.369,241.902,-286.685,94.526,Roll
0.929,0.362,0.612,74.952,-286.685,63.324,Roll
1.313,-0.038,1.836,11.585,-286.685,-50.339,Roll
1.701,-0.279,0.903,-19.845,-184.520,-80.299,Roll
1.294,-0.220,0.574,5.224,-50.960,-67.410,Roll
1.619,-0.365,0.970,-11.786,100.214,49.770,Roll
1.410,-0.128,0.919,-75.268,286.685,121.791,Roll
1.088,-0.027,0.763,-42.875,286.685,158.848,Roll
0.467,0.091,0.994,-25.462,286.685,142.266,Roll
0.127,-0.143,0.140,-1.418,286.685,61.416,Roll
-0.289,-0.162,0.324,122.062,286.685,-10.080,Roll
-0.479,-0.110,0.722,75.022,286.685,-31.903,Roll
-0.490,-0.287,0.358,-24.237,286.685,-37.678,Roll
-0.932,-0.292,0.007,5.582,119.490,-42.691,Roll
-1.074,-0.364,-0.039,69.449,-187.477,-43.969,Roll
-0.726,-0.243,0.248,29.890,-286.685,26.337,Roll
-0.498,-0.132,0.930,-78.741,-286.685,-12.828,Roll
0.022,-0.267,0.681,74.944,-286.685,0.000,Roll
0.199,-0.190,0.636,103.530,-286.685,41.107,Roll
0.408,0.146,0.866,147.053,-286.685,27.956,Roll
1.323,-0.204,1.611,-36.286,-286.685,-75.031,Roll
1.221,-0.350,1.295,-36.566,-286.685,-7.621,Roll
1.437,-0.193,0.987,-43.225,-209.904,30.896,Roll
1.849,-0.314,0.965,-61.583,147.429,41.002,Roll
1.212,-0.321,0.746,-57.356,286.685,96.827,Roll
0.801,0.079,0.508,-55.353,286.685,154.788,Roll
0.420,0.256,0.095,28.753,286.685,63.989,Roll
-0.512,-0.206,0.218,146.816,286.685,-19.267,Roll
-0.539,-0.419,0.513,-51.292,286.685,-6.160,Roll
-0.697,-0.263,0.423,-51.853,281.759,48.143,Roll
-0.946,-0.369,0.147,-17.316,41.090,22.216,Roll
-0.796,-0.359,-0.224,50.024,-210.219,6.816,Roll
-0.625,-0.047,0.715,21.035,-286.685,60.174,Roll
-0.799,0.037,0.855,-59.658,-286.685,23.861,Roll
-0.003,-0.090,0.604,36.759,-286.685,-6.571,Roll
0.584,-0.078,0.575,124.897,-286.685,-1.663,Roll
0.607,-0.101,0.731,-69.816,-286.685,-43.925,Roll
0.840,-0.131,0.735,-46.086,-286.685,-75.871,Roll
1.323,-0.214,0.860,10.351,-286.685,-88.034,Roll
1.610,-0.279,0.760,-3.693,-133.577,-22.059,Roll
1.783,-0.247,1.022,-47.766,98.551,63.963,Roll
1.881,-0.158,0.881,-108.062,266.761,110.880,Roll
1.018,0.112,0.560,-117.679,286.685,204.943,Roll
0.770,0.050,0.285,-47.574,286.685,234.307,Roll
-0.017,-0.124,-0.239,41.248,286.685,216.974,Roll
-0.394,-0.066,0.083,80.911,286.685,144.550,Roll
-0.620,-0.324,0.452,62.309,286.685,117.119,Roll
-0.844,-0.175,0.287,151.182,286.685,42.158,Roll
-1.126,-0.067,0.352,234.964,161.201,-58.826,Roll
-1.227,-0.218,0.323,41.221,-175.280,-27.108,Roll
-1.108,-0.111,0.458,-18.270,-286.685,-19.075,Roll
-0.664,0.095,0.498,-142.660,-286.685,-49.026,Roll
0.166,0.020,0.210,-30.599,-286.685,-123.524,Roll
0.647,-0.013,0.502,120.269,-286.685,-162.732,Roll
0.849,-0.088,0.713,88.427,-286.685,-118.073,Roll
1.146,-0.020,0.629,58.074,-286.685,-89.408,Roll
1.567,-0.113,0.823,28.298,-286.685,-80.395,Roll
1.764,-0.238,0.943,3.649,-96.609,-20.431,Roll
1.471,-0.016,0.847,-47.294,184.074,98.000,Roll
1.660,-0.057,1.034,-84.359,286.676,155.514,Roll
1.236,0.245,0.688,-138.285,286.685,233.231,Roll
0.658,0.159,0.048,-77.796,286.685,233.931,Roll
-0.168,-0.176,-0.032,62.274,286.685,134.864,Roll
-0.405,-0.246,0.393,88.497,286.685,82.311,Roll
-0.608,-0.423,0.268,30.056,286.685,54.565,Roll
-0.977,-0.173,0.370,91.910,286.685,-36.006,Roll
-1.061,-0.248,0.146,102.034,147.105,-114.039,Roll
-0.966,-0.454,-0.109,63.070,-69.073,-73.622,Roll
-0.994,-0.342,0.105,22.050,-286.685,-37.327,Roll
-0.571,-0.114,0.419,-59.141,-286.685,-39.051,Roll
0.064,-0.116,0.336,1.549,-286.685,-63.971,Roll
0.877,-0.104,0.527,120.374,-286.685,-56.140,Roll
0.777,-0.081,0.542,177.896,-286.685,-26.757,Roll
0.865,0.122,0.906,172.865,-286.685,-35.184,Roll
1.058,-0.019,1.044,-32.961,-285.276,-44.021,Roll
1.948,-0.497,0.702,-44.984,-158.366,-27.983,Roll
1.685,-0.421,0.898,-23.021,-24.728,58.861,Roll
1.550,0.060,0.936,-65.573,236.714,110.574,Roll
1.937,0.022,0.941,-151.742,286.685,192.351,Roll
0.796,0.049,0.088,-89.801,286.685,239.242,Roll
0.315,0.022,-0.081,23.704,286.685,134.216,Roll
-0.028,-0.277,0.127,67.979,286.685,86.319,Roll
-0.558,-0.411,0.326,9.861,286.685,59.806,Roll
-0.881,-0.238,0.225,50.627,286.685,0.350,Roll
-1.084,-0.327,0.122,55.344,277.576,-53.393,Roll
-1.003,-0.594,-0.086,75.416,-34.396,-73.736,Roll
-0.867,-0.476,0.015,129.701,-285.915,-44.546,Roll
-0.732,-0.238,0.176,-0.884,-286.685,-10.920,Roll
-0.330,-0.097,0.318,-28.612,-286.685,-60.401,Roll
0.207,-0.124,0.441,8.479,-286.685,-98.350,Roll
0.731,-0.117,0.495,201.871,-286.685,-89.040,Roll
0.742,0.143,0.537,277.804,-286.685,-26.591,Roll
1.098,0.114,1.462,152.329,-286.685,-53.349,Roll
1.529,-0.104,1.128,-54.784,-286.685,-38.736,Roll
1.637,-0.306,0.718,-39.620,-159.548,-6.869,Roll
1.632,-0.232,0.839,-53.349,115.412,75.101,Roll
1.815,-0.158,0.744,-88.690,286.685,151.533,Roll
1.104,0.036,0.813,-70.919,286.685,199.115,Roll
0.979,0.266,0.515,-57.715,286.685,165.086,Roll
0.133,-0.118,0.114,-20.991,286.685,113.829,Roll
-0.395,-0.305,0.540,42.866,286.685,72.809,Roll
-0.641,-0.302,0.393,48.702,286.685,56.569,Roll
-0.899,-0.204,0.263,10.596,286.685,4.113,Roll
-1.279,-0.356,0.064,24.517,177.852,-60.839,Roll
-0.844,-0.545,-0.168,58.415,-154.534,-75.504,Roll
-0.535,-0.356,-0.014,104.431,-286.659,-64.794,Roll
-0.754,-0.251,0.632,-57.750,-286.685,-23.677,Roll
-0.001,-0.014,1.031,1.059,-2.415,0.928,Yaw
-0.005,-0.005,1.015,2.756,-1.102,4.891,Yaw
-0.017,-0.017,1.022,1.689,-1.715,2.126,Yaw
0.018,-0.014,1.036,0.184,-2.537,7.411,Yaw
0.145,-0.011,1.037,0.131,-2.730,41.816,Yaw
0.060,0.152,0.954,-0.866,-3.430,113.085,Yaw
-0.115,0.098,0.620,-0.192,-2.888,234.395,Yaw
-0.178,0.228,0.822,-2.082,-5.477,262.649,Yaw
-0.089,0.074,0.884,-1.067,-4.331,250.451,Yaw
0.018,-0.428,0.938,-1.776,-4.594,235.830,Yaw
0.135,-0.129,1.090,-15.881,-5.014,230.344,Yaw
-0.326,0.381,0.110,14.779,-6.694,154.289,Yaw
-0.061,-0.192,0.862,-8.540,-7.954,-104.125,Yaw
-0.407,0.389,0.643,0.989,-1.400,-257.504,Yaw
-0.348,-0.140,0.429,2.126,0.254,-278.390,Yaw
-0.263,0.283,0.574,3.789,3.001,-286.116,Yaw
-0.036,0.420,0.613,5.171,2.993,-286.685,Yaw
0.397,0.292,0.683,22.855,10.176,-286.685,Yaw
0.296,0.333,0.648,76.213,-2.450,-168.158,Yaw
0.168,0.117,0.552,54.889,-7.604,-117.582,Yaw
0.112,-0.199,1.026,28.403,-0.822,38.421,Yaw
0.276,-0.170,0.929,10.246,6.965,150.378,Yaw
0.279,0.203,0.743,-78.680,20.737,286.685,Yaw
-0.016,0.215,0.102,-94.334,-2.634,286.685,Yaw
-0.085,0.154,0.309,-3.351,-7.245,286.685,Yaw
0.025,0.040,0.767,-2.669,-5.880,286.501,Yaw
0.089,-0.100,0.668,-59.054,-13.344,283.728,Yaw
-0.093,0.024,0.731,-48.956,-21.691,277.104,Yaw
-0.229,0.311,0.850,-9.091,-20.458,252.411,Yaw
-0.511,0.281,0.780,61.425,-8.312,120.488,Yaw
-0.133,-0.181,0.417,69.081,4.148,-163.275,Yaw
-0.131,-0.071,0.615,1.636,-0.166,-283.036,Yaw
-0.065,-0.099,0.554,1.671,1.033,-286.685,Yaw
-0.036,0.193,0.617,4.436,1.006,-286.685,Yaw
-0.142,0.192,0.582,2.555,1.794,-286.685,Yaw
-0.168,0.239,0.522,21.280,8.986,-286.685,Yaw
0.032,0.132,0.550,34.519,0.210,-284.340,Yaw
0.240,0.130,0.822,7.385,-3.999,-183.155,Yaw
0.192,0.175,1.114,-29.269,-4.323,-113.899,Yaw
0.210,0.067,1.019,31.483,0.061,101.736,Yaw
0.249,0.020,0.936,14.446,3.447,246.173,Yaw
0.404,0.299,0.410,-58.301,3.544,286.685,Yaw
-0.012,0.191,0.522,-1.689,-7.726,286.685,Yaw
-0.155,0.196,0.647,-2.642,-6.230,286.545,Yaw
-0.149,-0.075,0.719,-0.315,-5.626,280.166,Yaw
-0.064,-0.160,0.846,-1.566,-4.463,270.375,Yaw
-0.200,0.123,0.934,-5.425,-5.180,262.010,Yaw
-0.248,0.023,1.046,8.120,-2.634,169.794,Yaw
-0.186,-0.121,1.074,-2.485,-4.673,57.304,Yaw
-0.150,-0.106,0.982,-0.525,-3.342,-35.306,Yaw
-0.220,-0.059,0.798,1.190,-1.540,-241.325,Yaw
-0.275,0.050,0.668,2.844,-0.131,-286.615,Yaw
-0.220,-0.028,0.457,40.985,-1.951,-286.685,Yaw
0.124,0.007,0.447,71.908,-7.508,-281.741,Yaw
-0.068,0.293,0.498,-6.886,-9.012,-275.336,Yaw
0.003,0.178,0.501,-43.103,-9.887,-268.896,Yaw
0.244,0.155,0.850,-1.260,-3.500,-154.009,Yaw
0.028,0.164,0.992,-25.751,-3.430,-16.590,Yaw
0.269,0.129,0.908,-2.415,-3.622,152.163,Yaw
0.215,0.254,0.705,-4.104,-5.057,284.979,Yaw
-0.299,0.295,0.564,-4.497,-8.488,286.685,Yaw
-0.278,-0.057,0.733,-1.514,-5.635,285.224,Yaw
-0.117,-0.206,0.781,-2.642,-5.049,286.475,Yaw
-0.127,-0.121,0.789,-24.972,-6.239,285.565,Yaw
-0.335,-0.094,0.723,-57.986,-15.059,284.786,Yaw
-0.521,-0.116,0.805,-48.169,-15.995,257.819,Yaw
-0.294,-0.135,0.833,19.066,-5.679,59.369,Yaw
-0.190,-0.295,1.053,18.812,5.968,-182.481,Yaw
-0.152,0.153,0.632,44.406,13.029,-286.685,Yaw
0.168,0.420,0.483,91.893,12.722,-286.685,Yaw
0.036,0.200,0.351,46.638,-1.636,-286.685,Yaw
0.340,0.265,0.711,114.835,-8.321,-286.685,Yaw
-0.019,0.311,0.858,69.755,-24.124,-261.660,Yaw
0.170,0.201,0.924,57.689,-33.591,-252.962,Yaw
0.029,0.200,0.946,-15.663,2.293,39.533,Yaw
0.073,0.085,0.981,-64.628,8.453,116.891,Yaw
0.150,0.360,0.328,-113.304,15.059,283.491,Yaw
0.173,0.455,0.346,-175.744,4.349,286.685,Yaw
0.147,0.381,0.501,-3.841,-7.682,286.685,Yaw
-0.208,0.338,0.560,-42.236,-10.474,285.565,Yaw
-0.324,-0.373,0.854,4.279,-15.881,262.719,Yaw
-0.509,-0.416,1.112,-15.033,-9.476,213.859,Yaw
-0.276,-0.275,0.926,-38.824,3.946,139.309,Yaw
-0.163,-0.280,1.006,6.300,-9.476,49.114,Yaw
-0.421,-0.011,1.026,7.560,-2.450,-65.957,Yaw
-0.776,0.094,0.813,13.842,4.060,-183.225,Yaw
-0.484,0.186,0.565,78.050,15.015,-286.685,Yaw
0.181,-0.040,0.602,7.945,-0.735,-286.685,Yaw
-0.141,0.151,0.700,-1.697,-2.993,-286.685,Yaw
-0.288,0.255,0.569,15.172,7.332,-286.685,Yaw
0.038,0.321,0.762,4.742,-0.726,-282.047,Yaw
0.230,0.397,0.982,2.555,-2.398,-191.572,Yaw
0.089,0.160,0.955,1.102,-2.826,-101.710,Yaw
0.108,-0.173,1.021,6.457,-2.704,-78.050,Yaw
0.006,-0.154,1.006,71.899,0.271,61.836,Yaw
0.314,0.085,0.365,-3.325,10.342,273.884,Yaw
0.297,0.494,0.417,-123.139,-8.654,286.685,Yaw
0.106,0.637,0.206,5.530,2.021,286.685,Yaw
-0.003,0.417,0.618,6.878,-1.024,286.685,Yaw
0.078,-0.243,0.840,-1.908,-2.993,286.099,Yaw
-0.545,-0.303,0.885,-17.404,-15.566,272.878,Yaw
-0.444,-0.267,0.846,0.464,-8.094,167.283,Yaw
-0.099,-0.087,1.024,-0.368,-2.590,61.626,Yaw
-0.581,-0.192,1.140,-2.537,-0.018,-93.774,Yaw
-0.589,0.082,0.699,2.047,0.026,-286.685,Yaw
-0.377,0.208,0.564,3.430,0.175,-286.685,Yaw
-0.102,0.131,0.403,10.474,6.545,-286.685,Yaw
0.080,0.067,0.273,4.751,0.079,-286.685,Yaw
0.051,0.323,0.596,8.006,-0.341,-286.291,Yaw
0.145,0.482,0.491,33.600,-0.315,-286.501,Yaw
0.178,0.404,0.846,43.934,-5.425,-177.695,Yaw
-0.013,-0.019,1.048,55.632,-4.471,-42.201,Yaw
0.396,0.038,0.879,28.044,6.904,135.835,Yaw
0.347,0.104,0.229,-35.560,21.000,284.410,Yaw
0.115,0.792,0.712,-172.681,13.597,286.685,Yaw
-0.294,0.677,0.736,5.075,-7.079,286.685,Yaw
0.080,0.108,0.855,4.559,-5.084,274.207,Yaw
0.006,-0.066,0.704,-0.560,-3.902,280.612,Yaw
-0.596,-0.383,0.915,-3.351,-5.758,242.200,Yaw
-0.241,-0.175,0.989,-6.641,-5.075,114.397,Yaw
-0.355,-0.187,1.135,10.517,-2.467,62.361,Yaw
-0.434,-0.268,1.078,0.052,-2.336,-33.084,Yaw
-0.761,0.024,0.937,-0.394,4.594,-277.358,Yaw
-0.262,0.206,0.519,5.985,0.928,-286.685,Yaw
0.079,-0.073,0.633,11.743,2.082,-286.685,Yaw
0.358,0.083,0.615,0.149,-3.185,-260.680,Yaw
-0.166,0.406,0.790,2.450,-0.490,-254.520,Yaw
0.038,0.113,0.641,5.740,-1.347,-286.571,Yaw
0.186,0.139,0.924,2.380,-1.855,-178.824,Yaw
0.065,0.143,1.053,1.024,-2.223,-23.292,Yaw
0.135,-0.044,1.051,8.549,-2.616,39.515,Yaw
0.215,0.014,0.759,0.796,-2.336,214.909,Yaw
0.191,0.362,0.549,-17.491,-4.454,286.685,Yaw
0.028,0.868,0.572,-7.665,-9.914,286.685,Yaw
-0.217,0.298,0.704,-1.916,-6.213,286.659,Yaw
-0.059,-0.137,0.791,-2.389,-4.436,275.555,Yaw
-0.310,-0.247,0.901,-0.403,-4.419,247.363,Yaw
-0.433,-0.421,1.056,-0.551,-3.517,118.781,Yaw
-0.254,-0.169,1.024,-3.447,-2.783,69.064,Yaw
-0.217,0.037,1.015,6.213,-2.537,37.319,Yaw
-0.171,0.116,1.036,1.015,-2.249,-61.259,Yaw
-0.392,0.079,0.799,0.647,0.044,-269.290,Yaw
-0.256,-0.015,0.437,2.704,-0.438,-286.685,Yaw
-0.387,0.127,0.388,3.999,2.861,-284.226,Yaw
-0.149,0.145,0.393,11.804,5.241,-286.685,Yaw
-0.060,0.006,0.352,6.799,0.744,-286.388,Yaw
0.356,0.321,0.690,5.311,-1.628,-266.849,Yaw
0.307,0.383,0.995,1.566,-2.205,-89.618,Yaw
-0.107,-0.035,1.021,0.875,-2.511,14.481,Yaw
0.262,0.015,1.024,-1.164,-3.526,143.167,Yaw
0.326,0.086,0.718,-2.826,-3.544,278.180,Yaw
0.219,0.653,0.546,-8.802,-10.938,286.685,Yaw
0.127,0.361,0.637,-2.747,-8.470,286.685,Yaw
-0.063,-0.074,0.561,-0.656,-3.579,279.519,Yaw
-0.301,-0.165,0.654,-0.892,-4.113,224.674,Yaw
-0.332,-0.147,0.963,-0.420,-4.069,184.669,Yaw
-0.213,0.010,0.826,-0.228,-3.719,129.535,Yaw
-0.317,-0.078,0.957,-0.831,-3.517,43.514,Yaw
-0.495,-0.079,1.018,-0.403,-2.651,-30.083,Yaw
-0.330,0.002,0.849,1.750,-0.761,-234.360,Yaw
-0.336,0.036,0.491,2.765,0.674,-286.685,Yaw
-0.176,0.137,0.585,2.756,0.577,-286.685,Yaw
0.191,0.298,0.321,5.005,1.899,-286.685,Yaw
0.120,0.286,0.471,5.267,-1.138,-286.685,Yaw
0.272,0.149,0.529,21.026,-0.525,-283.745,Yaw
0.181,0.113,0.816,-3.483,-3.474,-190.470,Yaw
0.041,-0.101,1.000,-21.192,-3.439,-109.594,Yaw
0.061,-0.010,1.037,0.236,-2.791,-1.487,Yaw
0.250,-0.174,0.969,-0.630,-3.211,118.921,Yaw
0.427,-0.050,0.410,-5.565,-4.883,286.685,Yaw
-0.038,0.741,0.726,-9.861,-10.806,286.685,Yaw
-0.166,0.381,0.618,-21.560,-9.336,286.685,Yaw
-0.003,-0.096,0.981,-6.589,-7.892,285.302,Yaw
-0.097,-0.144,0.876,-0.954,-8.916,282.152,Yaw
-0.241,-0.291,1.010,1.531,-6.956,209.851,Yaw
-0.363,-0.017,0.972,11.489,-3.474,64.146,Yaw
-0.232,0.169,1.085,13.151,-1.496,-59.150,Yaw
-0.429,0.097,0.675,0.499,-1.006,-261.984,Yaw
-0.399,0.057,0.553,4.760,1.908,-286.685,Yaw
-0.170,-0.016,0.453,11.559,5.898,-286.685,Yaw
0.079,0.130,0.372,3.719,-2.144,-286.685,Yaw
0.211,0.252,0.445,7.971,0.315,-286.685,Yaw
0.332,0.315,0.891,29.312,-1.785,-264.320,Yaw
0.160,0.161,1.010,-4.620,-2.756,-77.096,Yaw
0.087,-0.067,1.046,-14.044,-2.642,40.722,Yaw
0.357,-0.148,0.594,-7.341,-3.273,229.197,Yaw
0.291,0.194,0.510,-5.338,-4.323,286.685,Yaw
0.132,0.878,0.518,-8.172,-11.812,286.685,Yaw
0.091,0.225,0.728,-16.284,-9.529,286.685,Yaw
-0.359,-0.155,0.867,26.364,-6.554,286.685,Yaw
-0.418,-0.458,0.784,-0.604,-5.836,278.836,Yaw
-0.256,-0.002,0.998,-2.328,-3.701,142.249,Yaw
-0.195,0.078,1.020,1.339,-0.516,64.496,Yaw
-0.219,0.091,1.005,0.560,-1.706,-50.645,Yaw
-0.500,0.045,1.050,-6.073,-0.954,-170.004,Yaw
-0.609,0.210,0.676,2.100,2.170,-286.685,Yaw
-0.044,0.280,0.488,6.177,1.969,-286.685,Yaw
0.392,0.215,0.536,20.177,9.739,-286.685,Yaw
0.279,0.305,0.745,1.697,-2.362,-286.685,Yaw
0.021,0.144,0.395,20.458,0.726,-280.446,Yaw
0.176,-0.117,0.930,20.948,-3.658,-184.861,Yaw
-0.031,-0.038,1.012,-23.914,-3.132,-17.106,Yaw
0.032,-0.056,1.002,-6.213,-3.325,64.391,Yaw
0.376,0.033,0.682,-2.713,-3.544,239.531,Yaw
0.412,0.606,0.394,-12.766,-12.049,286.685,Yaw
-0.073,0.766,0.897,-5.793,-8.208,286.685,Yaw
-0.114,0.086,0.806,-23.520,-6.948,286.685,Yaw
-0.394,-0.249,0.970,9.170,-8.969,286.685,Yaw
-0.469,-0.293,0.834,-29.767,-11.384,261.223,Yaw
-0.333,0.107,0.917,-28.910,-5.390,82.390,Yaw
-0.329,0.168,0.939,-2.056,1.514,-39.270,Yaw
-0.270,0.112,1.026,19.854,5.521,-175.026,Yaw
-0.516,0.102,0.588,26.635,9.450,-286.685,Yaw
-0.008,0.103,0.803,38.115,2.791,-286.685,Yaw
0.161,0.048,0.558,5.233,1.837,-286.685,Yaw
0.240,0.194,0.364,9.275,-0.683,-286.685,Yaw
0.281,0.182,0.552,50.557,-5.311,-286.685,Yaw
0.136,0.301,0.883,48.493,-6.702,-154.429,Yaw
0.018,0.135,0.994,-12.023,-4.629,-50.208,Yaw
0.408,-0.095,0.885,-27.956,2.345,163.012,Yaw
0.369,0.385,0.149,-97.606,-9.284,286.685,Yaw
0.060,0.833,0.685,-25.559,-10.526,286.685,Yaw
-0.081,0.131,0.506,-46.533,-16.039,285.976,Yaw
-0.142,-0.023,0.816,-9.966,-18.165,279.396,Yaw
-0.381,-0.403,0.977,-11.585,-24.833,254.669,Yaw
-0.488,0.070,0.862,-12.294,-8.050,108.036,Yaw
-0.736,0.113,0.824,23.905,-0.157,-53.804,Yaw
-0.709,0.101,0.944,69.527,8.986,-254.879,Yaw
-0.635,0.208,0.539,2.503,2.240,-286.685,Yaw
0.065,0.338,0.194,6.510,1.601,-286.685,Yaw
0.483,0.429,0.494,28.761,6.195,-286.685,Yaw
0.239,0.470,0.427,81.235,-8.601,-286.685,Yaw
0.251,-0.055,0.694,46.340,-14.814,-268.013,Yaw
0.126,-0.012,0.928,-14.788,0.770,53.664,Yaw
0.438,0.255,0.413,-129.465,14.569,281.829,Yaw
0.668,0.747,0.322,-4.637,-10.456,286.685,Yaw
-0.201,0.334,0.615,-53.646,-18.926,286.685,Yaw
-0.707,-0.011,0.687,0.954,-31.894,286.685,Yaw
-0.767,-0.277,0.879,55.729,-15.330,274.645,Yaw
-0.361,-0.291,1.080,32.357,-1.216,103.941,Yaw
-0.447,0.004,0.887,0.656,0.717,-115.299,Yaw
-0.555,0.201,0.646,2.362,1.155,-286.685,Yaw
-0.419,0.708,0.415,2.546,1.418,-286.685,Yaw
0.225,0.382,0.384,20.711,11.095,-286.685,Yaw
0.835,0.228,0.413,121.406,-7.052,-263.707,Yaw
0.458,0.512,0.691,-12.408,3.841,114.704,Yaw
0.695,0.799,0.291,-78.024,13.711,286.685,Yaw
-0.107,-0.241,0.558,-46.917,-18.847,286.685,Yaw
-0.278,-0.153,0.945,-73.255,-20.991,250.075,Yaw
-1.196,0.117,0.732,-54.766,-0.998,244.886,Yaw
-0.496,0.158,0.767,28.831,-3.763,-95.393,Yaw
-0.518,0.016,0.465,97.527,11.996,-284.069,Yaw
-0.124,-0.150,0.662,4.760,-0.114,-286.685,Yaw
-0.159,0.090,0.232,32.917,7.630,-286.685,Yaw
-0.149,0.257,0.430,80.019,-3.019,-285.617,Yaw
0.082,0.414,0.565,108.938,-16.739,-280.245,Yaw
0.425,0.379,0.851,23.021,-9.573,-76.291,Yaw
0.399,0.315,0.287,-159.171,19.136,282.712,Yaw
0.425,0.280,-0.078,-149.292,-9.074,286.685,Yaw
0.187,0.426,0.701,-75.198,-15.461,286.685,Yaw
-0.263,0.079,0.653,-70.315,-30.118,286.685,Yaw
-0.674,-0.141,0.869,32.489,-18.165,245.289,Yaw
-0.699,-0.309,0.985,59.535,-4.681,48.729,Yaw
-0.571,-0.249,1.077,69.606,2.328,-117.372,Yaw
-0.624,0.013,0.618,2.879,0.096,-286.492,Yaw
-0.394,0.293,0.486,6.597,3.185,-286.685,Yaw
0.109,0.099,0.578,26.880,-2.004,-286.685,Yaw
0.332,0.312,0.595,53.270,-4.200,-286.685,Yaw
0.108,0.387,0.774,52.806,-9.704,-217.630,Yaw
0.144,0.192,0.892,-36.199,0.604,82.442,Yaw
0.446,0.191,0.261,-99.768,-9.546,286.685,Yaw
0.388,0.427,0.592,-10.097,-11.524,286.685,Yaw
-0.292,0.214,0.634,-84.709,-17.806,286.685,Yaw
-0.353,-0.058,0.755,-26.049,-25.025,286.685,Yaw
-0.381,-0.135,0.796,23.135,-20.055,279.125,Yaw
-0.356,-0.430,1.048,22.173,-10.010,165.174,Yaw
-0.338,-0.125,1.072,-2.713,-0.796,-49.385,Yaw
-0.310,-0.073,1.050,-24.754,7.324,-206.509,Yaw
-0.359,0.243,0.827,-24.859,24.657,-286.685,Yaw
-0.224,0.408,0.696,23.170,35.901,-286.685,Yaw
0.260,0.000,0.819,100.529,22.785,-286.685,Yaw
0.523,-0.138,0.842,51.450,-1.391,-258.108,Yaw
0.352,0.121,0.884,76.921,-4.734,-73.290,Yaw
0.306,0.304,0.687,-22.391,5.924,161.831,Yaw
0.502,0.479,0.229,-117.705,-12.766,286.685,Yaw
0.462,0.366,1.011,-112.245,-23.564,286.685,Yaw
0.001,0.092,0.662,-100.914,-42.998,264.775,Yaw
-0.696,-0.105,0.729,-5.740,-26.434,192.622,Yaw
-0.391,-0.147,1.046,51.240,-18.856,148.146,Yaw
-0.442,-0.135,1.141,42.079,-7.831,57.715,Yaw
-0.498,-0.119,1.039,14.936,7.420,-114.853,Yaw
-0.719,0.016,0.927,-2.047,20.528,-280.446,Yaw
-0.419,0.216,0.321,58.634,32.060,-286.685,Yaw
0.464,0.146,0.575,100.555,9.485,-285.889,Yaw
0.158,0.040,0.702,39.252,-4.952,-237.851,Yaw
-0.091,0.158,0.382,44.056,-7.438,-272.020,Yaw
0.064,0.171,0.239,68.959,-11.524,-277.226,Yaw
0.322,0.351,0.529,-15.934,-2.135,1.102,Yaw
0.607,0.564,0.422,-147.560,8.496,286.685,Yaw
0.516,0.944,0.717,-9.686,-8.330,286.685,Yaw
0.123,0.227,0.728,-57.304,-19.355,286.685,Yaw
-0.741,-0.112,0.775,8.610,-16.345,277.462,Yaw
-0.855,-0.305,1.105,60.060,-4.060,123.594,Yaw
-0.089,-0.256,1.046,-1.067,-3.500,52.693,Yaw
-0.384,-0.040,1.045,0.350,-1.732,-102.620,Yaw
-0.424,0.280,0.622,2.783,0.665,-286.685,Yaw
-0.259,0.010,0.474,12.757,5.950,-286.685,Yaw
-0.018,-0.227,0.580,8.172,-0.928,-286.685,Yaw
0.282,0.070,0.435,2.161,-3.342,-233.511,Yaw
0.482,0.322,0.877,-1.286,-2.441,51.266,Yaw
0.498,0.503,0.778,-2.345,-5.801,285.758,Yaw
0.457,0.584,0.782,-25.987,-7.735,286.685,Yaw
-0.286,0.200,0.626,-3.902,-8.977,285.959,Yaw
-0.474,-0.355,1.121,18.567,-4.244,149.747,Yaw
-0.364,-0.315,1.088,-3.229,-2.975,43.216,Yaw
-0.452,-0.292,1.167,-23.126,-2.441,-22.006,Yaw
-0.058,0.018,1.129,8.733,1.864,-217.219,Yaw
-0.259,0.159,0.719,0.403,5.582,-286.685,Yaw
-0.209,-0.138,0.601,56.376,10.789,-286.685,Yaw
0.526,-0.393,0.387,54.364,-1.356,-286.685,Yaw
0.253,0.315,0.554,81.821,-10.850,-279.064,Yaw
0.617,0.557,0.638,-62.493,1.846,99.085,Yaw
0.630,0.457,0.387,-42.612,-9.826,286.685,Yaw
0.294,0.826,0.939,-17.325,-6.457,286.685,Yaw
0.121,0.301,0.721,-45.211,-16.275,286.685,Yaw
-0.427,-0.056,0.793,-5.530,-15.706,262.535,Yaw
-0.692,-0.186,0.891,18.812,-9.502,167.020,Yaw
-0.765,-0.175,0.998,41.650,-3.141,34.904,Yaw
-0.602,-0.268,0.510,24.071,0.954,-220.124,Yaw
-0.855,-0.311,0.384,6.965,2.861,-286.685,Yaw
-0.085,-0.057,0.293,30.914,-2.966,-286.405,Yaw
-0.038,0.278,0.317,9.056,-5.425,-286.685,Yaw
0.195,0.371,0.773,21.035,-0.455,-286.685,Yaw
0.331,0.465,0.740,31.062,-2.100,-216.291,Yaw
0.382,0.076,0.859,-11.681,1.418,135.809,Yaw
0.523,0.186,0.393,-61.145,3.736,286.527,Yaw
0.385,0.879,0.444,-11.637,-9.056,286.685,Yaw
0.001,0.437,0.534,-72.975,-16.625,286.685,Yaw
-0.318,-0.076,0.728,18.576,-16.424,286.212,Yaw
-0.455,-0.241,0.898,48.694,-7.875,259.114,Yaw
-0.571,-0.367,0.962,5.495,-2.660,117.635,Yaw
-0.699,-0.172,1.011,0.761,-1.986,-83.545,Yaw
-0.444,0.128,1.107,-8.601,-0.665,-286.283,Yaw
-0.536,0.018,0.658,-28.263,3.561,-286.685,Yaw
-0.049,0.176,0.540,18.795,11.524,-286.685,Yaw
0.333,0.105,0.512,10.719,-0.184,-286.685,Yaw
0.524,0.306,0.698,54.854,0.175,-266.000,Yaw
0.240,0.360,0.954,17.404,-1.251,1.680,Yaw
0.363,0.709,0.041,-61.819,-10.701,286.685,Yaw
-0.072,0.609,0.649,-27.694,-9.538,286.685,Yaw
-0.350,-0.161,0.567,-67.707,-20.046,280.674,Yaw
-0.237,-0.194,0.729,-8.444,-18.384,238.166,Yaw
-0.241,-0.216,0.987,31.964,-11.550,196.875,Yaw
-0.290,-0.010,1.034,32.340,-3.439,48.274,Yaw
-0.401,-0.200,1.182,28.735,-1.190,-94.885,Yaw
-0.315,0.152,1.128,-21.009,-0.219,-245.350,Yaw
-0.663,0.086,0.566,-16.231,13.142,-286.685,Yaw
0.577,0.130,0.412,75.985,14.674,-286.685,Yaw
0.382,0.128,0.634,21.017,-2.984,-277.926,Yaw
0.120,0.316,0.544,39.909,-2.398,-281.811,Yaw
0.362,0.186,0.994,63.586,-7.753,-166.644,Yaw
0.367,0.404,0.574,-63.499,7.219,279.151,Yaw
0.594,0.449,0.167,-29.015,-21.350,286.685,Yaw
0.131,0.303,0.943,-38.535,-8.776,286.685,Yaw
-0.508,-0.109,0.720,1.190,-13.099,279.510,Yaw
-0.662,-0.326,0.941,54.827,-3.290,166.285,Yaw
-0.396,0.117,1.008,-0.359,-2.852,75.399,Yaw
-0.356,-0.014,1.029,0.822,-1.951,-87.299,Yaw
-0.629,0.289,0.579,1.225,0.341,-286.475,Yaw
-0.138,0.051,0.435,2.844,0.709,-286.685,Yaw
0.164,0.051,0.587,19.058,11.016,-286.685,Yaw
0.166,0.111,0.738,7.306,0.210,-286.685,Yaw
0.061,0.379,0.570,6.134,1.531,-286.326,Yaw
0.350,0.177,0.931,13.318,-2.704,-197.041,Yaw
0.692,0.323,0.841,-1.680,-2.608,254.144,Yaw
0.406,0.792,0.379,-14.131,-2.406,286.685,Yaw
-0.251,0.668,0.528,-14.245,-9.879,286.685,Yaw
-0.422,0.033,0.621,-25.874,-16.817,286.422,Yaw
-0.567,-0.364,0.940,53.270,-2.354,210.595,Yaw
-0.492,-0.671,0.973,-2.336,-4.349,102.533,Yaw
-0.375,-0.155,1.076,0.998,-2.800,5.898,Yaw
-0.587,0.090,0.830,0.516,-1.426,-210.542,Yaw
-0.650,0.405,0.411,3.360,2.432,-286.685,Yaw
-0.124,0.000,0.648,14.726,8.881,-286.685,Yaw
0.455,0.113,0.501,14.114,-7.429,-286.685,Yaw
0.189,0.358,0.662,-2.441,-2.485,-237.825,Yaw
0.450,0.160,1.054,-0.446,-2.826,0.254,Yaw
0.460,0.279,0.777,-5.819,-4.970,247.091,Yaw
0.260,0.781,0.676,-11.182,-13.422,286.685,Yaw
-0.141,0.502,0.358,-61.101,-16.931,286.685,Yaw
-0.361,0.013,0.706,18.305,-20.370,266.901,Yaw
-0.420,-0.136,0.903,80.019,-6.230,215.924,Yaw
-0.537,-0.730,0.885,-9.074,-8.995,129.255,Yaw
-0.510,-0.239,1.092,-1.479,-3.421,31.666,Yaw
-0.182,0.469,0.942,-4.952,-0.796,-162.199,Yaw
-0.378,0.496,0.772,9.494,0.892,-286.685,Yaw
-0.556,0.091,0.353,3.474,1.295,-286.685,Yaw
0.162,-0.047,0.552,7.105,1.663,-286.685,Yaw
0.085,0.300,0.450,7.298,10.141,-286.685,Yaw
0.184,0.552,0.624,11.182,8.610,-286.685,Yaw
0.335,0.205,0.837,63.446,-4.331,-272.913,Yaw
0.503,-0.040,1.021,-13.073,-1.033,74.121,Yaw
0.360,0.672,0.523,-98.551,-3.964,286.685,Yaw
-0.153,0.750,0.347,-6.834,-9.336,286.685,Yaw
-0.489,0.020,0.333,-63.884,-14.630,286.650,Yaw
-0.431,-0.208,0.816,68.941,-6.711,230.510,Yaw
-0.235,-0.615,0.816,0.849,-1.759,162.015,Yaw
-0.151,-0.126,0.788,-0.744,-3.054,113.890,Yaw
-0.120,0.173,0.769,-14.525,-12.539,-5.390,Yaw
-0.369,0.270,0.663,1.006,-0.840,-259.009,Yaw
-0.484,0.492,0.624,2.503,1.278,-286.685,Yaw
-0.023,0.358,0.452,3.281,0.656,-286.685,Yaw
0.542,0.048,0.818,24.141,13.667,-286.685,Yaw
0.259,0.211,0.898,27.379,-3.194,-283.220,Yaw
0.137,0.048,1.039,35.893,-4.200,-144.165,Yaw
0.135,0.031,1.037,-39.366,-0.543,194.197,Yaw
0.247,0.092,0.421,-61.749,-8.610,286.685,Yaw
0.002,0.449,0.809,-9.196,-8.234,286.685,Yaw
-0.206,-0.187,0.735,-64.129,-15.811,240.678,Yaw
-0.144,-0.159,0.800,6.624,-14.613,219.441,Yaw
-0.239,-0.151,1.057,29.522,-10.587,216.046,Yaw
-0.237,0.070,0.996,22.899,-3.325,54.373,Yaw
-0.384,0.033,1.150,11.882,0.280,-193.384,Yaw
-0.335,0.168,0.710,-21.420,6.160,-286.685,Yaw
-0.282,-0.015,0.673,-8.269,12.075,-286.685,Yaw
0.197,0.036,0.835,69.073,39.060,-286.685,Yaw
0.217,0.094,0.421,30.503,-31.115,-286.457,Yaw
0.542,0.210,1.009,-28.647,-3.824,-16.546,Yaw
0.695,0.278,0.581,-5.338,-4.235,276.150,Yaw
0.229,0.884,0.641,-27.300,-12.302,286.685,Yaw
-0.173,0.074,0.714,-123.497,-32.900,286.466,Yaw
-0.462,-0.134,0.773,-26.950,-27.851,222.696,Yaw
-0.364,-0.279,0.869,15.190,-14.516,123.550,Yaw
-0.274,0.022,0.951,47.504,-6.064,35.359,Yaw
-0.487,-0.061,1.237,22.750,4.515,-121.319,Yaw
-0.591,0.251,0.718,-2.940,24.132,-286.685,Yaw
-0.493,-0.073,0.635,55.335,33.600,-286.685,Yaw
0.622,0.060,0.027,74.629,7.682,-286.685,Yaw
0.184,0.283,0.703,33.766,-2.179,-286.685,Yaw
-0.108,0.237,0.484,84.753,-5.661,-286.388,Yaw
0.549,0.178,0.744,87.308,-6.939,-221.104,Yaw
0.504,0.295,0.503,-76.414,15.321,261.441,Yaw
0.177,0.200,0.171,-95.865,-12.898,286.685,Yaw
-0.012,0.270,0.663,-89.250,-8.199,286.685,Yaw
-0.335,0.088,0.588,-128.747,-43.654,286.685,Yaw
-0.627,-0.208,0.619,12.871,-33.583,247.415,Yaw
-0.226,-0.274,1.082,78.365,-10.955,97.991,Yaw
-0.091,-0.116,1.188,25.585,-2.188,-6.387,Yaw
-0.341,-0.137,1.125,-5.443,3.483,-111.825,Yaw
-0.594,0.034,0.674,-26.600,25.847,-286.685,Yaw
-0.228,-0.040,0.609,45.806,35.857,-286.685,Yaw
0.230,0.183,0.710,107.573,16.126,-286.685,Yaw
0.534,0.060,0.671,18.410,9.056,-286.685,Yaw
0.065,0.492,0.913,-1.951,-2.310,-126.761,Yaw
0.484,0.289,0.887,-5.285,-4.515,217.271,Yaw
0.133,0.680,0.710,-16.354,-8.724,286.685,Yaw
0.257,0.134,0.743,-107.669,-22.951,286.685,Yaw
-0.383,-0.067,0.494,-153.886,-50.986,286.685,Yaw
-0.806,-0.223,0.791,-16.677,-39.533,259.954,Yaw
-0.295,-0.152,1.025,42.499,-18.567,124.285,Yaw
-0.134,-0.039,1.123,33.075,-5.906,-24.675,Yaw
-0.466,0.034,1.064,-6.501,16.931,-181.702,Yaw
-0.398,0.175,0.617,28.542,41.318,-286.685,Yaw
-0.238,0.017,0.364,77.683,47.049,-286.685,Yaw
0.397,0.067,0.500,176.286,11.996,-286.510,Yaw
0.666,0.105,0.437,7.586,-2.371,-88.673,Yaw
0.408,0.495,0.501,-18.270,-17.517,286.685,Yaw
0.567,0.338,1.079,-70.140,-10.167,285.372,Yaw
0.224,0.176,0.714,-98.630,-25.384,285.408,Yaw
-0.129,0.018,0.877,-50.339,-25.839,258.484,Yaw
-0.064,0.065,0.966,-7.543,-17.517,158.917,Yaw
-0.652,0.111,0.824,22.829,-1.881,-4.935,Yaw
-1.247,0.149,0.220,149.056,26.416,-286.685,Yaw
-0.120,-0.845,0.266,37.048,2.328,-286.685,Yaw
-0.644,0.086,0.247,91.158,-14.420,-286.685,Yaw
-0.063,0.257,0.345,132.930,-15.435,-286.685,Yaw
0.330,0.522,0.640,116.130,-61.390,-286.685,Yaw
0.244,0.438,0.850,-22.969,-37.319,-204.697,Yaw
0.110,0.193,0.205,-148.208,15.409,185.386,Yaw
0.482,0.406,0.442,-162.811,7.184,286.685,Yaw
0.891,0.786,0.324,-9.004,-9.354,286.685,Yaw
0.095,0.652,0.562,-98.604,-21.718,286.685,Yaw
-0.719,-0.050,0.306,-73.692,-49.787,286.624,Yaw
-0.934,-0.419,0.837,68.749,-14.123,149.065,Yaw
-0.527,-0.318,1.094,83.107,0.192,-66.964,Yaw
-0.174,-0.002,1.338,20.930,-1.129,-145.408,Yaw
-0.435,0.342,0.874,-40.373,3.824,-284.909,Yaw
-0.231,0.345,0.640,31.246,13.825,-286.685,Yaw
0.494,0.314,0.445,19.311,7.849,-286.685,Yaw
0.425,0.022,0.618,6.965,-0.228,-268.188,Yaw
0.415,0.181,1.161,0.411,-2.398,-32.007,Yaw
0.475,0.446,0.589,-5.784,-8.094,283.649,Yaw
0.115,0.655,0.391,-23.266,-7.648,286.685,Yaw
-0.175,0.142,0.668,-24.413,-12.932,286.685,Yaw
-0.643,0.031,0.723,30.853,-9.844,281.881,Yaw
-0.534,-0.483,1.028,0.814,-2.774,73.141,Yaw
-0.059,-0.053,1.039,0.192,-3.045,-9.695,Yaw
-0.333,-0.015,1.027,0.928,-1.601,-127.925,Yaw
-0.337,-0.083,0.333,4.427,1.059,-286.685,Yaw
-0.230,-0.166,0.404,4.497,-2.039,-286.685,Yaw
0.015,0.247,0.645,1.505,-1.050,-283.342,Yaw
0.237,0.394,0.885,9.074,2.870,-276.640,Yaw
0.508,0.335,0.930,11.944,-2.301,-175.254,Yaw
0.534,0.192,1.048,-12.915,-5.285,200.497,Yaw
0.176,0.215,0.557,-1.549,-5.994,286.685,Yaw
-0.395,0.232,0.694,-1.697,-6.186,283.334,Yaw
0.056,0.147,0.554,-0.604,-4.944,286.624,Yaw
-0.322,-0.120,1.099,-5.180,-5.145,272.108,Yaw
-0.611,-0.545,0.967,-23.712,-5.066,149.056,Yaw
-0.559,0.405,0.633,-0.490,-1.173,-53.191,Yaw
-0.183,-0.074,0.519,21.884,1.426,-286.335,Yaw
-0.149,-0.118,0.679,3.334,1.803,-286.685,Yaw
0.057,0.001,0.405,10.185,5.250,-286.685,Yaw
0.135,0.254,0.696,10.544,2.310,-286.685,Yaw
0.293,0.381,0.838,-0.647,-4.331,-226.616,Yaw
0.412,0.368,1.015,0.061,-3.902,136.771,Yaw
0.343,0.596,0.735,-1.619,-6.562,286.685,Yaw
-0.231,0.529,0.369,-10.596,-6.519,286.685,Yaw
-0.572,0.016,0.649,18.646,-8.094,286.519,Yaw
-0.505,-0.631,0.981,0.157,-3.955,193.270,Yaw
-0.149,-0.338,0.939,0.385,-2.590,132.729,Yaw
-0.152,0.003,0.957,-2.783,-3.474,161.516,Yaw
-0.050,0.135,0.950,-11.191,-1.531,-28.805,Yaw
-0.163,-0.011,0.970,15.986,0.044,-234.693,Yaw
-0.257,-0.132,0.611,0.770,-0.114,-286.685,Yaw
-0.091,0.005,0.651,2.205,0.018,-286.685,Yaw
0.252,0.206,0.732,2.415,1.269,-286.685,Yaw
0.152,0.337,0.736,15.111,6.466,-264.486,Yaw
0.120,0.182,0.905,3.614,-1.645,-139.458,Yaw
0.080,-0.161,1.019,-0.201,-3.369,-9.931,Yaw
0.373,0.173,0.402,-8.636,-7.262,273.709,Yaw
0.195,0.405,0.289,-1.278,-8.339,286.685,Yaw
-0.061,0.322,0.678,-13.309,-7.840,286.685,Yaw
-0.285,-0.015,0.791,18.944,-4.427,286.554,Yaw
-0.525,-0.287,0.589,-0.989,-3.483,234.141,Yaw
-0.450,-0.080,0.962,-0.026,-3.483,101.150,Yaw
-0.254,0.088,1.039,0.079,-2.030,-43.969,Yaw
-0.365,0.141,1.099,-0.131,-1.339,-195.038,Yaw
-0.464,0.283,0.342,-0.577,1.960,-286.685,Yaw
0.015,0.134,0.696,2.572,1.811,-286.685,Yaw
0.463,0.076,0.794,7.000,3.763,-286.685,Yaw
0.367,0.243,0.860,16.083,6.974,-264.399,Yaw
0.097,0.250,0.716,-17.089,-15.076,-145.556,Yaw
0.222,-0.195,0.959,3.815,-0.674,-16.109,Yaw
0.426,0.166,0.595,-7.875,-5.959,283.203,Yaw
0.370,0.551,0.642,-11.576,-14.017,286.685,Yaw
-0.106,0.294,0.421,-57.347,-9.485,286.685,Yaw
-0.615,-0.109,0.652,8.094,-20.624,278.171,Yaw
-0.543,-0.269,1.078,92.418,-1.400,60.760,Yaw
-0.107,-0.395,1.020,-1.697,-4.751,2.494,Yaw
-0.310,0.258,1.059,-3.999,-2.039,-139.239,Yaw
-0.362,0.444,0.353,10.203,1.663,-286.685,Yaw
-0.141,-0.036,0.507,3.036,0.394,-286.685,Yaw
0.221,-0.175,0.463,24.369,13.116,-286.685,Yaw
0.328,0.103,0.648,4.244,-0.551,-284.883,Yaw
0.217,0.193,0.817,3.605,-1.969,-196.271,Yaw
0.567,0.020,0.946,-1.487,-2.966,100.450,Yaw
0.467,0.393,0.458,-23.503,-17.413,286.151,Yaw
0.203,0.664,0.755,-37.607,-3.089,286.685,Yaw
-0.468,0.351,0.613,-63.464,-37.266,286.685,Yaw
-0.541,-0.058,0.597,37.546,-20.256,238.875,Yaw
-0.504,-0.224,0.981,107.126,-4.874,7.674,Yaw
-0.216,-0.348,0.974,1.015,-3.264,-24.587,Yaw
-0.481,0.117,0.999,-38.675,1.085,-244.387,Yaw
-0.412,0.332,0.333,-4.130,16.914,-286.685,Yaw
-0.135,0.045,0.732,71.899,13.011,-286.685,Yaw
0.394,-0.104,0.307,4.637,-0.525,-286.685,Yaw
0.118,0.269,0.816,2.205,-1.207,-255.710,Yaw
0.319,0.070,0.980,1.033,-2.100,-89.241,Yaw
0.432,-0.011,0.994,-1.330,-6.650,264.206,Yaw
0.380,0.499,0.429,-6.309,-10.001,286.685,Yaw
-0.056,0.238,0.474,-74.454,-23.975,286.685,Yaw
-0.465,0.094,0.583,-35.376,-28.131,285.845,Yaw
-0.326,-0.093,0.770,43.768,-8.829,129.561,Yaw
-0.359,-0.240,1.222,77.683,-1.829,40.040,Yaw
-0.397,-0.121,1.189,-3.535,-2.398,-37.993,Yaw
-0.481,0.291,0.611,-46.051,2.896,-281.654,Yaw
-0.390,0.198,0.410,-26.075,24.080,-286.685,Yaw
0.215,-0.206,0.832,31.421,29.505,-286.685,Yaw
0.391,0.209,0.801,52.386,9.231,-285.189,Yaw
0.120,0.252,0.317,7.446,-8.076,-221.891,Yaw
0.001,0.084,0.768,2.345,-2.170,-128.161,Yaw
0.072,-0.127,1.039,0.735,-2.581,-10.430,Yaw
0.447,0.178,0.683,-9.958,-7.858,270.559,Yaw
0.178,0.593,0.924,-4.970,-9.109,286.685,Yaw
-0.066,0.247,0.508,-27.038,-19.670,286.685,Yaw
-0.353,0.069,0.489,-17.456,-19.827,286.685,Yaw
-0.336,-0.137,0.928,59.999,-6.668,203.149,Yaw
-0.186,-0.339,1.008,-2.065,-4.830,65.520,Yaw
-0.301,0.109,1.053,0.079,-2.966,-28.901,Yaw
-0.444,-0.133,1.127,-4.392,-1.173,-176.837,Yaw
-0.388,0.108,0.699,-52.001,6.738,-286.685,Yaw
-0.364,0.171,0.512,-30.371,25.926,-286.685,Yaw
0.077,0.473,0.485,54.294,33.162,-286.685,Yaw
0.371,0.561,0.963,90.904,10.273,-286.685,Yaw
0.278,0.055,0.637,3.990,-2.039,-215.443,Yaw
0.090,-0.249,1.004,0.858,-2.686,-55.475,Yaw
0.483,-0.081,1.031,-9.188,-7.420,253.890,Yaw
0.348,0.446,0.594,-6.239,-9.783,286.685,Yaw
0.025,0.269,0.520,-41.641,-22.295,286.685,Yaw
-0.652,0.155,0.515,-47.854,-36.243,286.685,Yaw
-0.507,-0.188,0.912,55.886,-14.403,191.249,Yaw
-0.386,-0.283,1.157,65.126,-3.080,28.849,Yaw
-0.315,-0.151,1.200,11.340,-0.184,-131.128,Yaw
-0.388,0.160,0.639,-17.675,7.298,-286.685,Yaw
-0.432,-0.195,0.620,30.266,14.289,-286.685,Yaw
0.221,-0.001,0.784,65.520,12.670,-286.685,Yaw
0.188,0.356,0.584,2.118,-1.820,-263.226,Yaw
0.127,0.343,0.965,-3.054,-4.830,-123.191,Yaw
0.234,0.240,1.027,-0.700,-2.984,78.260,Yaw
0.558,0.213,0.769,-1.207,-4.655,276.789,Yaw
0.169,0.167,0.634,-27.388,-8.339,286.685,Yaw
-0.285,0.166,0.667,-87.894,-21.577,286.685,Yaw
-0.404,0.069,0.625,-30.100,-26.565,271.854,Yaw
-0.340,-0.085,0.828,35.595,-15.251,168.446,Yaw
-0.207,-0.289,1.196,48.720,-6.335,78.715,Yaw
-0.461,-0.260,1.151,-5.040,-1.837,-24.728,Yaw
-0.501,0.112,0.917,-25.034,12.294,-276.658,Yaw
-0.593,0.155,0.378,0.096,26.539,-286.685,Yaw
-0.076,0.033,0.765,60.174,19.618,-286.685,Yaw
0.284,0.253,0.595,-0.761,0.385,-286.685,Yaw
0.248,0.476,0.813,3.596,-0.096,-272.160,Yaw
0.264,0.344,0.890,16.231,7.543,-228.979,Yaw
0.504,0.103,1.068,-10.929,-9.905,44.362,Yaw
0.536,0.378,0.454,-4.769,-7.157,286.685,Yaw
0.061,0.396,0.554,-41.991,-8.610,286.685,Yaw
-0.517,0.041,0.624,-70.490,-26.792,286.685,Yaw
-0.633,-0.040,0.776,16.564,-17.841,262.658,Yaw
-0.369,-0.362,1.100,78.094,-1.768,45.395,Yaw
-0.532,-0.215,1.051,-0.866,-3.010,-64.881,Yaw
-0.628,0.285,0.799,-4.681,-0.087,-263.078,Yaw
-0.320,0.028,0.402,0.761,2.695,-286.685,Yaw
0.151,-0.123,0.716,3.946,2.047,-286.685,Yaw
0.341,0.422,0.919,3.535,-0.333,-281.636,Yaw
0.068,0.443,0.874,-1.085,-2.966,-244.633,Yaw
0.242,0.137,1.020,1.794,-1.304,-156.660,Yaw
0.396,0.100,0.866,-6.886,-8.172,166.477,Yaw
0.495,0.521,0.529,-3.806,-7.831,286.685,Yaw
-0.033,0.449,0.510,-31.036,-11.130,286.685,Yaw
-0.353,0.073,0.501,-71.916,-24.684,286.685,Yaw
-0.292,-0.165,0.715,-15.496,-26.329,285.670,Yaw
-0.338,-0.276,1.043,58.502,-12.189,196.481,Yaw
-0.411,-0.072,1.150,45.272,-5.661,98.026,Yaw
-0.283,0.249,1.148,18.769,-0.936,-52.456,Yaw
-0.371,0.226,0.292,8.619,2.625,-282.669,Yaw
-0.182,-0.030,0.416,6.239,4.594,-286.685,Yaw
0.176,-0.127,0.854,-1.050,5.416,-286.685,Yaw
0.313,0.071,0.742,9.494,23.590,-286.685,Yaw
0.130,0.340,0.863,24.159,-13.387,-286.431,Yaw
0.100,0.032,0.934,3.631,-1.969,-205.056,Yaw
0.144,-0.113,1.151,-1.803,-4.804,-44.091,Yaw
0.482,-0.002,0.627,-3.351,-5.976,277.585,Yaw
0.113,0.568,0.414,-34.694,-11.891,286.685,Yaw
-0.364,0.162,0.593,-89.128,-34.580,286.685,Yaw
-0.271,0.115,0.523,-37.284,-37.021,286.685,Yaw
-0.182,-0.138,0.778,55.151,-19.705,247.747,Yaw
-0.284,-0.173,1.203,74.217,-5.495,95.130,Yaw
-0.278,-0.104,1.233,20.597,-2.476,-22.846,Yaw
-0.356,0.002,1.171,-24.876,-1.400,-159.906,Yaw
-0.265,0.393,0.384,-43.540,11.235,-286.685,Yaw
0.046,0.127,0.905,36.566,19.093,-286.685,Yaw
0.114,0.076,0.948,53.051,3.010,-286.685,Yaw
0.194,-0.054,0.555,-12.189,-12.512,-286.685,Yaw
0.129,-0.151,1.040,3.098,-0.096,-260.943,Yaw
0.367,0.240,1.008,-0.228,-3.124,-17.500,Yaw
0.470,0.333,0.318,-4.804,-6.755,286.685,Yaw
0.238,0.407,0.497,-21.411,-10.430,286.685,Yaw
-0.415,0.255,0.505,-42.901,-11.760,286.685,Yaw
-0.316,-0.096,0.566,41.816,-13.073,262.622,Yaw
-0.036,-0.348,0.759,1.409,-5.023,171.833,Yaw
-0.218,-0.004,0.950,-0.201,-4.104,96.793,Yaw
-0.299,0.037,1.040,0.455,-2.459,-24.894,Yaw
-0.264,0.208,0.350,1.199,-0.577,-270.515,Yaw
-0.264,0.294,0.661,-0.770,2.240,-286.685,Yaw
0.098,0.035,0.786,-2.503,2.931,-286.685,Yaw
0.221,-0.041,0.838,-2.310,20.300,-286.685,Yaw
0.116,0.054,0.851,32.016,6.711,-286.685,Yaw
0.107,-0.004,0.710,-16.476,-18.585,-240.958,Yaw
0.359,0.043,0.918,0.368,-3.342,81.051,Yaw
0.363,0.270,0.366,-3.605,-6.580,283.430,Yaw
-0.016,0.197,0.432,-38.106,-11.839,286.685,Yaw
-0.519,0.077,0.502,-65.039,-29.452,286.685,Yaw
-0.264,0.049,0.629,-40.644,-25.358,280.621,Yaw
-0.155,-0.144,0.916,29.671,-11.384,143.710,Yaw
-0.201,-0.061,1.112,35.000,-0.499,-44.074,Yaw
-0.292,-0.016,0.987,13.545,6.125,-252.744,Yaw
-0.226,-0.015,0.653,-1.837,13.186,-286.685,Yaw
-0.151,-0.136,0.855,-9.581,15.908,-286.685,Yaw
-0.010,-0.063,0.731,38.377,28.525,-286.169,Yaw
0.068,0.355,0.817,18.436,-19.267,-251.186,Yaw
0.354,0.163,0.849,-0.534,-2.721,-114.923,Yaw
0.610,0.141,0.784,-1.558,-4.751,155.129,Yaw
0.283,0.307,0.740,-39.629,-9.993,286.685,Yaw
-0.248,-0.064,0.592,-86.704,-29.663,286.685,Yaw
-0.520,0.071,0.694,-34.615,-33.268,286.580,Yaw
-0.226,0.091,0.729,34.860,-18.104,200.042,Yaw
-0.057,-0.017,1.109,89.609,-4.436,35.963,Yaw
-0.108,-0.062,1.062,46.287,-1.645,-42.674,Yaw
-0.423,-0.122,0.847,1.102,-1.024,-254.415,Yaw
-0.409,0.193,0.405,2.625,0.525,-286.685,Yaw
-0.140,0.069,0.815,4.323,1.566,-286.685,Yaw
0.375,-0.015,0.766,2.984,0.350,-286.589,Yaw
0.308,0.169,0.802,0.472,-2.721,-256.909,Yaw
0.023,0.058,0.926,2.118,-0.770,-192.745,Yaw
0.212,0.054,1.014,-0.525,-3.439,64.137,Yaw
0.469,0.273,0.596,-4.200,-6.738,286.685,Yaw
0.355,0.340,0.436,-56.359,-17.150,286.685,Yaw
-0.253,0.305,0.367,-39.778,-29.059,286.685,Yaw
-0.344,0.173,0.538,53.393,-21.210,283.806,Yaw
-0.291,-0.610,0.632,9.459,0.919,147.481,Yaw
-0.272,-0.293,1.083,-0.157,-3.369,49.228,Yaw
-0.426,0.060,0.930,-11.716,-10.920,-23.214,Yaw
-0.326,0.355,0.908,-6.904,-0.018,-256.961,Yaw
-0.193,0.200,0.335,-10.465,5.512,-286.685,Yaw
-0.036,0.032,0.719,-37.004,15.260,-286.685,Yaw
0.254,-0.199,0.738,-12.932,32.603,-286.685,Yaw
0.216,0.153,0.750,25.497,16.529,-286.685,Yaw
-0.011,0.231,0.789,36.330,-13.177,-283.780,Yaw
0.245,0.112,0.758,-1.269,-5.880,-75.801,Yaw
0.537,0.076,0.679,-0.087,-3.509,203.962,Yaw
0.234,0.608,0.380,-11.060,-8.636,286.685,Yaw
-0.182,-0.001,0.444,-38.080,-7.936,286.685,Yaw
-0.623,0.102,0.548,-9.835,-29.015,286.606,Yaw
-0.325,0.042,0.743,72.853,-12.766,231.280,Yaw
0.095,-0.334,0.532,6.475,-4.008,83.186,Yaw
-0.196,0.195,1.067,0.245,-2.984,27.466,Yaw
-0.402,0.207,1.030,-8.172,-1.558,-196.254,Yaw
-0.367,0.354,0.701,-28.472,3.054,-286.685,Yaw
-0.057,0.049,0.775,-30.861,15.977,-286.685,Yaw
0.181,-0.104,0.573,-20.449,68.285,-286.685,Yaw
0.208,0.152,0.497,14.227,50.120,-286.685,Yaw
0.038,0.227,0.879,74.585,47.425,-286.685,Yaw
-0.099,0.213,0.468,121.765,-7.787,-238.595,Yaw
0.250,-0.318,0.757,-61.688,-44.170,141.663,Yaw
0.643,0.058,0.291,-7.840,-7.385,286.685,Yaw
-0.048,0.404,0.550,-31.570,-9.389,286.685,Yaw
-0.384,0.209,0.533,-63.647,-41.939,286.685,Yaw
-0.211,0.099,0.445,-56.149,-43.129,285.950,Yaw
0.013,-0.071,0.929,36.995,-19.889,173.329,Yaw
0.049,-0.087,1.030,48.939,-7.044,51.170,Yaw
-0.316,-0.031,1.044,31.745,7.735,-171.955,Yaw
-0.444,0.132,0.765,2.599,19.565,-286.685,Yaw
-0.114,-0.040,0.557,24.850,24.885,-286.685,Yaw
0.383,0.023,0.838,53.935,18.550,-286.685,Yaw
0.343,0.041,0.771,69.326,13.983,-286.685,Yaw
0.036,-0.046,0.732,15.645,0.429,-273.079,Yaw
-0.009,0.072,1.003,-18.725,-4.463,-145.985,Yaw
0.109,-0.010,1.020,-15.382,-13.431,4.891,Yaw
0.382,0.052,0.654,-1.444,-4.900,271.880,Yaw
-0.049,0.452,0.835,-43.356,-8.759,286.685,Yaw
-0.105,-0.136,0.699,-115.124,-40.373,286.685,Yaw
-0.363,0.074,0.676,-95.567,-45.631,286.624,Yaw
-0.138,-0.045,0.693,11.996,-46.856,273.035,Yaw
-0.264,-0.058,0.927,85.838,-9.870,63.245,Yaw
-0.292,-0.001,1.146,85.199,0.219,-61.705,Yaw
-0.444,0.172,1.206,55.256,1.601,-243.740,Yaw
-0.132,0.399,0.564,2.546,1.365,-286.685,Yaw
0.082,0.351,0.566,-2.223,7.061,-286.685,Yaw
0.513,-0.009,0.705,40.443,14.044,-286.685,Yaw
0.366,-0.239,0.785,44.844,-6.930,-286.685,Yaw
0.106,-0.082,0.742,14.472,-8.033,-273.578,Yaw
0.065,-0.071,1.008,-40.162,-4.778,-21.096,Yaw
0.575,0.112,0.307,-15.365,-16.153,286.685,Yaw
0.147,0.548,0.770,-50.173,-12.057,286.685,Yaw
-0.142,0.189,0.713,-89.434,-33.644,286.685,Yaw
-0.627,-0.182,0.749,-25.699,-35.035,273.166,Yaw
-0.445,0.099,0.847,31.815,13.589,24.351,Yaw
-0.227,0.125,1.116,49.612,1.269,-93.284,Yaw
-0.192,0.185,1.090,16.144,3.973,-206.841,Yaw
-0.386,0.381,0.445,36.295,10.281,-286.685,Yaw
-0.089,-0.314,0.814,44.275,17.028,-286.685,Yaw
0.229,-0.247,0.821,19.670,12.373,-286.519,Yaw
-0.012,0.220,0.505,9.660,3.832,-286.545,Yaw
0.164,0.085,0.759,20.904,-9.485,-285.154,Yaw
0.393,0.115,0.993,-39.690,-24.211,102.777,Yaw
0.585,0.098,0.485,-4.804,-7.114,286.685,Yaw
0.110,0.471,0.446,-54.661,-9.625,286.685,Yaw
-0.477,-0.041,0.766,-78.531,-35.368,286.685,Yaw
-0.271,-0.160,0.836,5.740,-42.936,223.886,Yaw
-0.300,0.080,0.792,37.319,15.111,22.636,Yaw
-0.125,0.199,0.983,84.315,1.759,-47.644,Yaw
-0.362,0.019,1.139,8.409,0.464,-206.054,Yaw
-0.684,0.572,0.412,-21.175,12.259,-286.685,Yaw
-0.011,0.063,0.732,8.767,24.010,-286.685,Yaw
0.428,-0.047,1.090,34.361,48.309,-286.685,Yaw
0.294,0.137,0.914,-13.921,30.923,-286.685,Yaw
-0.003,0.233,0.820,23.144,5.591,-257.066,Yaw
0.162,0.045,0.788,55.930,-45.430,-29.593,Yaw
0.665,-0.319,0.358,-1.601,-15.356,201.232,Yaw
0.269,0.171,0.555,-8.496,-10.045,286.685,Yaw
-0.079,0.362,0.387,-112.901,-14.455,286.685,Yaw
-0.340,0.139,0.608,-66.290,-51.327,286.685,Yaw
-0.412,-0.148,0.655,28.735,-41.554,231.954,Yaw
-0.280,0.032,1.029,97.606,14.507,-30.861,Yaw
-0.020,0.027,0.988,51.432,-0.569,-62.388,Yaw
-0.395,0.295,0.996,-11.637,-0.814,-279.422,Yaw
-0.250,0.218,0.446,-22.837,4.786,-286.685,Yaw
0.182,-0.012,0.420,-26.801,18.174,-286.685,Yaw
0.256,0.000,0.880,46.550,70.857,-286.685,Yaw
0.146,0.075,0.923,51.809,38.237,-286.676,Yaw
0.157,-0.025,0.792,26.346,-6.449,-275.284,Yaw
0.530,-0.301,0.769,27.186,-71.076,-31.360,Yaw
0.612,-0.128,0.383,-32.182,-8.977,286.545,Yaw
0.094,0.676,0.754,-30.468,-11.550,286.685,Yaw
-0.132,0.428,0.639,-83.186,-14.884,286.685,Yaw
-0.116,-0.048,0.674,-42.884,-27.169,283.736,Yaw
-0.071,0.003,0.892,33.740,-5.626,145.775,Yaw
-0.266,0.104,1.094,59.342,-4.751,61.285,Yaw
-0.582,0.047,1.173,43.243,-1.601,-8.356,Yaw
-0.583,0.274,0.893,-5.565,0.630,-255.167,Yaw
-0.183,0.326,0.203,-19.355,8.855,-286.685,Yaw
0.200,0.010,0.753,8.488,21.639,-286.685,Yaw
0.395,-0.012,0.963,79.345,43.995,-286.685,Yaw
0.248,-0.052,0.926,5.372,-21.403,-285.372,Yaw
0.247,-0.108,1.001,4.226,-1.496,-261.258,Yaw
0.219,0.036,0.955,1.383,-2.537,-86.345,Yaw
0.496,0.083,0.765,-7.385,-7.936,229.303,Yaw
0.260,0.543,0.711,-13.160,-6.046,286.685,Yaw
-0.229,0.100,0.787,-93.196,-26.241,286.685,Yaw
-0.486,0.027,0.511,-40.092,-35.455,281.689,Yaw
-0.224,-0.083,0.773,36.916,-16.590,181.361,Yaw
-0.064,0.038,1.101,71.225,-1.216,-24.990,Yaw
-0.235,0.097,1.138,22.470,0.945,-180.705,Yaw
-0.378,-0.001,0.715,-8.120,5.565,-286.685,Yaw
-0.236,-0.153,0.746,8.706,8.050,-286.685,Yaw
0.260,-0.161,1.021,28.691,9.485,-286.685,Yaw
0.038,0.104,0.958,3.281,-0.884,-249.576,Yaw
0.115,0.147,0.943,1.164,-8.243,-183.426,Yaw
0.297,-0.023,1.025,-3.255,-6.764,-51.170,Yaw
0.587,-0.036,0.824,-11.594,-12.941,280.184,Yaw
0.012,0.355,0.512,-82.469,-13.755,286.685,Yaw
-0.530,0.201,0.522,-144.016,-48.178,286.204,Yaw
-0.276,0.034,0.575,-75.495,-33.600,224.053,Yaw
0.038,0.110,0.798,43.969,-17.413,57.864,Yaw
0.111,-0.096,1.164,79.914,-7.455,53.769,Yaw
-0.232,0.159,1.064,32.944,-0.350,-35.403,Yaw
-0.427,0.149,0.680,21.569,9.783,-229.145,Yaw
-0.411,-0.096,0.456,43.243,20.116,-286.685,Yaw
0.370,-0.104,0.943,51.879,5.679,-286.685,Yaw
0.007,0.288,0.924,-18.515,2.529,-286.685,Yaw
-0.001,0.127,0.953,-5.364,5.924,-286.685,Yaw
0.246,-0.050,1.110,11.340,6.878,-284.979,Yaw
0.400,-0.137,0.966,20.545,-10.771,-63.280,Yaw
0.556,-0.147,0.807,-2.118,-4.270,246.549,Yaw
0.445,0.169,0.584,-21.849,-9.415,286.685,Yaw
-0.324,-0.099,0.642,-66.448,-15.846,286.685,Yaw
-0.419,0.276,0.681,-62.344,-30.257,286.160,Yaw
-0.030,0.176,0.779,25.366,-24.474,262.080,Yaw
0.019,-0.052,0.837,72.082,-16.170,217.096,Yaw
-0.148,0.044,1.073,53.314,-1.444,-11.611,Yaw
-0.266,0.001,0.954,1.111,-1.785,-185.150,Yaw
-0.216,0.237,0.674,-40.950,4.043,-286.685,Yaw
0.113,0.015,0.638,-55.178,17.911,-286.685,Yaw
0.125,-0.016,0.628,-41.501,26.784,-285.189,Yaw
-0.069,-0.174,0.717,26.049,40.294,-286.457,Yaw
0.038,0.081,0.850,43.514,-9.345,-277.909,Yaw
0.130,0.140,0.836,81.515,4.419,-202.361,Yaw
0.333,-0.090,1.044,0.280,-2.695,-0.490,Yaw
-0.178,0.166,0.930,-1.312,-2.599,179.506,Yaw
-0.485,-0.020,0.963,0.298,-2.949,83.055,Yaw
0.077,-0.320,0.956,-4.392,-6.046,-49.149,Yaw
0.382,-0.319,1.036,-0.516,-3.010,-4.366,Yaw
0.508,-0.131,0.772,2.695,-1.558,233.678,Yaw
0.295,0.371,0.593,-48.799,-9.677,286.685,Yaw
0.075,0.198,0.592,-86.590,-32.664,286.685,Yaw
-0.284,0.059,0.653,-114.923,-52.631,286.685,Yaw
-0.526,0.209,0.625,-1.059,-6.974,181.667,Yaw
-0.303,0.348,0.526,90.808,-12.836,-150.062,Yaw
-0.279,0.160,0.335,129.360,17.876,-283.981,Yaw
0.077,-0.185,0.259,36.103,1.995,-270.646,Yaw
0.049,-0.013,0.398,6.764,0.280,-286.685,Yaw
0.294,0.186,0.680,3.168,-1.409,-286.685,Yaw
0.365,0.180,0.864,1.487,-0.709,-286.685,Yaw
0.221,-0.042,0.811,2.634,-1.855,-278.836,Yaw
0.115,-0.087,0.959,20.939,-1.811,-68.897,Yaw
0.397,-0.428,0.734,-17.903,-2.975,170.695,Yaw
0.664,-0.015,0.440,-1.916,-3.745,286.685,Yaw
0.297,0.381,0.578,-76.965,-16.511,286.685,Yaw
-0.347,0.459,0.585,-101.465,-57.050,286.685,Yaw
-0.342,0.380,0.622,-45.272,-32.016,224.114,Yaw
-0.467,0.365,0.623,64.732,14.158,-79.012,Yaw
-0.480,0.026,0.590,134.505,33.626,-285.810,Yaw
-0.074,-0.408,0.493,21.516,4.218,-286.685,Yaw
-0.091,-0.312,0.880,7.219,4.681,-286.685,Yaw
0.174,0.014,0.616,4.856,0.674,-286.685,Yaw
0.292,0.496,0.899,4.778,-9.214,-264.460,Yaw
0.086,0.239,1.027,0.788,-2.546,-25.200,Yaw
0.581,-0.066,0.600,-3.570,-2.747,209.738,Yaw
0.737,0.140,0.361,-7.648,-8.636,286.685,Yaw
-0.002,0.595,0.648,-24.763,-7.026,286.685,Yaw
-0.509,0.438,0.683,-66.938,-18.743,286.685,Yaw
-0.618,0.167,0.689,-12.364,-18.104,196.945,Yaw
-0.820,0.017,0.641,75.810,0.219,-137.673,Yaw
-0.467,-0.107,0.364,97.930,19.513,-284.069,Yaw
-0.368,-0.310,0.668,10.745,4.480,-286.685,Yaw
0.169,-0.035,0.821,5.241,-1.339,-286.685,Yaw
0.452,0.013,0.602,-8.654,3.483,-286.046,Yaw
0.255,0.328,0.714,10.377,-9.958,-253.216,Yaw
0.349,0.384,1.074,-0.350,-3.132,42.105,Yaw
0.474,0.005,0.709,-1.680,-2.765,251.799,Yaw
0.565,0.388,0.526,-6.134,-8.479,286.685,Yaw
-0.106,0.424,0.489,-90.116,-21.516,286.685,Yaw
-0.431,0.295,0.618,-95.139,-40.670,285.705,Yaw
-1.182,0.193,0.457,6.037,-13.790,111.493,Yaw
-1.083,0.013,0.538,159.574,19.040,-284.655,Yaw
0.023,-0.231,0.189,59.351,16.677,-286.685,Yaw
0.132,-0.071,0.710,4.524,3.596,-286.685,Yaw
0.100,0.179,0.940,-15.663,29.741,-286.685,Yaw
0.354,0.135,0.841,16.485,28.446,-286.685,Yaw
0.198,0.417,0.519,59.833,1.750,-215.434,Yaw
0.277,0.142,0.852,-23.870,-32.804,81.743,Yaw
0.705,0.065,0.412,-2.126,-2.984,284.568,Yaw
0.430,0.235,0.125,-10.614,-1.242,286.685,Yaw
-0.023,0.466,0.804,-55.300,-17.474,286.685,Yaw
-0.762,0.363,0.625,-95.996,-32.620,286.676,Yaw
-1.318,0.081,0.495,19.714,1.803,-60.716,Yaw
-1.030,0.001,0.604,159.163,18.436,-286.685,Yaw
0.154,-0.317,0.371,1.846,-1.724,-286.685,Yaw
0.119,0.266,0.996,-4.471,8.068,-286.685,Yaw
0.403,0.200,0.804,2.896,37.135,-286.685,Yaw
0.387,0.262,0.801,34.256,24.106,-234.080,Yaw
0.269,0.112,0.666,25.419,-50.479,-0.551,Yaw
0.746,-0.021,0.749,-19.705,-2.914,242.996,Yaw
0.612,0.331,0.540,-10.990,-9.651,286.685,Yaw
0.133,0.715,0.678,-53.821,-13.974,286.685,Yaw
-0.392,0.476,0.754,-79.135,-26.959,286.685,Yaw
-1.637,0.679,0.323,0.717,-1.820,-11.856,Yaw
-0.008,-0.362,-0.048,116.025,25.716,-286.685,Yaw
0.053,-0.537,0.572,0.543,-1.960,-286.685,Yaw
-0.206,0.236,0.978,3.596,11.856,-286.685,Yaw
0.287,0.452,0.726,8.802,37.188,-286.685,Yaw
0.479,0.310,0.740,12.521,13.212,-248.010,Yaw
0.402,0.098,0.468,9.984,-91.989,187.600,Yaw
0.513,-0.115,0.807,-2.266,-2.922,285.758,Yaw
0.676,0.256,0.358,-6.597,-4.594,286.685,Yaw
0.176,0.746,0.593,-15.986,-9.231,286.685,Yaw
-0.399,0.647,0.538,-47.670,-28.945,286.685,Yaw
-0.824,0.320,0.755,-20.186,-26.005,275.249,Yaw
-1.333,-0.249,0.595,103.311,-2.634,-222.758,Yaw
-0.353,-0.501,0.564,-1.207,-3.203,-286.685,Yaw
-0.215,0.589,0.698,2.266,-1.558,-286.685,Yaw
0.177,0.462,0.242,1.514,0.070,-286.685,Yaw
0.555,0.113,0.356,2.240,-2.572,-286.685,Yaw
0.454,0.132,0.828,-4.559,-4.707,-271.539,Yaw
0.285,0.035,0.571,19.285,1.242,-147.376,Yaw
-0.004,0.030,0.942,0.018,-1.759,60.856,Yaw
0.435,0.310,0.429,-1.339,-0.840,286.685,Yaw
0.124,0.324,0.795,-6.011,-6.466,286.685,Yaw
-0.006,0.152,0.570,-50.662,-21.271,286.685,Yaw
-0.263,0.456,0.522,-72.433,-24.202,286.685,Yaw
-1.161,0.268,0.643,-41.632,-16.660,182.026,Yaw
-0.940,0.343,0.490,101.902,15.750,-251.361,Yaw
0.677,-0.412,0.392,25.139,11.917,-286.685,Yaw
0.366,0.023,0.691,5.512,-0.875,-286.685,Yaw
-0.086,0.180,0.644,-8.444,-7.875,-286.685,Yaw
0.506,-0.139,0.518,7.823,0.105,-286.685,Yaw
0.173,-0.017,1.020,0.000,-2.651,-36.522,Yaw
0.367,0.081,1.005,-0.455,-3.727,186.664,Yaw
0.726,0.171,0.475,-16.756,-17.903,286.685,Yaw
0.205,0.718,0.779,-54.600,-13.230,286.685,Yaw
-0.009,0.289,0.444,-82.311,-44.783,286.685,Yaw
-0.510,0.287,0.695,-68.897,-38.535,275.065,Yaw
-1.068,0.111,0.701,33.530,-6.335,44.257,Yaw
-0.760,0.138,0.573,141.137,13.851,-280.490,Yaw
0.034,-0.219,0.460,6.851,3.544,-286.475,Yaw
0.251,-0.223,0.733,8.636,2.170,-286.484,Yaw
-0.114,-0.197,0.578,5.749,-1.619,-278.880,Yaw
0.401,-0.017,0.772,2.888,-2.231,-234.430,Yaw
0.388,0.203,0.971,-0.595,-3.902,-21.306,Yaw
0.504,0.121,0.496,-3.159,-4.471,274.706,Yaw
0.756,0.603,0.777,-10.754,-9.555,286.685,Yaw
0.344,0.883,0.619,-66.062,-17.544,286.685,Yaw
-0.265,0.842,0.687,-32.629,-24.833,282.590,Yaw
-0.847,0.401,0.644,42.201,-16.485,96.346,Yaw
-0.542,-0.510,0.454,52.999,21.753,-72.949,Yaw
-0.914,-0.326,0.621,13.283,-1.365,-188.405,Yaw
-0.892,0.022,0.154,2.275,-2.179,-285.425,Yaw
-0.470,-0.089,0.265,-0.962,-1.041,-286.685,Yaw
0.149,-0.079,0.397,4.358,-3.579,-286.685,Yaw
0.379,0.280,0.751,4.918,-1.960,-286.685,Yaw
0.749,0.412,0.891,-0.901,-4.016,-70.446,Yaw
0.653,0.465,0.554,-4.043,-5.731,286.685,Yaw
0.633,0.894,0.540,-37.126,-10.176,286.685,Yaw
-0.119,0.570,0.657,-103.180,-35.044,286.685,Yaw
-0.550,0.287,0.711,-15.068,-38.920,286.685,Yaw
-0.645,0.168,0.730,60.244,-23.476,170.529,Yaw
-0.491,-0.202,0.958,101.404,15.321,100.109,Yaw
-0.427,-0.286,1.029,3.395,-4.926,24.789,Yaw
-0.900,-0.085,0.836,-47.836,33.425,-164.579,Yaw
-0.045,0.660,0.447,17.946,1.006,-214.585,Yaw
0.083,0.177,0.723,12.066,1.199,-236.434,Yaw
0.118,-0.256,0.770,48.912,-20.729,-286.659,Yaw
0.120,-0.396,0.827,24.763,2.100,-286.685,Yaw
0.302,-0.272,0.888,11.331,3.736,-268.336,Yaw
0.353,-0.085,0.616,-25.121,-34.151,-84.324,Yaw
0.029,0.079,0.997,15.811,10.054,82.372,Yaw
0.077,-0.357,0.801,-3.439,-4.900,175.376,Yaw
0.270,-0.077,0.641,-5.740,-10.316,286.685,Yaw
0.220,0.575,0.663,-64.715,-13.597,286.685,Yaw
-0.396,0.393,0.561,-48.213,-19.504,272.475,Yaw
-0.097,0.028,0.810,87.964,-6.519,86.966,Yaw
-0.019,-0.327,0.572,23.975,12.416,62.178,Yaw
-0.012,-0.277,0.945,-28.289,-23.503,119.936,Yaw
-0.036,0.132,0.961,0.770,-2.984,63.630,Yaw
-0.165,0.399,1.017,0.543,-2.257,-27.160,Yaw
-0.432,0.465,0.720,-0.936,0.096,-269.045,Yaw
-0.322,0.397,0.313,2.695,3.684,-286.685,Yaw
-0.115,-0.415,0.325,26.022,-3.342,-286.685,Yaw
0.693,-0.282,0.638,3.710,-7.131,-286.668,Yaw
0.386,0.070,0.868,-21.017,-3.894,-219.240,Yaw
0.039,0.119,0.970,1.584,-1.479,-139.904,Yaw
0.256,-0.207,1.012,0.717,-2.152,61.924,Yaw
0.555,0.041,0.414,-12.670,-11.646,286.685,Yaw
0.302,0.363,0.783,-53.410,-14.796,286.685,Yaw
-0.284,0.325,0.724,-34.449,-19.766,286.685,Yaw
-0.260,0.264,0.745,41.353,-8.802,240.704,Yaw
-0.091,-0.257,1.075,18.594,9.100,104.475,Yaw
-0.222,-0.116,0.947,-2.459,-5.381,47.031,Yaw
-0.503,0.040,1.001,-1.374,-3.168,-50.715,Yaw
-0.284,0.356,0.894,0.814,0.595,-278.066,Yaw
0.080,0.277,0.542,4.900,3.658,-286.685,Yaw
0.296,-0.064,0.456,20.414,10.658,-286.685,Yaw
0.298,-0.012,0.534,3.640,-1.960,-286.685,Yaw
0.201,0.055,0.897,2.695,-2.021,-243.443,Yaw
0.112,0.059,0.996,-0.192,-2.625,-91.577,Yaw
0.149,-0.034,1.056,-1.514,-3.710,125.431,Yaw
0.375,-0.045,0.845,-9.310,-9.328,282.791,Yaw
0.341,0.211,0.715,-5.416,-7.770,286.685,Yaw
-0.155,0.400,0.500,-5.101,-7.490,286.685,Yaw
-0.338,0.294,0.643,2.511,-3.203,279.414,Yaw
-0.555,-0.014,0.909,7.367,1.312,168.000,Yaw
-0.861,-0.009,1.156,-8.785,-8.225,-56.647,Yaw
-0.660,0.366,0.527,-0.604,0.245,-286.571,Yaw
0.003,0.314,0.697,-4.559,4.270,-286.685,Yaw
0.673,0.094,0.876,-15.164,5.486,-286.685,Yaw
0.393,0.243,0.746,-13.694,4.235,-276.649,Yaw
0.193,0.107,0.873,53.935,0.569,-140.289,Yaw
0.248,-0.140,0.983,-8.724,-8.488,81.209,Yaw
0.279,-0.053,0.794,-1.934,-4.629,245.131,Yaw
0.262,0.167,0.383,-3.684,-6.711,286.685,Yaw
0.045,0.318,0.505,-6.134,-7.604,286.685,Yaw
-0.197,0.222,0.825,-0.779,-5.460,279.720,Yaw
-0.495,0.043,0.751,21.350,10.623,154.481,Yaw
-0.627,-0.239,1.024,0.875,-2.380,-43.190,Yaw
-0.712,0.132,0.618,-21.035,-16.091,-244.913,Yaw
-0.571,0.468,0.348,5.714,1.636,-286.685,Yaw
0.150,0.244,0.705,7.271,2.144,-286.685,Yaw
0.462,0.145,0.924,-13.816,2.747,-286.685,Yaw
0.468,0.216,0.950,-0.691,2.818,-260.741,Yaw
0.213,0.199,1.017,4.918,0.315,-160.379,Yaw
0.152,0.006,0.934,12.749,-0.551,-113.129,Yaw
0.256,-0.294,1.060,6.650,-2.809,100.188,Yaw
0.308,-0.126,0.853,-3.727,-6.256,286.685,Yaw
0.359,0.446,0.570,-3.561,-7.954,286.685,Yaw
-0.029,0.457,0.555,-5.548,-6.186,286.685,Yaw
-0.238,0.100,0.657,-3.535,-5.679,286.685,Yaw
-0.473,-0.193,0.812,19.022,10.342,277.874,Yaw
-0.564,-0.084,1.009,0.254,-2.511,104.772,Yaw
-0.799,0.293,0.795,-0.403,-2.625,-70.647,Yaw
-0.234,0.454,0.639,3.832,-2.170,-285.556,Yaw
0.352,0.212,0.723,-13.458,-10.903,-286.685,Yaw
0.323,0.418,0.793,-33.906,5.093,-286.685,Yaw
-0.126,0.320,0.841,-21.438,10.552,-286.685,Yaw
0.348,0.032,0.906,21.954,12.163,-286.685,Yaw
0.403,-0.133,0.957,34.248,3.666,-240.634,Yaw
0.384,-0.373,1.054,0.928,-2.013,48.440,Yaw
0.535,-0.220,0.421,-2.118,-3.544,263.139,Yaw
0.401,0.228,0.401,-3.596,-8.208,286.685,Yaw
-0.080,0.439,0.684,-7.718,-9.958,286.685,Yaw
-0.201,0.280,0.722,-3.894,-7.096,286.685,Yaw
-0.458,0.046,0.571,4.025,-2.310,286.291,Yaw
-0.406,-0.168,0.898,0.971,-1.575,147.910,Yaw
-0.263,-0.022,0.822,-7.490,-7.332,117.539,Yaw
-0.392,0.379,0.899,-0.192,-2.634,-61.478,Yaw
-0.369,0.251,0.800,1.120,-0.446,-215.819,Yaw
0.026,0.196,0.987,-1.505,0.420,-286.685,Yaw
0.153,0.286,0.737,-33.119,5.705,-286.685,Yaw
0.101,0.285,0.736,-5.093,15.347,-286.685,Yaw
0.238,0.227,0.844,43.846,13.125,-286.685,Yaw
0.662,-0.031,0.935,14.551,0.805,-280.691,Yaw
0.262,-0.213,0.884,-7.560,-0.543,-144.935,Yaw
0.209,-0.301,1.118,20.667,-2.651,130.909,Yaw
0.451,-0.163,0.500,-3.062,-5.635,286.685,Yaw
0.296,0.313,0.505,-8.995,-7.000,286.685,Yaw
0.196,0.290,0.742,-23.914,-10.325,285.617,Yaw
-0.424,0.409,0.865,-6.711,-12.005,249.209,Yaw
-0.640,0.265,0.871,38.649,-2.678,186.130,Yaw
-0.228,-0.092,1.035,-0.254,-2.730,68.504,Yaw
-0.216,-0.006,1.089,-8.706,-8.654,33.031,Yaw
-0.665,0.169,0.864,-0.945,-2.301,-151.104,Yaw
-0.544,0.355,0.620,1.024,0.394,-275.397,Yaw
0.006,0.667,0.955,-1.829,2.756,-286.685,Yaw
0.572,0.214,0.745,-3.964,6.851,-286.685,Yaw
0.547,0.001,0.781,12.469,5.294,-286.685,Yaw
0.420,0.023,0.927,9.538,1.732,-286.335,Yaw
0.160,-0.054,0.724,14.087,3.894,-184.503,Yaw
0.381,-0.174,0.898,-4.069,-5.810,157.036,Yaw
0.494,0.082,0.485,-1.846,-5.556,286.685,Yaw
0.349,0.258,0.587,-6.738,-8.706,286.685,Yaw
0.033,0.388,0.627,0.998,-2.188,286.685,Yaw
-0.511,0.238,0.454,1.400,-2.065,286.046,Yaw
-0.613,-0.140,0.994,-1.164,-3.054,100.581,Yaw
-0.387,-0.133,1.010,-0.350,-2.494,11.244,Yaw
-0.709,0.116,0.897,-12.233,-10.246,-163.992,Yaw
-0.496,0.418,0.535,1.899,0.639,-286.685,Yaw
0.105,0.389,0.712,1.803,3.307,-286.685,Yaw
0.478,0.202,0.635,-12.504,4.742,-286.685,Yaw
0.638,0.224,0.824,-19.171,6.650,-286.685,Yaw
0.229,0.224,0.651,8.102,3.412,-202.011,Yaw
0.011,0.086,0.708,41.676,6.676,15.663,Yaw
0.307,-0.270,0.963,-0.070,-2.940,155.435,Yaw
0.701,0.013,0.348,-4.681,-3.736,286.685,Yaw
0.628,0.396,0.561,-19.924,-11.419,286.685,Yaw
-0.455,0.606,0.604,-35.158,-20.983,286.685,Yaw
-0.848,0.400,0.789,-0.814,-29.208,279.834,Yaw
-0.953,0.022,0.788,61.513,13.291,90.676,Yaw
-0.592,0.141,1.090,1.094,-2.030,-24.343,Yaw
-0.658,0.244,0.894,0.254,0.070,-230.387,Yaw
-0.371,0.230,0.319,0.280,-0.105,-286.685,Yaw
0.356,0.239,0.537,-20.948,4.113,-286.685,Yaw
0.658,0.040,0.510,-30.135,12.967,-286.685,Yaw
0.199,0.413,0.547,-6.195,15.523,-285.828,Yaw
0.067,0.308,0.630,25.874,13.204,-283.185,Yaw
0.163,0.001,0.672,79.109,7.481,-232.251,Yaw
0.658,-0.304,0.514,-1.120,-2.905,224.184,Yaw
0.452,0.527,0.396,-10.028,-9.336,286.685,Yaw
0.295,0.396,0.400,-9.677,-8.356,286.685,Yaw
-0.272,0.122,0.657,-6.816,-5.635,286.685,Yaw
-0.721,0.028,0.932,-2.651,-6.020,280.315,Yaw
-0.371,-0.070,0.847,1.164,-2.713,114.424,Yaw
-0.171,0.017,0.838,-0.096,-3.246,69.606,Yaw
-0.228,0.117,0.997,0.079,-3.220,32.804,Yaw
-0.457,0.212,0.746,-0.385,-1.916,-123.209,Yaw
-0.253,0.512,0.600,-1.067,0.429,-286.685,Yaw
0.083,0.504,0.633,-6.003,5.504,-286.685,Yaw
0.501,0.145,0.618,-19.784,11.235,-286.685,Yaw
0.386,0.097,0.696,8.960,11.358,-286.685,Yaw
0.218,0.207,0.613,57.986,6.213,-284.786,Yaw
0.112,-0.136,0.651,4.463,-1.374,-202.650,Yaw
0.209,-0.478,0.987,14.158,-1.969,-43.890,Yaw
0.492,-0.174,0.501,-1.776,-4.104,286.641,Yaw
0.309,0.076,0.548,-14.087,-14.866,286.685,Yaw
0.245,0.179,0.542,-28.096,-12.337,286.685,Yaw
-0.181,0.252,0.527,-13.659,-12.609,286.606,Yaw
-0.222,0.260,0.993,24.456,-5.486,221.051,Yaw
-0.220,0.062,1.053,1.094,-2.905,74.279,Yaw
-0.339,0.125,1.020,0.788,-1.890,-36.452,Yaw
-0.511,0.244,0.982,0.455,-1.234,-169.365,Yaw
-0.308,0.351,0.294,1.173,1.304,-286.685,Yaw
0.208,0.209,0.518,3.640,2.861,-286.685,Yaw
0.324,0.111,0.647,6.309,1.890,-286.685,Yaw
0.524,-0.094,0.759,4.725,0.962,-285.171,Yaw
0.194,0.039,0.904,9.494,3.098,-194.801,Yaw
0.274,-0.143,1.001,-0.438,-2.695,55.510,Yaw
0.626,-0.079,0.734,-15.426,-12.005,286.685,Yaw
0.398,0.490,0.771,-11.917,-10.246,286.685,Yaw
-0.248,0.364,0.544,-39.209,-17.185,286.685,Yaw
-0.638,0.103,0.903,17.535,-8.654,228.042,Yaw
-0.520,-0.110,0.937,38.281,-0.945,-11.734,Yaw
-0.434,-0.144,1.011,0.814,-2.678,-49.394,Yaw
-0.630,0.301,0.954,-3.255,-0.499,-231.018,Yaw
-0.288,0.521,0.393,3.237,2.993,-286.685,Yaw
0.008,0.179,0.230,4.585,1.531,-286.685,Yaw
0.486,-0.053,0.831,7.350,1.872,-286.685,Yaw
0.344,0.290,0.852,3.098,-0.271,-276.386,Yaw
0.496,-0.120,1.040,2.257,-0.928,-31.535,Yaw
0.681,0.199,0.790,-6.755,-6.466,286.685,Yaw
0.606,0.548,0.653,-14.639,-9.083,286.685,Yaw
-0.159,-0.005,0.787,-61.688,-24.229,286.685,Yaw
-1.177,-0.020,0.713,-32.716,-31.308,228.497,Yaw
-0.826,0.152,0.701,28.184,19.416,-120.444,Yaw
-0.381,0.549,0.841,85.505,10.517,-280.061,Yaw
-0.158,0.076,0.456,2.756,0.805,-286.685,Yaw
0.014,-0.141,0.373,16.590,7.980,-286.685,Yaw
-0.065,-0.290,0.833,11.821,-1.732,-286.685,Yaw
0.459,0.272,0.585,9.432,-3.220,-257.530,Yaw
0.748,0.174,0.409,-10.430,-10.080,207.051,Yaw
0.892,0.664,0.905,-10.106,-7.674,286.685,Yaw
0.415,0.494,0.690,-91.543,-30.739,286.685,Yaw
-0.967,0.055,0.466,-102.401,-42.271,286.685,Yaw
-0.691,-0.068,0.846,8.234,-29.330,107.616,Yaw
-0.430,-0.042,0.808,60.515,23.459,-61.206,Yaw
-0.425,0.328,0.977,93.896,5.845,-235.830,Yaw
-0.191,0.132,0.447,36.925,3.981,-286.685,Yaw
0.026,-0.074,0.537,10.097,7.963,-286.685,Yaw
0.136,-0.042,0.658,46.830,-7.166,-286.685,Yaw
0.239,0.341,0.763,-12.110,-9.966,-282.319,Yaw
0.322,0.301,0.803,-44.546,-6.142,-247.669,Yaw
0.412,0.030,1.038,1.470,-2.494,-41.528,Yaw
0.443,0.112,0.688,-5.145,-5.171,284.769,Yaw
0.430,0.614,0.623,-28.840,-9.870,286.685,Yaw
-0.065,0.289,0.475,-68.268,-27.676,286.685,Yaw
-0.812,0.172,0.551,-49.341,-33.521,281.216,Yaw
-0.619,-0.283,0.877,58.240,-6.344,62.764,Yaw
-0.314,0.074,1.551,83.545,1.663,-120.382,Yaw
-0.383,0.278,0.785,-0.490,0.035,-266.639,Yaw
-0.372,0.221,0.684,-3.439,4.856,-286.685,Yaw
0.185,-0.111,0.792,18.147,5.075,-286.685,Yaw
0.288,0.208,0.735,4.655,1.365,-286.685,Yaw
0.292,0.315,0.882,15.260,6.641,-286.685,Yaw
0.485,0.021,0.985,2.931,-1.960,-152.819,Yaw
0.532,-0.105,0.437,-13.773,-3.115,232.269,Yaw
0.371,0.268,0.363,-17.167,-13.283,286.685,Yaw
0.100,0.319,0.580,-18.830,-8.715,286.685,Yaw
-0.269,0.333,0.574,-29.619,-16.485,286.685,Yaw
-0.158,-0.057,0.601,31.938,-11.358,254.205,Yaw
-0.167,-0.308,0.753,-5.722,-8.453,231.464,Yaw
-0.529,0.074,0.984,-0.551,-4.454,167.466,Yaw
-0.215,0.317,0.913,-7.140,-3.159,-16.371,Yaw
-0.291,0.379,0.854,0.822,-0.744,-229.548,Yaw
-0.516,0.372,0.530,0.543,1.409,-286.685,Yaw
-0.057,0.241,0.622,-8.680,4.480,-286.685,Yaw
0.699,0.118,0.686,-41.484,11.042,-286.685,Yaw
0.131,0.068,0.743,28.254,61.906,-286.484,Yaw
0.138,0.244,0.949,72.940,7.954,-196.429,Yaw
0.108,-0.045,0.472,10.623,-86.100,-30.319,Yaw
0.782,-0.098,0.613,-14.962,-12.915,284.953,Yaw
-0.093,0.402,0.584,-21.551,-8.934,286.685,Yaw
-0.449,0.206,0.645,-46.734,-17.605,286.685,Yaw
-0.689,0.070,0.673,-8.295,-20.309,269.483,Yaw
-0.421,-0.184,0.943,61.075,-4.541,116.882,Yaw
-0.239,-0.335,0.893,-3.062,-4.821,3.220,Yaw
-0.089,0.356,1.147,-13.449,-1.225,-146.125,Yaw
-0.345,0.484,0.793,-24.833,1.951,-275.669,Yaw
-0.331,0.484,0.544,-7.866,11.568,-286.685,Yaw
0.327,-0.140,0.704,-0.831,14.805,-286.685,Yaw
0.336,0.142,1.005,20.641,42.018,-282.888,Yaw
0.273,0.217,0.925,27.641,37.074,-280.122,Yaw
0.117,0.099,0.777,51.774,-18.384,-255.176,Yaw
0.073,-0.246,0.952,15.033,-15.899,-134.208,Yaw
0.114,-0.495,0.969,5.959,-1.724,35.333,Yaw
0.317,-0.412,0.635,-48.974,0.910,260.680,Yaw
0.205,0.319,0.710,-7.079,-9.634,286.685,Yaw
0.150,0.194,0.540,-56.280,-18.051,286.685,Yaw
-0.090,-0.065,0.555,-31.159,-32.209,280.473,Yaw
0.069,-0.031,0.747,9.651,-23.397,199.307,Yaw
-0.219,0.343,1.008,27.361,-7.971,128.721,Yaw
-0.466,0.269,0.966,57.146,-0.289,-65.931,Yaw
-0.869,-0.021,0.525,0.114,-0.490,-241.185,Yaw
-0.452,0.323,0.708,-21.438,1.881,-286.685,Yaw
0.031,0.567,0.530,-95.401,30.161,-286.685,Yaw
0.705,-0.049,0.245,-75.906,78.120,-286.685,Yaw
0.427,0.179,1.005,102.191,119.201,-286.685,Yaw
-0.051,0.111,0.936,90.799,67.419,-270.069,Yaw
0.041,-0.032,0.970,87.404,13.230,-224.245,Yaw
0.446,-0.395,0.714,57.724,-69.037,69.921,Yaw
0.483,-0.019,0.100,-4.077,-7.376,286.685,Yaw
0.014,0.217,0.574,-4.358,-8.085,286.685,Yaw
-0.235,0.180,0.626,-2.634,-5.976,286.685,Yaw
-0.043,-0.218,0.628,3.588,-2.240,284.961,Yaw
0.017,-0.136,0.208,-16.301,-14.823,286.650,Yaw
-0.108,0.055,0.984,-0.569,-5.688,264.705,Yaw
-0.184,0.158,0.906,-0.262,-3.736,155.741,Yaw
-0.073,0.131,1.005,0.123,-2.354,-42.910,Yaw
-0.289,0.484,0.645,-1.190,-0.980,-217.700,Yaw
-0.347,0.532,0.489,-16.800,2.765,-286.685,Yaw
-0.010,-0.061,0.433,18.183,5.985,-286.685,Yaw
0.273,-0.205,0.734,3.307,0.455,-286.685,Yaw
0.306,-0.106,0.658,15.391,3.955,-286.685,Yaw
0.090,0.055,0.366,11.296,3.631,-281.470,Yaw
0.393,-0.019,0.940,0.543,-2.651,-110.670,Yaw
0.546,-0.072,0.554,-2.888,-3.824,230.396,Yaw
0.349,0.381,0.525,-7.586,-8.934,286.685,Yaw
-0.043,0.612,0.512,-8.680,-8.199,286.685,Yaw
-0.543,0.128,0.713,0.403,-8.943,285.224,Yaw
-0.319,-0.321,1.009,-0.420,-4.716,194.801,Yaw
-0.283,-0.018,0.787,-0.534,-3.885,143.098,Yaw
-0.133,0.221,0.974,-0.192,-3.666,54.110,Yaw
-0.281,0.236,1.001,0.018,-1.881,-148.549,Yaw
-0.238,0.275,0.797,-21.875,1.645,-286.685,Yaw
0.047,-0.006,0.961,-29.435,13.116,-286.685,Yaw
0.233,-0.042,0.662,-16.765,19.451,-286.685,Yaw
0.227,0.047,0.886,60.086,12.259,-286.396,Yaw
0.283,-0.059,0.333,11.533,5.793,-248.544,Yaw
0.181,-0.006,0.989,2.196,-2.013,-135.529,Yaw
0.009,-0.190,1.020,0.280,-2.441,1.269,Yaw
0.548,-0.042,0.572,-3.509,-4.314,282.021,Yaw
0.163,0.216,0.597,-6.738,-7.787,286.685,Yaw
-0.153,0.218,0.566,-24.798,-11.288,286.685,Yaw
-0.342,0.113,0.404,-31.054,-17.369,286.545,Yaw
-0.333,0.095,0.889,4.515,-10.334,224.271,Yaw
-0.187,0.137,1.035,30.721,-2.783,24.806,Yaw
-0.365,0.291,1.021,20.458,-1.452,-49.796,Yaw
-0.390,0.170,0.847,1.269,-0.945,-209.125,Yaw
-0.249,0.380,0.385,2.319,0.507,-286.685,Yaw
0.266,-0.002,0.626,2.818,3.194,-286.685,Yaw
0.497,-0.044,0.791,0.114,2.188,-286.685,Yaw
0.271,-0.018,0.889,12.163,-0.052,-286.405,Yaw
0.323,-0.217,0.994,0.962,-2.056,-109.086,Yaw
0.461,0.070,0.615,-4.253,-4.786,278.267,Yaw
0.046,0.496,0.483,-16.257,-7.254,286.685,Yaw
-0.228,0.247,0.443,-51.791,-15.076,286.685,Yaw
-0.318,0.032,0.690,-39.471,-22.199,286.484,Yaw
-0.199,-0.078,0.879,24.062,-14.989,233.100,Yaw
-0.122,0.035,1.081,43.417,-4.576,72.625,Yaw
-0.363,0.131,1.091,37.931,-0.840,-35.963,Yaw
-0.439,0.371,0.820,16.030,1.120,-277.051,Yaw
-0.084,0.280,0.495,-33.530,6.073,-286.685,Yaw
0.226,-0.302,0.529,-27.440,19.504,-286.685,Yaw
0.510,-0.098,0.771,45.351,15.085,-286.318,Yaw
0.349,0.195,0.814,43.374,4.602,-218.242,Yaw
0.004,-0.044,0.806,10.334,3.036,-209.046,Yaw
0.051,0.003,1.007,0.499,-2.406,-44.266,Yaw
0.382,-0.240,0.982,-0.359,-2.432,120.654,Yaw
0.288,0.263,0.288,-11.104,-11.279,286.685,Yaw
0.262,0.332,0.520,-12.915,-7.367,286.685,Yaw
-0.237,0.233,0.391,2.686,-9.975,286.685,Yaw
-0.453,0.023,0.266,-0.096,-6.134,267.172,Yaw
-0.322,-0.031,0.750,4.314,0.236,151.655,Yaw
-0.178,-0.042,1.026,-0.499,-2.642,22.006,Yaw
-0.366,0.273,1.120,-5.460,-6.361,-86.091,Yaw
-0.467,0.440,0.694,-12.547,-9.852,-268.756,Yaw
-0.199,0.433,0.496,-0.245,0.945,-286.685,Yaw
0.540,0.200,0.653,1.330,3.999,-286.685,Yaw
0.521,-0.109,0.744,-1.864,5.320,-286.685,Yaw
0.288,-0.107,0.869,34.353,3.614,-274.041,Yaw
0.159,-0.154,0.815,1.768,-1.864,-239.864,Yaw
0.107,-0.405,1.052,0.210,-2.135,-67.541,Yaw
0.478,0.005,0.311,-4.174,-4.961,285.189,Yaw
0.272,0.228,0.399,-15.540,-15.496,286.685,Yaw
-0.135,0.332,0.580,-17.972,-11.410,286.685,Yaw
-0.323,0.062,0.741,-6.851,-11.664,285.224,Yaw
-0.218,0.015,0.872,24.386,0.271,135.415,Yaw
-0.195,-0.069,1.033,-1.383,-4.060,-0.228,Yaw
-0.400,0.328,1.021,0.324,-1.715,-78.365,Yaw
-0.365,0.516,0.680,1.076,0.096,-280.201,Yaw
-0.052,0.532,0.644,4.734,3.465,-286.685,Yaw
0.259,0.096,0.527,-0.464,4.655,-286.685,Yaw
0.629,0.011,0.730,20.702,8.592,-286.685,Yaw
0.310,0.018,0.608,2.669,-1.514,-286.685,Yaw
0.345,-0.278,0.919,4.655,-2.214,-208.626,Yaw
0.572,-0.342,0.957,-1.837,-3.342,249.331,Yaw
0.576,0.234,0.396,-20.948,-17.194,286.685,Yaw
0.135,0.458,0.779,-10.509,-5.793,286.685,Yaw
-0.401,0.227,0.385,-15.715,-8.995,286.685,Yaw
-0.403,0.153,0.851,15.663,-6.746,225.837,Yaw
-0.302,0.146,0.935,5.863,-2.555,95.296,Yaw
-0.465,0.229,1.085,1.470,-1.741,-57.671,Yaw
-0.567,0.358,0.316,1.505,-0.298,-255.098,Yaw
-0.519,0.640,0.434,0.376,1.531,-286.685,Yaw
0.226,0.092,0.627,5.031,3.378,-286.685,Yaw
0.826,-0.068,1.022,7.753,1.146,-286.685,Yaw
0.277,-0.037,0.744,16.660,8.015,-283.929,Yaw
0.171,0.084,0.758,1.706,-2.284,-171.990,Yaw
0.119,-0.120,1.020,0.018,-3.062,16.380,Yaw
0.279,-0.043,0.690,-9.651,-9.704,286.239,Yaw
0.442,0.238,0.469,-1.776,-5.644,286.685,Yaw
0.240,0.387,0.727,-32.690,-14.499,286.685,Yaw
-0.070,0.337,0.408,-27.108,-20.388,286.650,Yaw
-0.642,0.180,0.836,32.690,-6.344,189.438,Yaw
-0.498,-0.216,1.044,1.094,-1.925,-55.388,Yaw
-0.913,0.275,1.024,0.534,-1.260,-209.878,Yaw
-0.644,0.573,0.362,0.971,0.761,-285.539,Yaw
-0.034,0.538,0.481,5.267,3.019,-286.685,Yaw
0.768,-0.064,0.708,3.885,2.354,-286.685,Yaw
0.808,-0.097,0.888,14.639,5.871,-273.726,Yaw
0.330,0.065,0.832,2.747,-1.706,-168.936,Yaw
0.637,-0.023,1.018,-0.298,-2.144,120.409,Yaw
0.545,0.333,0.605,-17.456,-13.352,286.685,Yaw
0.458,0.439,0.527,-15.015,-8.802,286.685,Yaw
0.075,0.423,0.712,-46.147,-16.336,286.457,Yaw
-0.607,0.271,0.823,-25.603,-16.039,215.057,Yaw
-0.750,0.007,0.866,37.100,-2.170,15.321,Yaw
-0.958,0.162,0.801,21.490,0.175,-204.102,Yaw
-0.978,0.525,0.550,4.043,1.278,-285.478,Yaw
-0.157,0.154,0.476,18.646,8.146,-286.685,Yaw
0.507,-0.042,0.797,4.795,-1.531,-286.685,Yaw
0.655,0.311,0.722,3.841,-2.625,-286.685,Yaw
0.570,0.414,0.727,17.159,-2.800,-231.551,Yaw
0.668,0.028,0.919,-20.562,-3.483,121.030,Yaw
0.483,0.243,0.670,-5.136,-4.427,286.685,Yaw
0.496,0.461,0.502,-7.236,-8.295,286.685,Yaw
-0.054,0.343,0.734,-34.318,-11.419,286.685,Yaw
-0.547,0.290,0.762,-28.394,-18.821,286.685,Yaw
-0.476,0.048,0.964,24.824,-9.616,229.128,Yaw
-0.616,-0.026,1.073,23.292,-2.625,52.824,Yaw
-0.702,-0.027,1.151,14.744,-2.161,-58.879,Yaw
-1.012,0.615,0.810,-0.184,-1.479,-270.638,Yaw
-0.160,1.019,0.702,-7.236,5.276,-286.685,Yaw
0.471,0.597,0.673,-27.930,11.384,-286.685,Yaw
1.080,0.176,0.855,-32.830,17.343,-286.685,Yaw
0.547,0.256,0.902,24.876,12.775,-282.835,Yaw
0.399,-0.014,0.721,84.753,10.727,-233.415,Yaw
0.707,-0.650,0.864,-1.216,-2.126,188.816,Yaw
0.343,0.043,0.559,-5.819,-3.404,286.685,Yaw
0.165,0.122,0.375,-17.859,-15.864,286.685,Yaw
-0.466,0.173,0.916,-14.682,-7.438,286.685,Yaw
-0.682,0.021,0.817,-7.420,-6.195,177.923,Yaw
-0.953,0.125,0.797,30.879,-2.993,13.650,Yaw
-0.895,0.503,0.710,-0.516,-1.601,-217.350,Yaw
-0.473,0.820,0.106,2.188,2.651,-286.685,Yaw
0.279,0.577,0.601,7.866,2.047,-286.685,Yaw
0.995,0.193,0.659,5.924,-1.067,-286.685,Yaw
0.574,0.417,0.715,2.039,-1.864,-221.454,Yaw
0.217,0.073,0.576,3.036,-1.452,-128.643,Yaw
0.299,-0.265,0.806,0.490,-1.977,86.520,Yaw
0.314,-0.343,0.479,-7.079,-2.293,277.174,Yaw
0.279,0.200,0.572,-12.119,-10.596,286.685,Yaw
0.190,0.267,0.686,-7.017,-8.470,286.685,Yaw
-0.319,0.239,0.645,-3.439,-8.846,286.685,Yaw
-0.704,0.049,0.754,0.385,-5.600,257.364,Yaw
-0.376,0.116,0.851,0.201,-3.334,83.037,Yaw
-0.408,0.419,0.910,-0.175,-2.651,-22.304,Yaw
-0.595,0.563,0.497,1.452,0.394,-224.753,Yaw
-0.373,0.312,0.688,0.814,-0.621,-286.221,Yaw
0.270,0.429,0.669,-15.584,3.080,-286.685,Yaw
0.882,0.089,0.455,-69.003,18.235,-286.685,Yaw
0.697,0.105,0.851,-29.864,31.456,-286.685,Yaw
0.184,0.053,0.892,36.522,53.778,-286.239,Yaw
0.205,-0.075,0.822,121.406,20.816,-226.975,Yaw
0.395,-0.760,0.102,-3.378,-47.775,154.508,Yaw
0.445,-0.152,0.240,-22.724,-7.831,286.685,Yaw
0.273,0.392,0.643,-10.194,-8.925,286.685,Yaw
0.068,0.397,0.535,-33.469,-13.134,286.685,Yaw
-0.116,0.252,0.983,-15.076,-14.324,261.345,Yaw
-0.251,0.159,0.937,-4.952,-7.061,104.423,Yaw
-0.510,0.177,0.918,19.924,-3.850,26.478,Yaw
-0.752,0.515,0.755,60.891,3.168,-205.686,Yaw
-0.645,0.413,0.519,2.118,0.726,-286.668,Yaw
0.104,0.412,0.786,8.068,3.019,-286.685,Yaw
0.642,0.143,0.887,7.201,3.334,-286.685,Yaw
0.666,0.088,0.554,9.065,0.954,-286.685,Yaw
0.427,0.097,0.696,45.001,-1.986,-233.905,Yaw
0.343,-0.277,1.041,30.091,-2.196,-28.350,Yaw
0.422,-0.378,0.750,-4.856,4.707,247.030,Yaw
0.458,0.428,0.443,-99.628,-3.246,286.685,Yaw
0.482,0.319,0.757,-7.823,-10.964,286.685,Yaw
-0.985,0.401,0.745,-34.807,-16.188,271.889,Yaw
-0.622,0.090,0.807,2.406,-11.865,46.524,Yaw
-0.245,0.062,0.770,37.345,1.715,-21.192,Yaw
-0.508,0.565,1.013,1.872,-0.665,-105.271,Yaw
-0.644,0.486,0.368,2.424,0.936,-283.448,Yaw
-0.491,0.507,0.431,6.606,-0.210,-286.685,Yaw
0.552,-0.072,0.749,8.409,3.395,-286.685,Yaw
0.784,0.145,0.843,6.239,1.102,-286.685,Yaw
0.435,0.291,0.924,2.835,-1.942,-197.715,Yaw
0.399,-0.025,1.021,-0.411,-2.721,-14.761,Yaw
0.542,0.084,0.325,-3.325,-3.553,286.510,Yaw
0.370,0.354,0.497,-15.286,-13.816,286.685,Yaw
-0.029,0.146,0.741,-20.930,-9.459,286.685,Yaw
-0.602,0.086,0.805,-29.382,-11.953,281.321,Yaw
-0.431,0.064,0.832,16.380,-7.070,202.851,Yaw
-0.280,0.186,1.110,11.594,-2.818,79.301,Yaw
-0.498,0.126,1.049,0.683,-2.152,-63.621,Yaw
-0.621,0.276,0.902,0.385,-0.613,-218.820,Yaw
-0.519,0.459,0.378,2.380,1.269,-286.685,Yaw
0.057,0.340,0.373,6.956,3.360,-286.685,Yaw
0.623,0.127,0.389,7.971,2.975,-286.685,Yaw
0.580,0.204,0.773,8.470,1.601,-286.685,Yaw
0.623,-0.045,0.997,1.592,-2.765,-147.971,Yaw
0.732,-0.049,0.731,-1.120,-2.896,249.349,Yaw
0.568,0.473,0.458,-5.171,-5.399,286.685,Yaw
0.311,0.303,0.612,-12.994,-12.819,286.685,Yaw
-0.507,0.215,0.852,-4.961,-7.630,286.685,Yaw
-0.586,0.191,0.986,1.969,-3.027,155.286,Yaw
-0.400,0.190,1.019,0.123,-3.561,54.810,Yaw
-0.301,0.167,1.015,0.341,-2.004,17.185,Yaw
-0.780,0.436,0.712,1.487,-0.691,-188.247,Yaw
-0.424,0.454,0.327,1.575,0.105,-286.685,Yaw
0.101,0.132,0.499,3.929,1.803,-286.685,Yaw
0.359,0.126,0.676,4.043,2.993,-286.685,Yaw
0.392,0.323,0.720,4.909,1.006,-286.685,Yaw
0.419,-0.000,0.617,21.805,-1.207,-286.685,Yaw
0.340,-0.387,1.044,28.201,-3.106,-45.176,Yaw
0.296,-0.350,0.236,-34.956,1.155,250.539,Yaw
0.510,0.242,0.420,-16.240,-6.956,286.685,Yaw
0.322,0.397,0.693,-7.105,-10.719,286.685,Yaw
-0.348,0.447,0.689,17.369,11.060,286.011,Yaw
-0.376,0.116,0.544,-2.091,-2.319,187.670,Yaw
-0.610,0.295,1.029,-0.481,-3.001,28.709,Yaw
-0.522,0.332,0.785,1.689,-2.791,-160.510,Yaw
-0.170,0.336,0.499,-7.236,-10.483,-284.769,Yaw
-0.024,0.254,0.393,1.706,1.102,-286.685,Yaw
0.469,0.137,0.614,4.113,3.570,-286.685,Yaw
0.532,-0.098,0.635,6.318,1.575,-282.879,Yaw
0.302,-0.193,0.620,11.882,2.441,-231.359,Yaw
0.413,-0.200,0.868,19.679,-2.406,-122.150,Yaw
0.422,-0.196,0.286,-36.295,-1.864,248.185,Yaw
0.402,0.381,0.428,-7.403,-7.639,286.685,Yaw
0.207,0.497,0.575,-34.291,-15.225,286.685,Yaw
-0.227,0.507,0.560,-24.351,-17.684,286.685,Yaw
-0.411,0.104,0.937,17.045,-7.000,215.863,Yaw
-0.516,0.248,1.156,24.631,-2.949,67.743,Yaw
-0.569,0.246,1.040,1.041,-1.584,-79.747,Yaw
-0.713,0.334,0.703,1.951,-1.138,-250.189,Yaw
-0.473,0.656,0.267,5.101,2.118,-286.685,Yaw
0.447,0.148,0.414,4.944,2.441,-286.685,Yaw
0.649,0.047,0.855,4.673,1.041,-286.685,Yaw
0.495,0.150,0.885,1.724,-0.446,-286.650,Yaw
0.374,0.225,0.858,25.130,-2.608,-211.409,Yaw
0.504,-0.314,0.961,1.531,-1.383,62.510,Yaw
0.432,-0.072,0.508,-36.706,-1.190,286.685,Yaw
0.533,0.303,0.515,-10.631,-10.587,286.685,Yaw
0.112,0.167,0.543,-77.219,-24.001,286.685,Yaw
-0.794,0.120,0.674,-80.649,-30.074,263.121,Yaw
-0.598,0.228,0.782,-10.430,-10.666,93.354,Yaw
-0.229,0.377,0.927,41.650,-0.079,-37.310,Yaw
-0.630,0.778,0.726,109.751,10.684,-252.411,Yaw
-0.124,-0.206,0.358,10.631,1.295,-286.685,Yaw
0.146,-0.287,0.566,9.389,1.636,-286.685,Yaw
0.057,-0.067,0.687,2.896,-2.109,-286.685,Yaw
0.178,0.176,0.668,2.599,-2.467,-286.685,Yaw
0.408,0.235,0.735,2.152,-2.398,-269.684,Yaw
0.623,-0.267,1.071,-10.062,-3.080,38.728,Yaw
0.649,-0.138,0.560,-4.497,-3.465,283.281,Yaw
0.494,0.368,0.753,-26.635,-10.500,286.685,Yaw
-0.033,0.204,0.794,-41.991,-20.991,286.361,Yaw
-0.517,0.299,0.833,-33.618,-19.644,200.541,Yaw
-0.393,0.336,0.795,3.080,-0.499,40.119,Yaw
-0.356,0.304,0.965,72.835,1.549,-96.451,Yaw
-0.586,0.106,0.592,2.389,-1.768,-227.693,Yaw
-0.389,0.247,0.425,5.276,2.476,-286.064,Yaw
-0.079,0.107,0.368,17.421,4.970,-286.685,Yaw
0.101,-0.290,0.422,5.241,-2.669,-286.685,Yaw
0.102,0.375,0.762,9.083,-3.693,-286.685,Yaw
0.306,0.349,0.827,39.104,-4.515,-249.384,Yaw
0.558,0.121,0.972,31.552,-3.071,90.772,Yaw
0.434,-0.011,0.515,-49.123,4.568,286.177,Yaw
0.756,0.060,0.341,-10.815,-9.984,286.685,Yaw
0.350,0.002,0.459,-15.365,-10.097,286.685,Yaw
-0.040,0.184,0.538,-2.966,-9.275,285.714,Yaw
-0.524,0.555,0.774,6.282,-3.517,207.839,Yaw
-0.719,0.592,1.004,1.619,-0.892,-31.675,Yaw
-0.469,0.277,0.417,19.530,8.802,-260.855,Yaw
-0.306,0.010,0.501,2.021,-2.188,-286.685,Yaw
0.120,0.108,0.732,0.192,-0.936,-286.685,Yaw
0.273,0.167,1.017,6.204,2.047,-286.685,Yaw
0.293,0.020,0.858,4.051,0.438,-286.615,Yaw
0.314,0.056,0.874,5.477,0.298,-251.029,Yaw
0.462,-0.228,1.002,18.751,-2.257,-81.270,Yaw
0.566,-0.185,0.479,-27.729,-7.621,254.747,Yaw
0.359,0.506,0.587,-35.394,-9.398,286.685,Yaw
0.328,0.282,0.726,-58.380,-17.833,286.685,Yaw
-0.180,0.195,0.378,-56.376,-37.896,286.685,Yaw
-0.758,0.428,0.874,21.087,-21.805,238.621,Yaw
-0.951,0.633,0.804,90.230,5.215,-155.557,Yaw
-0.282,0.198,0.212,97.781,3.290,-269.701,Yaw
-0.175,-0.103,0.418,-6.825,-8.278,-286.685,Yaw
0.108,-0.073,0.533,4.366,-0.306,-286.685,Yaw
0.053,0.091,0.790,4.804,0.455,-286.685,Yaw
0.257,0.149,0.701,7.052,-4.008,-272.807,Yaw
0.415,0.225,0.996,15.409,-3.141,-110.539,Yaw
0.488,0.024,0.704,-8.829,-3.281,179.253,Yaw
0.522,-0.363,0.638,-2.126,-4.323,285.582,Yaw
0.270,0.056,0.791,-1.164,-24.220,286.685,Yaw
0.190,0.594,0.687,-5.626,2.161,286.685,Yaw
-0.045,0.265,0.779,-3.027,-5.565,286.685,Yaw
-0.450,0.252,0.971,-0.114,-2.844,130.296,Yaw
-0.431,0.057,1.030,2.328,0.394,41.143,Yaw
-0.332,-0.001,0.971,-7.682,-7.814,6.694,Yaw
-0.699,0.486,0.669,3.229,-0.472,-208.504,Yaw
-0.231,0.476,0.402,4.524,-0.665,-286.685,Yaw
0.090,0.241,0.652,1.400,3.159,-286.685,Yaw
0.419,0.153,0.983,-10.894,3.876,-286.685,Yaw
0.504,0.188,0.835,-8.172,6.142,-286.685,Yaw
0.371,0.024,0.840,9.380,6.099,-256.279,Yaw
0.306,-0.026,0.738,26.075,-31.386,-6.650,Yaw
0.518,-0.589,0.826,-14.578,-3.500,264.784,Yaw
0.459,0.193,0.595,-7.499,-6.300,286.685,Yaw
0.100,0.228,0.838,-11.760,-10.115,286.685,Yaw
-0.446,0.462,0.885,-19.416,-7.201,279.825,Yaw
-0.753,0.433,0.774,11.594,-3.483,93.940,Yaw
-0.881,0.158,0.788,2.266,-0.875,-204.146,Yaw
-0.517,0.235,0.334,12.644,3.946,-286.685,Yaw
-0.094,0.249,0.276,3.981,-1.776,-286.685,Yaw
0.345,0.145,0.658,3.500,-1.776,-286.685,Yaw
0.503,0.236,0.755,1.671,-2.905,-285.189,Yaw
0.479,0.104,1.038,2.284,-2.931,-144.848,Yaw
0.249,-0.128,1.027,18.016,-1.514,88.882,Yaw
0.458,-0.260,0.582,-30.476,-2.870,279.764,Yaw
0.629,0.367,0.608,-8.278,-10.080,286.685,Yaw
0.262,0.451,0.823,-26.827,-12.740,286.685,Yaw
-0.223,0.490,0.618,-9.677,-13.930,286.685,Yaw
-0.562,0.344,0.834,16.914,-7.971,262.141,Yaw
-0.675,0.101,0.993,-1.837,-4.454,19.110,Yaw
-0.841,0.315,0.474,0.577,-2.555,-174.405,Yaw
-0.554,0.292,0.498,4.235,0.009,-286.685,Yaw
-0.019,0.158,0.645,3.885,1.155,-286.685,Yaw
0.250,0.107,0.644,6.020,1.881,-286.685,Yaw
0.328,0.104,0.737,6.781,1.934,-286.685,Yaw
0.391,0.085,0.652,10.036,-1.400,-283.684,Yaw
0.476,-0.154,0.978,35.411,-2.336,-68.442,Yaw
0.560,-0.250,0.563,-18.847,1.540,280.499,Yaw
0.712,0.412,0.569,-9.004,1.138,286.685,Yaw
0.455,0.313,0.691,-13.274,-9.398,286.685,Yaw
-0.157,0.414,0.880,-10.938,-8.706,285.399,Yaw
-0.215,0.284,1.001,14.901,-4.996,209.134,Yaw
-0.409,0.228,0.905,0.052,-3.404,116.340,Yaw
-0.666,0.283,1.001,1.697,-1.558,-48.615,Yaw
-0.868,0.427,0.425,2.310,-0.009,-235.611,Yaw
-0.306,0.325,0.395,4.165,1.138,-286.685,Yaw
0.333,0.196,0.577,3.605,2.354,-286.685,Yaw
0.361,0.158,0.551,8.085,2.966,-286.685,Yaw
0.445,0.108,0.640,5.460,-0.236,-286.685,Yaw
0.260,0.016,0.827,13.081,-2.389,-282.135,Yaw
0.137,-0.060,0.938,43.820,-3.185,-107.354,Yaw
0.197,-0.240,0.829,12.276,1.015,111.125,Yaw
0.601,-0.414,0.503,-37.984,5.425,283.946,Yaw
0.513,0.029,0.743,-23.188,-12.583,286.685,Yaw
0.381,0.538,0.802,-38.281,-10.631,286.685,Yaw
-0.045,0.468,0.631,-37.993,-21.805,286.685,Yaw
-0.349,0.491,0.867,20.274,-16.109,274.225,Yaw
-0.669,0.590,0.725,46.882,-1.803,-4.524,Yaw
-0.813,0.200,0.321,22.969,11.961,-238.114,Yaw
-0.429,0.031,0.178,-16.826,-15.514,-281.242,Yaw
-0.324,0.498,0.495,2.888,1.199,-286.685,Yaw
0.341,0.087,0.601,10.929,4.358,-286.685,Yaw
0.536,-0.004,0.511,2.275,-1.558,-286.685,Yaw
0.579,0.182,0.888,3.273,-0.971,-273.332,Yaw
0.224,0.186,0.999,14.639,11.288,-165.760,Yaw
0.267,-0.089,0.984,56.770,-19.285,48.423,Yaw
0.546,-0.254,0.454,-29.698,6.169,285.092,Yaw
0.493,0.067,0.609,-26.442,-10.019,286.685,Yaw
0.763,0.538,0.890,-11.611,-13.011,286.685,Yaw
-0.347,0.540,0.442,-49.595,-20.676,286.685,Yaw
-0.509,0.519,0.911,3.281,-14.245,285.101,Yaw
-0.618,0.352,0.971,36.741,-4.165,127.024,Yaw
-0.578,0.149,1.024,24.920,0.140,9.091,Yaw
-0.652,0.293,0.800,7.980,3.596,-206.824,Yaw
-0.358,0.333,0.469,3.132,-0.726,-286.536,Yaw
0.057,0.346,0.562,4.095,0.892,-286.685,Yaw
0.450,0.019,0.564,6.449,3.159,-286.291,Yaw
0.602,0.104,0.501,6.895,2.511,-286.685,Yaw
0.325,0.090,0.916,1.356,1.645,-286.685,Yaw
0.419,-0.289,0.853,46.226,-6.606,-166.521,Yaw
0.745,-0.298,0.674,4.253,0.831,170.695,Yaw
0.780,0.419,0.655,-13.002,-1.864,286.685,Yaw
0.310,0.534,0.788,-30.914,-13.142,286.685,Yaw
-0.160,0.302,0.652,-12.871,-17.019,285.862,Yaw
-0.389,0.400,0.922,33.976,-11.506,239.925,Yaw
-0.607,0.251,0.787,0.866,-3.684,145.469,Yaw
-0.906,0.321,1.004,0.604,-2.082,-42.989,Yaw
-0.872,0.562,0.451,0.438,-1.286,-282.992,Yaw
-0.483,0.574,0.633,3.946,0.350,-286.685,Yaw
0.527,-0.084,0.849,5.250,3.658,-286.685,Yaw
1.010,-0.161,0.903,-31.115,6.423,-286.685,Yaw
0.585,0.012,0.861,-70.052,16.257,-271.723,Yaw
0.317,0.134,0.755,6.414,78.636,-188.283,Yaw
0.602,0.048,0.590,69.099,33.618,233.538,Yaw
0.700,0.561,0.328,-24.955,-163.721,286.685,Yaw
0.219,0.427,0.822,-9.292,-11.051,286.685,Yaw
-0.294,0.581,0.745,-5.399,-6.177,286.685,Yaw
-0.588,0.339,0.652,2.354,-3.369,253.216,Yaw
-0.956,0.296,0.973,8.899,2.852,15.137,Yaw
-1.368,0.600,0.623,0.849,-0.157,-257.670,Yaw
-0.759,0.654,0.472,0.219,-0.420,-286.685,Yaw
0.452,0.173,0.466,10.850,3.850,-286.685,Yaw
0.763,-0.085,0.828,9.616,2.188,-286.685,Yaw
0.674,0.129,0.957,3.001,20.116,-285.906,Yaw
0.459,0.328,0.852,-8.977,3.036,-273.639,Yaw
0.324,-0.064,0.532,27.991,-35.219,-132.904,Yaw
0.622,-0.133,-0.023,-40.924,-2.949,257.241,Yaw
0.573,0.434,0.505,-4.856,-4.742,286.685,Yaw
0.407,0.935,0.591,-18.427,-15.610,286.685,Yaw
-0.534,0.894,0.720,-3.194,-9.573,286.685,Yaw
-0.630,-0.008,0.777,27.125,14.052,246.269,Yaw
-0.623,-0.353,0.996,2.695,-2.625,115.745,Yaw
-0.517,-0.070,1.073,-19.565,-4.891,71.050,Yaw
-0.811,0.798,0.889,-0.726,-1.347,-174.291,Yaw
-0.493,0.458,0.325,2.922,0.350,-286.685,Yaw
0.239,0.014,0.578,6.011,2.432,-286.685,Yaw
0.696,-0.026,1.095,9.030,5.801,-286.685,Yaw
0.469,0.547,0.720,-23.993,11.996,-286.685,Yaw
0.378,0.369,0.912,66.448,61.915,-286.685,Yaw
0.585,-0.498,0.696,142.958,-36.986,-222.276,Yaw
0.359,-0.352,0.014,79.170,-36.566,178.859,Yaw
0.310,0.231,0.131,-107.126,34.160,286.685,Yaw
0.491,0.089,0.541,-29.837,-12.688,286.685,Yaw
-0.088,0.533,1.045,-29.785,-9.179,286.685,Yaw
-0.396,0.433,0.741,-27.913,-14.044,254.319,Yaw
-0.413,0.149,0.868,9.555,-9.135,147.210,Yaw
-0.621,0.205,1.017,23.433,-2.441,22.138,Yaw
-0.851,0.236,0.949,37.739,2.879,-213.587,Yaw
-0.662,0.248,0.489,4.182,-0.744,-286.466,Yaw
-0.019,0.350,0.489,6.387,4.506,-286.685,Yaw
0.411,0.056,0.273,3.701,-2.459,-286.685,Yaw
0.330,0.178,0.295,3.098,-1.461,-286.685,Yaw
0.468,0.167,0.537,3.850,-0.892,-286.685,Yaw
0.483,0.140,0.582,18.847,-2.275,-255.176,Yaw
0.168,-0.101,0.782,7.376,-1.418,86.371,Yaw
0.330,0.078,0.406,-35.315,-3.080,286.685,Yaw
0.655,0.445,0.685,-7.954,-7.963,286.685,Yaw
0.326,0.953,0.639,-8.680,-11.384,286.685,Yaw
-0.296,0.287,0.786,-19.294,-10.596,286.685,Yaw
-0.876,-0.092,0.835,-4.664,-9.004,267.584,Yaw
-0.952,-0.016,0.866,25.366,-3.719,118.668,Yaw
-0.826,0.239,1.025,1.461,-1.435,-96.661,Yaw
-0.737,0.244,0.407,0.849,0.052,-276.299,Yaw
-0.451,0.325,0.400,5.556,2.091,-286.685,Yaw
0.284,0.003,0.468,7.971,3.649,-286.685,Yaw
0.468,0.366,0.846,7.017,2.852,-286.685,Yaw
0.492,0.515,0.520,4.865,-0.306,-281.155,Yaw
0.377,0.143,0.881,2.783,-2.398,-152.337,Yaw
0.249,-0.071,1.029,5.512,-1.995,50.426,Yaw
0.281,-0.146,0.601,-3.203,-2.826,281.943,Yaw
0.425,0.539,0.235,-13.729,-11.839,286.685,Yaw
0.277,0.647,0.302,-4.445,-10.561,286.685,Yaw
-0.060,0.368,0.694,-1.794,-6.659,283.430,Yaw
-0.814,-0.016,0.725,-2.039,-5.749,253.409,Yaw
-0.862,-0.135,1.015,0.464,-3.386,83.659,Yaw
-0.808,0.144,0.873,0.376,-1.487,-114.844,Yaw
-0.899,0.363,0.909,1.663,-0.306,-262.062,Yaw
-0.306,0.586,0.488,4.541,2.257,-286.685,Yaw
0.530,0.332,0.440,4.532,4.392,-286.685,Yaw
0.978,0.346,0.854,6.213,2.747,-286.685,Yaw
0.742,0.353,0.578,7.105,1.295,-269.614,Yaw
0.503,0.079,0.976,1.505,-1.916,-39.786,Yaw
0.519,0.162,0.534,-2.669,-5.372,284.217,Yaw
0.407,0.473,0.391,-5.530,-8.041,286.685,Yaw
0.327,0.917,0.539,-6.606,-8.671,286.685,Yaw
-0.311,0.676,0.713,-2.056,-6.720,286.685,Yaw
-1.058,-0.214,0.647,4.463,-3.062,241.841,Yaw
-1.450,-0.429,0.814,1.391,-2.581,34.519,Yaw
-1.196,-0.034,0.761,-0.665,-2.721,-107.231,Yaw
-1.168,0.626,0.316,-9.363,-8.820,-286.685,Yaw
-0.014,0.131,0.411,7.726,1.234,-286.685,Yaw
0.722,0.269,0.957,-5.128,2.275,-286.685,Yaw
0.910,0.375,0.647,-39.252,5.775,-286.685,Yaw
0.432,0.620,0.591,14.315,6.125,-244.492,Yaw
0.238,0.097,0.976,20.055,5.267,2.476,Yaw
0.555,0.025,0.428,-0.446,-2.459,256.497,Yaw
0.714,0.126,0.382,-2.310,-2.730,286.685,Yaw
0.615,0.509,0.696,-6.291,-0.009,286.685,Yaw
-0.200,0.557,0.358,-24.264,-19.670,286.685,Yaw
-0.876,0.043,0.696,1.487,-4.445,284.707,Yaw
-0.831,-0.022,0.810,0.446,-2.922,122.509,Yaw
-0.541,0.186,1.082,0.123,-3.526,64.207,Yaw
-0.969,0.721,0.814,2.529,-0.280,-178.229,Yaw
-0.610,0.440,0.206,0.368,-0.271,-286.685,Yaw
-0.335,0.588,0.419,0.289,1.855,-286.685,Yaw
0.841,0.375,0.637,-5.932,4.191,-286.685,Yaw
0.754,0.363,0.622,24.631,2.503,-275.380,Yaw
0.421,0.235,0.879,4.113,-0.840,-190.584,Yaw
0.697,0.197,0.901,1.584,-1.794,-14.219,Yaw
0.598,0.143,0.351,-0.613,-2.345,238.613,Yaw
0.509,0.349,0.377,-10.509,-4.979,286.685,Yaw
-0.318,0.419,0.449,-0.884,-7.997,286.685,Yaw
-0.665,0.149,0.490,-0.822,-4.445,253.120,Yaw
-1.184,-0.134,0.766,-0.105,-3.360,170.161,Yaw
-0.783,-0.075,0.966,-0.368,-3.203,36.321,Yaw
-1.171,0.104,0.455,2.494,-0.647,-153.379,Yaw
-1.083,0.488,0.542,4.497,3.797,-286.326,Yaw
0.008,0.561,0.333,12.154,6.300,-286.685,Yaw
0.589,0.816,0.296,-6.361,-9.345,-286.685,Yaw
0.860,0.759,0.849,-24.062,1.680,-269.299,Yaw
0.584,0.395,0.719,7.621,2.993,-233.327,Yaw
0.350,-0.108,0.295,3.876,-1.864,-185.518,Yaw
0.411,-0.597,0.928,71.689,0.324,61.049,Yaw
0.377,-0.139,0.535,34.475,21.096,286.685,Yaw
0.093,0.172,0.625,-34.624,11.672,286.685,Yaw
0.028,0.325,0.180,-81.550,-7.096,286.685,Yaw
-0.141,0.088,0.469,-2.476,-3.570,286.685,Yaw
-0.205,0.168,0.855,-9.529,-9.222,186.148,Yaw
-0.158,-0.083,0.769,-0.534,-3.675,100.774,Yaw
-0.639,0.348,0.980,-19.180,-2.678,11.174,Yaw
-0.661,0.408,0.709,7.359,2.424,-281.741,Yaw
-0.314,0.561,0.492,3.719,4.043,-286.685,Yaw
0.261,0.609,0.317,4.865,0.691,-286.685,Yaw
0.410,0.090,0.282,8.146,2.354,-286.685,Yaw
0.816,-0.333,0.750,9.852,-0.691,-265.729,Yaw
1.031,-0.001,0.457,-2.205,-0.280,224.367,Yaw
0.750,0.396,0.064,-10.649,-4.121,286.685,Yaw
0.224,-0.010,0.570,-8.855,-15.417,286.685,Yaw
-0.486,0.193,0.781,-51.555,-12.171,282.476,Yaw
-0.616,0.318,0.789,-92.312,-15.549,204.356,Yaw
-0.437,0.270,0.905,-38.736,-12.066,107.940,Yaw
-0.785,0.423,0.726,14.201,-1.977,-16.292,Yaw
-0.911,0.607,0.521,135.861,20.142,-286.221,Yaw
-0.400,0.023,0.649,0.796,-0.385,-286.685,Yaw
0.468,0.562,0.586,-72.817,11.611,-286.685,Yaw
0.784,0.664,0.588,-47.740,29.146,-286.685,Yaw
0.282,0.275,0.587,67.427,59.561,-286.685,Yaw
0.631,0.092,0.496,150.307,-59.972,-283.342,Yaw
0.667,-0.365,0.502,67.244,-7.875,-103.810,Yaw
0.753,-0.592,0.905,60.217,6.615,129.561,Yaw
0.398,-0.218,0.489,-59.150,26.714,286.685,Yaw
0.030,0.589,0.096,-143.955,-23.616,286.685,Yaw
0.039,0.876,0.388,5.486,-4.821,286.685,Yaw
-0.372,0.200,0.736,-1.514,-5.259,286.676,Yaw
-0.785,0.051,0.919,2.030,-2.345,140.262,Yaw
-0.758,0.222,1.020,-7.367,-6.930,-116.174,Yaw
-0.404,0.405,0.569,3.089,0.647,-277.603,Yaw
-0.039,0.576,0.421,3.237,0.621,-286.685,Yaw
0.626,0.076,0.341,12.416,7.726,-286.685,Yaw
0.209,-0.196,0.244,4.944,-1.829,-286.685,Yaw
-0.040,-0.160,0.547,15.286,-0.971,-286.685,Yaw
0.549,-0.136,1.097,34.799,-2.774,-211.409,Yaw
0.596,-0.071,0.829,7.289,2.082,222.924,Yaw
0.458,0.434,0.516,-96.906,-0.341,286.685,Yaw
0.414,0.335,0.413,-8.899,-6.948,286.685,Yaw
-0.916,0.442,0.661,-27.545,-13.283,286.685,Yaw
-0.530,0.352,0.934,-8.925,-9.415,206.850,Yaw
-0.034,0.023,1.047,25.314,-1.085,-45.132,Yaw
-0.343,0.196,1.051,15.698,0.928,-184.590,Yaw
-0.346,0.244,0.689,11.182,2.957,-286.475,Yaw
-0.048,0.279,0.784,5.154,4.427,-286.685,Yaw
0.486,0.095,0.837,16.118,2.993,-286.685,Yaw
0.232,-0.079,1.041,7.201,-2.223,-286.685,Yaw
0.503,0.141,0.932,32.909,-6.807,-244.939,Yaw
0.262,0.173,1.139,-34.011,14.149,158.034,Yaw
0.770,0.497,0.652,-3.351,-7.753,286.685,Yaw
0.427,0.626,0.599,-39.016,-11.025,286.685,Yaw
-0.431,0.200,0.623,-59.596,-23.153,286.685,Yaw
-0.856,-0.066,1.100,21.298,-17.001,284.961,Yaw
-1.262,-0.016,1.047,7.516,-5.381,71.269,Yaw
-0.928,0.073,1.114,-6.081,2.844,-168.079,Yaw
-0.331,0.522,0.868,-25.077,10.526,-280.297,Yaw
0.158,0.359,0.742,-7.787,20.571,-286.685,Yaw
0.192,0.262,0.489,63.175,17.972,-286.685,Yaw
0.325,0.120,0.429,0.971,-0.647,-286.685,Yaw
0.119,0.157,0.635,24.211,13.720,-286.379,Yaw
0.059,0.408,0.841,4.839,-1.076,-225.881,Yaw
0.345,0.209,0.913,1.776,-2.424,-151.165,Yaw
0.325,0.198,0.873,-15.855,-13.344,-87.902,Yaw
0.017,0.065,0.997,2.616,-1.592,-46.296,Yaw
0.135,-0.277,0.769,21.140,-2.336,104.247,Yaw
0.542,-0.379,0.223,-24.833,-1.829,286.685,Yaw
0.260,-0.224,0.269,-19.381,-17.946,286.685,Yaw
-0.298,-0.127,0.607,-27.729,-13.825,286.685,Yaw
-0.760,0.185,0.604,-68.092,-32.366,286.685,Yaw
-0.118,0.580,0.909,-14.175,-3.806,24.071,Yaw
-0.213,0.454,0.548,91.560,17.159,-281.592,Yaw
0.246,0.068,0.868,138.049,9.467,-286.685,Yaw
0.006,0.340,0.695,0.271,0.446,-286.685,Yaw
0.208,0.230,0.778,5.049,1.837,-286.685,Yaw
0.349,-0.184,0.625,15.829,8.033,-286.685,Yaw
0.205,-0.323,0.687,48.265,-3.850,-286.685,Yaw
0.375,-0.126,0.940,78.908,-8.523,-170.004,Yaw
0.360,0.093,0.250,-42.726,12.547,263.987,Yaw
0.374,0.152,0.399,-110.766,-8.374,286.685,Yaw
0.628,0.218,0.168,-10.010,-16.940,286.685,Yaw
-0.447,0.239,0.645,-41.720,-11.944,286.685,Yaw
-0.720,0.081,0.837,-27.064,-12.845,234.850,Yaw
-0.757,0.160,1.003,18.856,-0.551,-50.426,Yaw
-0.591,0.669,0.822,38.938,6.825,-268.336,Yaw
0.179,0.133,0.570,17.754,3.054,-286.685,Yaw
0.225,0.015,0.255,10.903,6.318,-286.685,Yaw
0.061,0.001,0.447,5.898,-1.129,-282.835,Yaw
0.054,0.062,0.500,9.826,-1.190,-283.999,Yaw
0.642,0.222,0.978,53.743,-3.159,-170.441,Yaw
0.613,0.234,0.610,-68.110,-0.516,258.685,Yaw
0.707,0.459,0.574,-28.945,-21.954,286.685,Yaw
0.409,0.575,0.611,-16.476,-9.739,286.685,Yaw
-1.024,0.101,0.628,-56.411,-16.327,286.685,Yaw
-1.063,-0.084,0.811,-9.914,-15.382,231.788,Yaw
-0.610,-0.068,0.976,41.344,0.394,-53.620,Yaw
-0.448,0.298,1.060,48.589,4.996,-221.673,Yaw
0.035,0.406,0.465,38.850,4.086,-286.685,Yaw
0.173,0.044,0.453,5.390,2.756,-286.685,Yaw
-0.107,0.097,0.709,9.363,2.179,-286.685,Yaw
0.048,0.414,0.444,7.315,1.225,-286.685,Yaw
0.424,0.477,0.631,45.369,-2.809,-280.595,Yaw
0.553,0.236,0.901,38.430,-1.523,23.336,Yaw
0.371,0.209,0.396,-114.275,1.584,286.685,Yaw
0.566,0.134,0.545,-6.807,-1.356,286.685,Yaw
-0.107,0.463,0.796,-8.776,-9.109,286.685,Yaw
-1.017,-0.009,0.484,0.621,-11.602,286.685,Yaw
-0.811,-0.352,0.894,-2.284,-4.865,212.398,Yaw
-1.000,0.143,1.042,-17.841,-2.476,29.216,Yaw
-0.224,0.396,0.757,24.789,2.905,-280.114,Yaw
0.271,0.213,0.492,1.102,-0.446,-286.685,Yaw
0.028,0.289,0.550,1.697,0.306,-286.685,Yaw
0.034,0.126,0.681,4.883,2.625,-286.685,Yaw
0.217,0.038,0.417,5.740,2.196,-286.685,Yaw
0.541,0.310,0.861,16.406,-1.523,-228.725,Yaw
0.539,0.295,0.861,-6.492,-3.719,129.780,Yaw
0.690,0.187,0.485,-4.812,-4.804,277.043,Yaw
0.457,0.343,0.684,-15.304,-15.479,286.685,Yaw
-0.618,0.062,0.862,-34.746,-12.285,286.685,Yaw
-0.562,0.010,0.822,-11.069,-15.977,286.685,Yaw
-1.250,0.592,0.917,16.397,-10.264,258.379,Yaw
-0.047,0.271,0.948,2.642,-3.360,29.374,Yaw
-0.372,-0.084,1.110,15.068,-1.391,-89.110,Yaw
-0.499,0.373,0.752,0.674,2.984,-285.644,Yaw
0.147,0.433,0.549,35.280,4.261,-286.685,Yaw
-0.162,0.804,0.373,3.089,3.465,-286.685,Yaw
0.009,0.123,0.486,4.323,2.336,-286.685,Yaw
0.850,0.287,0.716,6.650,-0.114,-286.527,Yaw
0.847,0.543,0.688,7.656,-1.601,-202.773,Yaw
0.450,0.627,1.118,-12.408,-11.270,229.539,Yaw
0.144,0.524,0.262,-3.351,-5.976,286.685,Yaw
-0.079,-0.245,0.688,-3.754,-11.830,286.685,Yaw
-0.492,-0.401,0.435,-2.424,-6.939,286.685,Yaw
-1.467,-0.081,0.470,-3.981,-3.588,286.134,Yaw
-0.563,0.069,0.663,2.818,-2.511,-0.543,Yaw
-0.099,0.041,0.773,1.102,-1.199,-244.449,Yaw
-0.287,0.467,0.780,-3.054,0.411,-285.731,Yaw
0.030,0.300,0.464,6.037,2.432,-286.685,Yaw
0.317,0.135,0.286,1.951,0.254,-286.195,Yaw
0.418,0.290,0.863,-13.781,0.779,-286.685,Yaw
0.631,0.371,0.769,-10.281,1.435,-264.915,Yaw
0.755,0.435,0.375,19.128,7.954,195.143,Yaw
0.522,0.645,0.439,-6.475,-11.882,286.685,Yaw
-0.757,0.040,0.218,-19.425,-9.564,286.685,Yaw
-1.348,-0.332,0.457,-23.660,-13.195,286.685,Yaw
-0.526,-0.206,0.786,-17.360,-11.681,221.182,Yaw
-0.229,0.077,0.906,8.759,-7.429,165.261,Yaw
-0.094,0.311,1.049,16.249,0.481,-97.423,Yaw
-0.202,0.527,0.607,22.776,4.086,-273.376,Yaw
-0.102,0.187,0.539,4.384,2.013,-286.685,Yaw
0.072,0.109,0.507,3.727,2.371,-286.685,Yaw
0.145,0.226,0.396,9.502,5.460,-286.685,Yaw
0.484,0.174,0.505,11.506,3.019,-286.685,Yaw
0.832,0.314,0.826,53.042,-1.286,-252.831,Yaw
0.406,0.276,0.850,-24.316,-1.925,178.194,Yaw
0.342,0.240,0.430,-6.939,-5.880,286.685,Yaw
0.056,0.285,0.401,-5.512,-9.774,286.685,Yaw
-0.866,-0.059,0.761,-34.615,-8.435,286.685,Yaw
-0.732,-0.117,0.760,-18.165,-16.292,271.530,Yaw
-0.416,-0.027,0.934,31.640,-6.773,129.281,Yaw
-0.108,-0.030,0.956,38.115,-1.934,15.488,Yaw
-0.459,0.426,1.103,-21.481,1.312,-258.633,Yaw
-0.106,0.818,0.404,-22.802,18.716,-286.685,Yaw
0.353,-0.006,0.512,76.055,16.765,-286.685,Yaw
0.663,-0.195,0.233,15.575,5.154,-286.685,Yaw
0.317,0.202,0.736,-6.029,-7.306,-273.788,Yaw
0.384,0.266,0.938,49.123,-0.577,-117.478,Yaw
0.374,0.386,0.599,-62.178,-6.274,268.555,Yaw
0.434,0.345,0.472,-2.529,-6.676,286.685,Yaw
-0.205,0.263,0.569,-15.496,-7.376,286.685,Yaw
-0.910,-0.070,0.610,-32.112,-11.629,286.685,Yaw
-0.880,-0.236,0.525,9.153,-10.920,271.154,Yaw
-0.600,-0.069,0.971,52.798,-2.844,119.350,Yaw
-0.208,0.074,0.995,-0.901,-2.275,-126.306,Yaw
-0.151,0.474,0.663,-21.481,2.756,-286.388,Yaw
-0.048,0.485,0.391,13.466,8.715,-286.685,Yaw
0.472,0.135,0.533,25.996,11.620,-286.685,Yaw
0.623,0.080,0.724,2.503,-1.418,-272.064,Yaw
0.287,0.118,0.776,1.908,-1.085,-227.684,Yaw
0.489,0.138,0.757,11.900,-2.039,36.811,Yaw
0.488,0.340,0.546,-15.794,-5.985,283.666,Yaw
0.260,0.689,0.335,-8.409,-10.377,286.685,Yaw
-0.872,-0.046,0.341,-37.520,-20.606,286.685,Yaw
-1.084,-0.004,0.614,18.419,-13.842,271.591,Yaw
-0.797,-0.246,0.898,45.938,-4.576,156.538,Yaw
-0.222,0.139,0.833,0.446,-2.398,-51.993,Yaw
0.041,0.404,0.613,1.601,-0.306,-283.517,Yaw
0.007,0.232,0.643,1.523,-0.822,-286.685,Yaw
0.252,0.016,0.526,3.071,1.067,-286.685,Yaw
0.177,-0.023,0.681,18.917,9.818,-286.685,Yaw
0.229,0.121,0.847,23.100,-3.841,-286.685,Yaw
0.183,0.206,0.716,7.490,-4.445,-280.122,Yaw
0.375,0.078,0.794,67.882,-4.261,-146.755,Yaw
0.407,0.148,0.526,-38.999,6.370,272.247,Yaw
0.121,0.309,0.136,-22.601,-5.171,286.685,Yaw
-0.241,0.231,0.490,-10.255,-7.262,286.685,Yaw
-0.839,0.147,0.558,-8.663,-8.943,282.249,Yaw
-0.512,-0.162,0.495,17.806,2.275,226.607,Yaw
-0.012,-0.190,1.037,0.639,-2.450,81.261,Yaw
-0.229,0.294,1.038,-1.138,-3.220,-49.472,Yaw
-0.470,0.395,0.538,-11.288,-10.220,-286.326,Yaw
-0.088,0.099,0.274,-0.490,0.376,-286.685,Yaw
-0.017,0.086,0.622,3.159,2.914,-286.685,Yaw
0.301,0.162,0.651,1.864,0.464,-286.685,Yaw
0.332,0.213,0.636,3.465,0.551,-253.426,Yaw
0.666,0.376,0.954,2.861,-0.359,49.674,Yaw
0.603,0.706,0.476,-8.566,-10.334,286.685,Yaw
-0.058,0.323,0.667,-2.966,-9.826,286.685,Yaw
-0.814,-0.107,0.690,-18.051,-8.076,286.685,Yaw
-1.352,-0.227,0.716,4.594,-7.219,271.723,Yaw
-0.583,-0.105,0.845,5.548,-2.354,-20.247,Yaw
-0.119,0.228,0.942,1.908,-2.047,-170.363,Yaw
-0.228,0.234,0.653,2.537,-0.289,-286.685,Yaw
-0.189,0.245,0.477,1.636,0.656,-286.685,Yaw
0.027,0.340,0.435,2.844,2.065,-286.685,Yaw
0.437,0.212,0.542,4.497,1.724,-286.685,Yaw
0.425,0.319,0.589,17.876,4.778,-283.771,Yaw
0.491,0.472,0.830,78.776,-3.290,-165.602,Yaw
0.170,0.466,0.727,-10.281,4.909,227.386,Yaw
0.117,0.159,0.754,-81.366,0.499,286.685,Yaw
0.118,-0.085,0.281,-15.164,-4.174,286.685,Yaw
-0.369,-0.006,0.428,-4.594,-8.627,286.685,Yaw
-0.826,-0.130,0.681,-20.081,-7.945,286.685,Yaw
-0.723,-0.181,0.551,32.585,-6.256,275.336,Yaw
-0.291,-0.079,0.675,-13.300,-7.114,5.294,Yaw
-0.138,0.625,0.829,-25.743,-0.674,-172.996,Yaw
0.115,0.087,0.479,15.479,0.131,-286.580,Yaw
-0.038,0.384,0.530,1.199,-0.472,-286.685,Yaw
-0.052,0.452,0.550,3.920,3.176,-286.685,Yaw
0.309,0.192,0.826,5.688,2.905,-286.685,Yaw
0.711,0.033,0.604,33.329,-0.131,-286.361,Yaw
0.177,-0.054,1.059,-9.721,-3.553,-28.411,Yaw
0.300,0.203,0.562,-49.219,-5.198,286.571,Yaw
0.283,0.135,0.691,-7.613,-6.221,286.685,Yaw
0.019,0.069,0.626,-4.366,-9.170,286.685,Yaw
-0.416,-0.154,0.726,-25.296,-8.304,286.685,Yaw
-0.704,-0.073,0.466,-26.276,-10.106,258.361,Yaw
-0.948,0.182,0.881,5.023,1.190,-103.810,Yaw
-0.245,0.350,0.657,51.853,6.221,-286.685,Yaw
0.099,0.053,0.362,19.626,10.203,-286.685,Yaw
-0.212,0.390,0.527,2.747,-1.164,-286.685,Yaw
0.030,0.158,0.484,7.910,1.015,-286.685,Yaw
0.648,0.103,0.471,14.472,-0.752,-281.015,Yaw
0.411,0.387,0.989,8.295,-1.785,46.095,Yaw
0.259,0.452,0.656,-56.245,-16.765,286.685,Yaw
0.581,0.522,0.473,-6.160,-9.809,286.685,Yaw
-0.075,0.151,0.391,-40.731,-14.971,286.685,Yaw
-1.175,-0.124,0.898,-50.916,-24.202,286.685,Yaw
-1.117,-0.122,0.801,18.244,-11.664,190.977,Yaw
-0.589,0.160,0.950,53.401,-1.855,-7.140,Yaw
-0.239,0.184,1.120,28.630,-0.289,-253.015,Yaw
-0.179,0.389,0.511,3.561,1.006,-286.685,Yaw
-0.020,0.238,0.577,9.721,5.661,-286.685,Yaw
0.013,-0.117,0.378,9.905,-1.837,-286.685,Yaw
0.437,0.536,0.677,-9.467,-1.628,-284.139,Yaw
0.895,0.638,0.891,6.090,0.026,-206.167,Yaw
0.678,0.674,0.696,-5.233,-5.057,280.656,Yaw
0.511,0.601,0.602,-12.355,-12.722,286.685,Yaw
-0.215,-0.140,0.582,-15.321,-9.712,286.685,Yaw
-1.391,-0.399,0.808,-33.705,-13.484,286.685,Yaw
-1.237,-0.313,0.862,-23.153,-11.533,215.215,Yaw
-0.372,0.127,0.979,3.273,-5.495,60.349,Yaw
-0.052,0.342,1.004,40.136,2.791,-155.339,Yaw
-0.164,0.258,0.778,41.869,2.957,-286.685,Yaw
-0.325,0.450,0.696,-1.286,2.074,-286.685,Yaw
0.044,0.312,0.448,8.050,3.176,-286.685,Yaw
0.436,0.258,0.738,3.001,1.558,-286.685,Yaw
0.524,0.440,0.808,28.298,11.427,-285.941,Yaw
0.786,0.390,0.750,20.414,-1.041,46.778,Yaw
0.433,0.398,0.354,-33.110,2.809,286.685,Yaw
0.152,0.154,0.541,-14.070,-12.014,286.685,Yaw
-0.498,-0.097,0.742,-33.530,-10.106,286.685,Yaw
-1.167,-0.242,0.609,-11.401,-12.355,267.522,Yaw
-0.884,-0.161,0.924,13.519,-5.294,123.419,Yaw
-0.294,0.058,0.991,19.110,-0.761,-110.994,Yaw
-0.520,0.425,0.733,-3.132,1.960,-284.646,Yaw
-0.526,0.708,0.280,18.979,5.985,-286.685,Yaw
0.013,0.484,0.414,3.570,1.750,-286.685,Yaw
0.664,0.253,0.602,4.751,1.435,-286.685,Yaw
0.960,0.348,0.920,2.503,-2.266,-149.004,Yaw
0.568,0.630,0.828,-12.521,-9.791,286.545,Yaw
0.269,0.519,0.692,-1.785,-6.282,286.685,Yaw
-0.006,0.152,0.748,-3.430,-8.426,286.685,Yaw
-0.756,-0.419,0.877,-33.329,-8.724,286.685,Yaw
-1.198,-0.428,0.902,-23.879,-8.619,201.985,Yaw
-1.335,-0.308,0.915,-23.091,-2.957,4.856,Yaw
-0.622,0.040,0.826,-10.833,16.468,-286.265,Yaw
0.125,0.575,0.606,-4.445,24.570,-286.685,Yaw
-0.188,0.909,0.559,56.919,14.105,-286.685,Yaw
0.260,0.623,0.543,74.655,7.271,-286.685,Yaw
0.262,0.198,0.531,13.256,4.952,-270.489,Yaw
0.413,0.330,1.001,17.334,-1.759,-35.875,Yaw
0.344,0.332,0.683,-16.931,-3.955,237.571,Yaw
0.729,0.144,0.533,-6.134,-4.970,286.685,Yaw
0.688,0.189,0.743,-19.679,-18.891,286.685,Yaw
-0.103,-0.133,1.046,-54.241,-23.424,286.685,Yaw
-1.031,0.150,0.861,-42.280,-48.020,286.475,Yaw
-1.076,0.163,0.581,9.275,-29.654,41.134,Yaw
-0.850,0.235,0.662,99.899,62.370,-286.519,Yaw
-0.554,-0.139,0.172,2.984,-0.359,-286.685,Yaw
-0.320,0.622,0.725,-1.470,3.168,-286.685,Yaw
-0.042,0.525,0.412,-19.836,7.166,-286.685,Yaw
0.107,0.432,0.781,17.036,7.630,-286.685,Yaw
0.613,0.480,0.574,24.649,0.236,-234.518,Yaw
0.266,0.235,1.006,-8.461,-2.713,39.209,Yaw
0.572,0.285,0.804,13.764,-2.082,179.226,Yaw
0.739,0.220,0.465,-12.600,-3.832,286.685,Yaw
0.248,0.264,0.426,-10.824,-9.214,286.685,Yaw
-0.434,-0.052,0.731,-35.726,-18.576,286.685,Yaw
-0.923,-0.051,0.805,-36.829,-17.780,279.650,Yaw
-1.120,0.017,0.882,18.664,-3.019,7.718,Yaw
-0.841,-0.105,0.874,51.669,6.221,-277.830,Yaw
-0.324,0.020,0.911,-0.683,2.713,-286.685,Yaw
-0.214,0.338,0.945,4.025,3.649,-286.685,Yaw
-0.378,0.762,0.882,15.899,2.616,-286.685,Yaw
0.232,0.412,0.384,10.596,5.416,-286.685,Yaw
1.062,0.401,0.702,2.441,-1.776,-117.198,Yaw
0.656,0.653,0.773,-2.651,-3.386,223.799,Yaw
0.484,0.524,0.610,-6.440,-5.443,286.685,Yaw
0.606,0.078,0.537,-7.324,-8.391,286.685,Yaw
-0.157,-0.314,0.951,1.278,-14.656,286.685,Yaw
-0.571,-0.383,0.935,3.745,-38.491,286.685,Yaw
-1.081,-0.021,0.973,3.019,-69.239,81.113,Yaw
-1.434,-0.018,0.740,-16.581,-23.397,-282.397,Yaw
-0.923,-0.080,0.292,-23.389,76.239,-286.685,Yaw
-0.460,0.136,0.003,3.404,29.225,-286.685,Yaw
0.017,0.654,0.491,1.549,-0.368,-283.237,Yaw
0.165,0.896,0.688,3.622,-0.411,-272.860,Yaw
0.479,0.507,0.701,13.055,4.725,-174.423,Yaw
0.484,0.184,0.981,0.752,-3.395,103.731,Yaw
0.418,0.182,0.595,-3.920,-3.806,279.396,Yaw
0.397,0.618,0.339,-7.061,-4.121,286.685,Yaw
0.411,0.019,0.596,-22.619,-9.730,286.685,Yaw
-0.241,-0.315,0.689,-21.919,-15.811,286.685,Yaw
-0.911,0.034,0.830,38.456,-26.757,286.633,Yaw
-0.641,0.396,0.823,-11.069,2.398,106.636,Yaw
-0.218,0.165,0.984,-1.934,-3.797,-34.982,Yaw
-0.497,0.439,0.886,2.406,-0.910,-275.170,Yaw
-0.539,0.658,0.281,1.697,0.429,-286.685,Yaw
-0.020,0.224,0.612,0.691,-1.129,-286.685,Yaw
0.533,0.211,0.461,5.521,2.940,-285.775,Yaw
0.453,0.239,0.619,8.986,4.156,-286.685,Yaw
0.396,-0.024,0.583,46.410,-2.537,-286.685,Yaw
0.768,0.054,0.939,61.530,-0.096,36.050,Yaw
0.048,0.256,0.569,-98.936,21.770,286.685,Yaw
0.255,-0.306,0.158,-3.316,-9.153,286.685,Yaw
0.082,0.159,0.710,-34.580,-7.823,286.685,Yaw
-0.428,0.211,0.512,-38.430,-19.871,286.685,Yaw
-0.294,0.210,1.106,75.574,-6.711,228.217,Yaw
-0.103,0.219,1.019,0.779,-2.546,-6.843,Yaw
-0.472,0.373,0.621,1.610,-1.803,-205.179,Yaw
-0.155,0.446,0.447,0.971,-0.429,-286.685,Yaw
-0.283,0.409,0.428,1.750,2.756,-286.685,Yaw
0.087,0.138,0.228,2.931,2.170,-286.685,Yaw
0.480,-0.063,0.813,4.734,3.273,-286.685,Yaw
0.581,-0.086,1.025,13.650,27.606,-286.685,Yaw
0.426,-0.101,0.543,15.382,-14.411,-102.567,Yaw
0.290,0.244,0.067,-31.150,-6.773,286.685,Yaw
0.288,0.279,0.251,-9.502,-12.653,286.685,Yaw
-0.078,0.107,0.583,-3.561,-7.201,286.685,Yaw
-0.738,0.102,0.737,-6.396,-6.073,286.685,Yaw
-0.290,-0.082,0.832,8.199,-3.334,193.804,Yaw
-0.391,0.226,0.999,1.523,-2.231,-14.989,Yaw
-0.278,0.456,0.744,1.383,-0.840,-264.565,Yaw
-0.311,0.539,0.385,2.503,1.523,-286.685,Yaw
-0.115,0.235,0.228,5.136,3.640,-286.685,Yaw
0.329,-0.283,0.393,14.604,5.906,-286.685,Yaw
0.567,-0.090,0.430,13.711,-0.717,-286.685,Yaw
0.672,0.073,0.816,6.702,-3.693,-164.509,Yaw
0.612,0.215,0.544,-27.353,-5.871,282.249,Yaw
0.533,0.526,0.613,-23.520,-20.755,286.685,Yaw
0.166,0.557,0.604,-31.946,-15.531,286.685,Yaw
-0.854,0.187,0.683,-50.662,-30.292,286.685,Yaw
-0.691,0.204,0.620,7.866,-17.062,221.935,Yaw
-0.732,0.493,0.894,73.561,-2.223,-6.738,Yaw
-0.279,-0.127,0.463,27.475,-0.429,-245.219,Yaw
-0.285,0.475,0.552,1.768,-0.044,-286.685,Yaw
-0.147,0.098,0.272,0.849,0.875,-286.685,Yaw
0.195,-0.036,0.590,3.553,1.732,-286.685,Yaw
0.457,-0.056,0.768,17.124,7.122,-286.685,Yaw
0.628,0.072,0.761,31.666,-2.993,-268.152,Yaw
0.554,0.063,0.784,-17.237,-0.700,204.969,Yaw
0.549,0.435,0.237,-48.361,-6.169,286.685,Yaw
0.462,0.435,0.622,-5.731,-10.815,286.685,Yaw
-0.267,0.411,0.580,-25.270,-15.382,286.685,Yaw
-0.929,0.296,0.472,58.275,2.179,246.059,Yaw
-0.650,-0.072,1.034,0.298,-1.942,-47.950,Yaw
-0.354,0.371,0.743,-7.508,-8.304,-261.922,Yaw
-0.193,0.490,0.359,-1.339,2.975,-286.685,Yaw
-0.008,0.427,0.337,9.748,3.465,-286.685,Yaw
0.316,-0.258,0.371,7.718,-0.525,-286.685,Yaw
0.694,-0.195,0.566,62.046,-4.497,-286.536,Yaw
0.956,0.217,0.496,43.094,2.783,100.887,Yaw
0.586,0.777,0.334,-139.396,-2.310,286.685,Yaw
0.722,0.134,0.287,-11.699,-9.765,286.685,Yaw
-0.224,0.365,0.885,-54.644,-14.866,286.685,Yaw
-0.862,0.397,0.733,12.373,-12.171,76.501,Yaw
-0.871,-0.129,0.941,48.930,6.764,-157.535,Yaw
-1.074,0.253,0.764,0.919,-2.257,-244.326,Yaw
-0.769,0.787,0.455,4.349,2.214,-286.685,Yaw
0.214,0.389,0.452,5.241,4.550,-286.685,Yaw
0.504,0.308,0.442,15.330,6.965,-286.685,Yaw
0.701,0.135,0.226,6.624,0.621,-286.685,Yaw
0.595,0.112,1.070,11.235,-1.811,-68.845,Yaw
0.862,0.306,0.405,-11.261,-1.768,286.685,Yaw
0.528,0.598,0.562,-19.259,-17.596,286.685,Yaw
-0.191,0.594,0.270,-28.376,-11.611,286.685,Yaw
-1.851,0.402,0.479,-17.378,-11.821,261.870,Yaw
-0.759,-0.251,0.631,28.980,8.654,-258.606,Yaw
-0.358,0.148,0.470,-1.155,-2.625,-286.685,Yaw
-0.335,0.543,0.228,4.769,-0.157,-286.685,Yaw
0.050,0.317,0.308,8.102,1.619,-286.685,Yaw
0.580,0.123,0.035,14.717,3.290,-286.440,Yaw
0.815,0.206,1.086,-1.601,-1.724,-25.349,Yaw
0.985,0.534,0.723,-4.760,-4.244,275.975,Yaw
0.595,0.770,0.558,-15.094,-19.714,286.685,Yaw
0.102,0.331,0.530,-49.481,-19.145,286.685,Yaw
-1.698,0.274,0.739,-63.289,-46.515,284.340,Yaw
-1.923,0.387,0.522,27.650,-25.296,15.033,Yaw
-0.382,0.251,0.536,138.128,21.289,-286.685,Yaw
0.194,0.762,0.638,1.225,0.140,-286.668,Yaw
0.283,0.128,0.489,4.401,2.021,-286.685,Yaw
0.197,-0.196,0.392,9.616,5.285,-285.880,Yaw
1.015,-0.025,0.860,19.110,-1.155,-159.810,Yaw
0.885,0.367,0.490,-10.780,-4.559,286.685,Yaw
0.721,0.171,0.896,-12.355,-10.719,286.685,Yaw
0.076,-0.014,1.217,-22.015,-16.791,286.685,Yaw
-1.096,0.437,0.816,-44.739,-38.763,242.646,Yaw
-1.337,0.688,0.300,44.319,32.699,-217.219,Yaw
-0.437,-0.022,0.272,-0.656,-0.403,-286.536,Yaw
-0.407,0.829,0.300,0.928,-0.254,-286.685,Yaw
0.258,-0.179,0.360,12.784,9.975,-286.685,Yaw
0.597,0.106,0.328,7.499,-0.035,-286.685,Yaw
0.707,0.171,0.915,6.195,-0.726,-255.386,Yaw
0.730,0.137,0.956,-0.683,-2.704,99.312,Yaw
0.684,0.668,0.619,-4.139,-4.611,286.685,Yaw
0.397,0.681,0.466,-6.510,-13.318,286.685,Yaw
-0.610,0.149,0.773,-39.909,-12.976,286.685,Yaw
-1.643,0.117,0.566,-23.135,-13.667,286.125,Yaw
-0.762,0.270,0.391,65.161,4.174,-165.979,Yaw
-0.358,0.417,0.101,-0.411,-1.102,-286.685,Yaw
0.155,0.286,0.423,3.465,1.960,-286.685,Yaw
0.233,0.076,0.420,4.016,0.333,-286.685,Yaw
0.638,-0.174,0.654,11.821,3.596,-283.176,Yaw
1.134,-0.103,1.042,0.507,-2.310,-46.349,Yaw
0.920,0.527,0.689,-8.251,-7.289,286.685,Yaw
0.706,0.813,0.542,-8.321,-11.506,286.685,Yaw
-0.487,0.488,0.806,-22.986,-22.479,286.685,Yaw
-1.755,0.542,0.351,33.731,4.883,86.747,Yaw
-1.110,-0.228,0.440,-0.472,-3.763,-234.378,Yaw
-0.677,0.768,0.508,1.094,-0.560,-286.606,Yaw
-0.036,1.070,0.352,2.861,2.537,-286.685,Yaw
0.656,0.202,0.480,16.030,8.409,-286.685,Yaw
0.860,-0.078,0.302,7.359,0.341,-286.685,Yaw
0.846,0.019,0.793,15.899,-1.164,-272.186,Yaw
1.043,0.112,0.018,3.141,-0.569,237.834,Yaw
0.376,0.630,0.324,-40.469,0.306,286.685,Yaw
-0.880,0.609,0.829,-11.042,-7.840,286.685,Yaw
-1.059,-0.040,0.810,-24.404,-6.676,279.151,Yaw
-1.056,-0.087,0.898,34.326,-2.354,39.340,Yaw
-0.512,0.458,0.796,-0.035,-1.671,-217.928,Yaw
-0.142,0.691,0.489,2.441,1.146,-286.685,Yaw
-0.047,0.259,0.299,4.988,1.418,-286.685,Yaw
0.062,-0.403,0.490,4.244,-1.304,-286.685,Yaw
0.907,-0.148,0.540,4.988,0.954,-281.820,Yaw
0.922,0.231,0.638,-1.785,-3.203,167.466,Yaw
0.448,0.575,0.638,-5.128,-6.554,286.685,Yaw
0.453,0.465,0.284,-3.955,-9.091,286.685,Yaw
-0.497,0.339,0.598,0.192,-5.477,286.685,Yaw
-1.307,-0.070,0.944,0.516,-3.596,224.648,Yaw
-0.841,0.138,0.980,0.709,-2.704,-20.108,Yaw
-0.221,0.546,0.421,2.660,0.621,-285.198,Yaw
0.090,0.319,0.453,1.768,-0.630,-286.685,Yaw
0.046,-0.126,0.226,15.908,6.562,-286.116,Yaw
0.265,-0.465,0.396,5.924,-1.347,-286.685,Yaw
0.474,-0.159,0.687,3.290,-0.858,-280.017,Yaw
0.697,0.182,0.904,0.551,-2.704,-33.530,Yaw
0.592,0.496,0.353,-9.879,-9.284,286.484,Yaw
0.463,0.549,0.476,-4.454,-10.106,286.685,Yaw
-0.094,0.391,0.884,-32.384,-10.587,286.685,Yaw
-1.526,0.109,0.562,-14.858,-12.416,257.723,Yaw
-0.773,-0.004,0.678,49.805,4.804,-204.426,Yaw
-0.377,0.089,0.645,1.785,0.271,-286.038,Yaw
0.181,0.302,0.569,2.013,1.006,-286.685,Yaw
0.134,0.473,0.645,4.664,1.663,-286.685,Yaw
0.426,0.055,0.348,11.060,5.425,-286.685,Yaw
0.659,-0.113,0.461,4.900,-1.129,-286.326,Yaw
0.585,0.189,0.954,-0.350,-2.765,69.869,Yaw
0.737,0.294,0.651,-5.233,-3.938,286.685,Yaw
-0.103,0.358,0.216,-9.083,-11.559,286.685,Yaw
-1.091,0.412,0.660,-0.971,-6.956,286.510,Yaw
-0.468,-0.253,1.019,0.254,-2.870,155.610,Yaw
-0.776,0.073,1.060,0.849,-1.549,19.792,Yaw
-0.374,0.311,0.635,1.592,-0.131,-217.149,Yaw
0.043,0.456,0.812,1.794,-0.403,-282.573,Yaw
0.157,0.232,0.452,2.179,0.236,-286.142,Yaw
0.503,0.043,0.398,16.222,6.965,-267.164,Yaw
0.724,0.224,0.941,5.574,-0.577,-239.619,Yaw
0.615,-0.042,1.085,0.464,-2.721,-28.245,Yaw
0.738,0.450,0.282,-6.633,-6.116,286.685,Yaw
-0.084,0.384,0.702,-6.886,-9.432,286.685,Yaw
-0.756,0.206,0.371,-1.278,-6.134,286.685,Yaw
-1.659,-0.144,0.828,0.560,-3.596,259.858,Yaw
-0.994,0.050,0.992,1.006,-1.540,-127.339,Yaw
0.079,0.607,0.527,1.523,0.499,-286.685,Yaw
-0.058,0.515,0.476,3.684,2.074,-286.554,Yaw
0.061,0.179,0.368,1.732,0.998,-286.685,Yaw
0.508,-0.175,0.466,14.884,7.919,-286.685,Yaw
0.434,0.072,0.594,3.780,-1.339,-286.562,Yaw
0.507,0.005,0.836,2.713,-1.829,-114.310,Yaw
0.681,0.021,0.539,-1.732,-3.850,279.807,Yaw
0.554,0.246,0.312,-7.262,-7.193,286.685,Yaw
-0.503,0.254,0.387,-5.460,-9.196,286.685,Yaw
-1.616,0.373,0.606,-25.699,-6.291,204.916,Yaw
-1.347,0.125,0.648,51.432,1.286,-274.479,Yaw
-0.291,0.086,0.487,1.724,0.464,-286.685,Yaw
-0.108,0.674,0.632,3.850,0.735,-286.685,Yaw
0.240,0.506,0.358,4.742,1.549,-286.685,Yaw
0.528,0.362,0.420,15.085,5.889,-283.728,Yaw
0.708,0.224,0.929,2.441,-2.266,-177.739,Yaw
0.316,0.413,0.677,-1.391,-3.220,78.173,Yaw
0.171,0.183,0.352,0.254,-3.701,207.296,Yaw
0.347,-0.029,0.072,25.559,0.289,286.685,Yaw
-0.063,-0.048,0.133,-10.745,0.892,286.685,Yaw
-0.741,-0.294,0.293,-16.485,-12.504,286.685,Yaw
-0.960,-0.041,0.814,-0.166,-4.436,209.685,Yaw
-0.942,0.023,0.727,0.245,-1.452,-60.987,Yaw
-0.864,0.552,0.891,0.674,-1.663,-262.089,Yaw
0.319,0.804,0.537,2.284,0.752,-286.685,Yaw
0.366,0.215,0.466,3.693,1.768,-286.685,Yaw
0.518,-0.017,0.601,6.904,6.886,-286.685,Yaw
0.382,0.256,0.580,4.585,-1.164,-286.685,Yaw
0.440,0.401,0.725,4.156,-1.418,-276.666,Yaw
0.707,-0.130,0.781,18.926,-3.168,-47.005,Yaw
0.390,0.273,0.246,17.439,1.067,286.685,Yaw
-0.818,-0.188,0.579,-32.917,-1.435,286.685,Yaw
0.037,-0.984,0.633,-5.180,-3.876,284.883,Yaw
-0.160,-0.181,0.647,-2.581,-5.014,286.685,Yaw
-0.154,0.144,0.470,-14.814,-8.111,286.685,Yaw
-0.393,0.467,0.399,5.968,-6.948,286.536,Yaw
-0.120,0.865,0.708,4.436,0.219,201.810,Yaw
0.415,-0.228,0.990,0.131,-1.514,-1.295,Yaw
0.437,-0.501,1.029,1.050,-2.747,0.752,Yaw
0.225,-0.400,1.048,-0.359,-2.922,7.324,Yaw
-0.133,0.892,0.834,-9.065,-9.958,-98.866,Yaw
-0.241,0.764,0.424,0.394,-0.840,-286.685,Yaw
-0.079,0.186,0.422,7.385,1.207,-286.685,Yaw
0.336,-0.875,0.163,6.466,-0.464,-286.685,Yaw
0.206,-0.532,0.583,4.506,-0.315,-286.685,Yaw
0.087,0.027,0.868,5.040,-0.796,-286.055,Yaw
0.121,0.287,0.736,2.730,0.262,-134.654,Yaw
0.177,0.212,1.046,-0.044,-2.818,66.832,Yaw
0.648,-0.105,0.311,-4.226,-4.532,286.466,Yaw
0.456,0.442,0.287,-12.801,-17.264,286.685,Yaw
0.129,0.862,0.480,-7.088,-10.150,286.685,Yaw
-0.426,0.585,0.581,-8.260,-8.199,286.685,Yaw
-0.871,-0.222,0.726,1.487,-0.814,250.469,Yaw
-0.445,-0.034,0.990,4.856,-2.336,43.173,Yaw
-0.400,0.175,0.953,-14.656,-12.329,-121.363,Yaw
-0.329,0.474,0.645,0.359,-1.383,-284.016,Yaw
-0.031,0.519,0.541,-0.472,1.041,-286.685,Yaw
0.169,0.378,0.412,1.768,2.520,-286.685,Yaw
0.699,0.134,0.619,3.185,1.960,-286.685,Yaw
0.316,0.193,0.658,5.198,2.450,-286.685,Yaw
0.414,-0.005,0.838,19.416,8.479,-280.193,Yaw
0.514,-0.297,0.931,-7.096,-3.483,110.819,Yaw
0.598,0.015,0.423,-16.222,-15.995,286.685,Yaw
0.097,0.150,0.174,-4.979,-8.033,286.685,Yaw
-0.127,0.288,0.557,-11.821,-7.122,286.685,Yaw
-0.326,0.140,0.688,1.330,-7.892,270.384,Yaw
-0.535,0.058,0.935,12.863,-3.281,151.629,Yaw
-0.667,-0.014,1.013,0.735,-2.608,14.061,Yaw
-0.649,0.272,1.011,-0.472,-0.822,-226.074,Yaw
-0.065,0.399,0.409,-26.128,4.515,-286.685,Yaw
0.191,0.434,0.481,-17.369,14.534,-286.685,Yaw
0.213,0.380,0.395,39.025,14.578,-286.685,Yaw
0.421,0.145,0.370,8.076,3.640,-286.685,Yaw
0.367,-0.058,0.897,28.359,-1.610,-279.029,Yaw
0.384,-0.060,0.979,-11.358,-2.039,83.379,Yaw
0.209,0.132,0.770,-55.160,-2.328,286.046,Yaw
0.234,0.094,0.696,-5.171,-3.868,286.685,Yaw
0.247,-0.147,0.339,-19.740,-17.456,286.685,Yaw
-0.001,-0.106,0.587,-1.680,-5.696,286.685,Yaw
-0.713,-0.113,0.726,-0.481,-6.309,286.685,Yaw
-0.872,0.355,0.856,2.590,-2.275,85.794,Yaw
-0.666,0.254,0.889,-0.516,-1.374,-216.265,Yaw
-0.253,0.638,0.875,-33.206,3.378,-286.685,Yaw
0.114,0.424,0.526,-30.249,8.619,-286.685,Yaw
0.156,0.485,0.320,47.574,7.254,-286.685,Yaw
0.641,-0.001,0.571,2.756,0.752,-280.691,Yaw
0.488,0.050,0.951,4.095,-0.184,-88.979,Yaw
0.546,0.127,1.041,0.403,-2.713,190.173,Yaw
0.479,0.163,0.567,-7.665,-10.859,286.685,Yaw
0.117,0.191,0.641,0.840,-6.545,286.685,Yaw
-0.501,0.018,0.787,6.668,0.735,286.685,Yaw
-0.866,-0.382,0.826,-4.392,-6.423,249.515,Yaw
-0.937,0.026,0.437,-1.041,-4.095,67.821,Yaw
-0.482,0.439,0.893,-2.984,-1.803,-153.860,Yaw
-0.114,0.719,0.806,-31.448,3.745,-286.685,Yaw
-0.011,0.589,0.707,-18.112,9.791,-286.685,Yaw
0.546,0.287,0.567,31.561,8.698,-286.685,Yaw
0.604,0.098,0.477,4.812,0.910,-286.326,Yaw
0.475,0.264,0.687,4.182,-0.026,-228.410,Yaw
-0.024,0.306,0.419,18.655,9.266,-229.583,Yaw
0.399,-0.457,0.706,36.243,-2.345,-171.955,Yaw
0.503,-0.410,0.490,-2.100,1.111,253.470,Yaw
0.238,0.199,0.503,-34.702,13.099,286.685,Yaw
0.166,0.051,0.638,-6.431,-5.845,286.685,Yaw
-0.396,0.105,0.536,-14.324,-7.088,274.033,Yaw
-0.653,0.091,0.790,-13.615,-6.291,234.675,Yaw
-0.986,0.353,0.888,0.096,-2.599,-1.899,Yaw
-0.963,0.606,0.866,39.139,1.251,-256.830,Yaw
0.014,0.315,0.488,1.837,0.831,-286.685,Yaw
0.575,-0.005,0.716,1.645,1.706,-286.685,Yaw
0.318,0.129,0.503,7.577,3.404,-278.259,Yaw
0.189,0.227,0.320,6.615,0.333,-261.082,Yaw
0.449,0.038,1.051,-0.105,-2.739,-4.139,Yaw
0.505,0.311,0.470,-3.701,-4.830,286.685,Yaw
0.403,0.200,0.656,-10.386,-13.090,286.685,Yaw
0.087,0.125,0.650,-1.934,-7.280,286.685,Yaw
-0.533,-0.033,0.650,-1.102,-4.602,286.685,Yaw
-1.205,0.024,0.735,-0.315,-3.666,162.934,Yaw
-0.862,0.096,0.902,1.278,-1.592,-171.666,Yaw
-0.392,0.312,0.385,0.665,-1.592,-270.147,Yaw
-0.086,0.362,0.585,2.293,1.426,-286.685,Yaw
0.235,0.178,0.233,2.888,2.345,-286.685,Yaw
0.158,0.274,0.519,5.784,2.625,-285.600,Yaw
0.255,0.338,0.464,9.345,3.019,-279.571,Yaw
0.549,0.093,0.730,2.765,-1.759,-194.495,Yaw
0.658,0.074,0.608,-1.881,-4.025,211.461,Yaw
0.455,0.352,0.719,-6.492,-1.496,286.685,Yaw
0.290,0.377,0.457,-10.535,-10.561,286.685,Yaw
-0.515,-0.025,0.638,-7.892,-7.044,286.685,Yaw
-0.898,-0.074,0.832,4.664,-3.553,208.276,Yaw
-0.798,-0.054,0.927,0.455,-2.310,-63.009,Yaw
-0.646,0.106,0.809,0.770,-1.724,-205.538,Yaw
-0.457,0.682,0.842,-4.926,1.531,-286.685,Yaw
0.061,0.420,0.522,6.676,7.088,-286.685,Yaw
0.446,0.222,0.598,5.338,2.616,-286.685,Yaw
0.300,0.243,0.240,11.559,5.276,-286.685,Yaw
0.777,0.042,1.054,2.686,-1.312,-147.770,Yaw
0.511,0.118,0.731,-1.636,-3.378,194.084,Yaw
0.682,0.068,0.198,-5.460,-3.062,286.685,Yaw
0.522,0.123,0.496,-16.931,-14.394,286.685,Yaw
-0.396,0.429,0.738,-7.718,-6.886,286.685,Yaw
-0.997,0.217,0.775,-22.759,-10.229,283.526,Yaw
-1.033,0.064,0.999,34.125,-1.033,-46.769,Yaw
-0.708,0.198,0.789,10.071,-0.507,-246.925,Yaw
-0.246,0.635,0.373,-28.954,4.559,-286.685,Yaw
0.596,0.204,0.543,-18.611,14.682,-286.685,Yaw
0.424,0.331,0.880,37.616,7.481,-286.685,Yaw
0.458,0.291,0.774,27.904,1.610,-275.389,Yaw
0.195,0.144,0.650,6.939,2.100,-231.770,Yaw
0.384,-0.082,0.918,1.102,-2.214,-62.204,Yaw
0.655,-0.320,0.451,-1.636,-3.421,259.551,Yaw
0.732,-0.214,0.602,-6.414,-5.101,286.685,Yaw
0.164,0.535,0.222,-23.170,-21.000,286.685,Yaw
-0.842,0.477,0.730,-11.331,-7.000,285.897,Yaw
-1.078,0.082,0.794,1.041,-2.328,6.387,Yaw
-0.828,-0.135,0.405,10.203,0.070,-224.586,Yaw
-0.539,0.465,0.470,1.514,1.006,-286.685,Yaw
0.040,0.617,0.579,-1.129,3.141,-286.685,Yaw
0.462,0.470,0.587,4.655,1.846,-286.685,Yaw
0.498,0.394,0.480,3.868,0.543,-286.440,Yaw
0.681,-0.039,0.912,0.735,-2.739,-118.956,Yaw
0.730,0.201,0.680,-1.706,-3.465,234.973,Yaw
0.497,0.204,0.551,-9.922,-9.467,286.685,Yaw
0.068,0.190,0.577,-6.344,-10.369,286.685,Yaw
-0.529,0.262,0.463,-47.521,-13.318,285.434,Yaw
-1.195,0.092,0.844,-34.423,-11.174,183.269,Yaw
-0.937,-0.100,0.899,50.365,1.846,-104.073,Yaw
-0.612,0.032,1.252,53.708,2.774,-246.505,Yaw
-0.383,0.457,0.774,-18.288,3.106,-286.685,Yaw
0.256,0.344,0.738,31.351,6.177,-286.685,Yaw
0.553,0.209,0.413,17.220,7.901,-286.685,Yaw
0.598,0.147,0.884,4.497,-1.181,-240.301,Yaw
0.261,0.197,0.975,-0.910,-3.159,96.600,Yaw
0.808,0.166,0.575,-4.568,-4.069,286.685,Yaw
0.377,0.049,0.502,-20.256,-17.964,286.685,Yaw
-0.328,0.201,0.852,-0.858,-6.948,286.685,Yaw
-0.689,0.038,0.574,-0.866,-4.734,250.443,Yaw
-0.896,0.141,0.916,-0.543,-3.430,92.024,Yaw
-0.814,0.381,0.613,1.330,-0.647,-200.025,Yaw
-0.240,0.471,0.553,0.928,0.481,-286.659,Yaw
0.080,0.205,0.302,-1.435,-0.901,-286.685,Yaw
0.368,0.106,0.634,2.704,0.525,-286.685,Yaw
0.267,0.382,0.898,4.139,0.954,-286.685,Yaw
0.381,0.315,1.013,3.517,1.750,-286.685,Yaw
0.500,0.126,1.000,22.190,24.413,-225.120,Yaw
0.483,-0.277,0.574,4.358,-9.502,147.577,Yaw
0.708,-0.091,0.531,-6.729,-6.597,286.685,Yaw
0.326,0.095,0.202,-17.999,-18.375,286.685,Yaw
-1.054,0.521,0.449,-26.390,-10.203,286.668,Yaw
-0.850,0.423,0.830,-21.761,-6.300,143.001,Yaw
-0.691,0.100,0.980,53.296,1.409,-109.007,Yaw
-0.602,-0.023,0.799,9.712,0.490,-256.725,Yaw
-0.120,0.333,0.817,-0.009,1.461,-286.685,Yaw
0.197,0.256,0.436,3.570,2.266,-286.685,Yaw
0.348,0.426,0.797,20.702,10.754,-286.685,Yaw
0.396,0.423,0.084,4.751,-2.082,-277.296,Yaw
0.468,0.192,1.019,2.310,-2.196,-139.816,Yaw
0.678,0.161,0.612,-2.511,-3.203,215.652,Yaw
0.522,-0.061,0.348,-4.139,-4.130,286.685,Yaw
0.216,-0.228,0.152,-4.681,-3.281,286.685,Yaw
-0.827,-0.192,0.609,-9.266,-11.104,286.685,Yaw
-1.385,0.186,0.840,-2.161,-3.745,151.008,Yaw
-0.792,0.253,0.574,1.680,-0.157,-233.634,Yaw
-0.541,0.664,0.471,1.155,0.534,-286.685,Yaw
-0.059,0.658,0.491,14.149,8.715,-286.685,Yaw
0.241,0.477,0.373,7.210,0.446,-286.484,Yaw
0.778,0.331,0.310,3.693,-0.814,-254.231,Yaw
0.745,-0.061,0.976,1.855,1.908,-132.475,Yaw
0.569,0.153,0.719,-2.319,-3.325,233.039,Yaw
0.618,0.161,0.709,-7.849,-5.845,286.685,Yaw
0.113,0.114,0.559,-3.763,-9.354,286.685,Yaw
-0.424,0.254,0.572,-8.557,-8.549,286.685,Yaw
-0.971,0.201,0.834,-2.546,-6.580,274.540,Yaw
-0.986,-0.072,1.022,2.730,-1.663,-25.821,Yaw
-0.467,0.519,0.816,0.691,-0.140,-285.556,Yaw
0.004,0.904,0.630,3.307,0.928,-286.685,Yaw
0.281,0.139,0.486,3.999,3.211,-286.685,Yaw
0.453,0.050,0.567,10.404,5.416,-286.685,Yaw
0.254,0.227,0.599,5.950,-0.621,-286.449,Yaw
0.306,0.264,0.816,4.664,-2.205,-222.285,Yaw
0.119,0.219,0.924,0.499,-2.695,-102.690,Yaw
0.268,0.000,1.028,-0.070,-3.115,6.221,Yaw
0.571,-0.239,0.582,1.426,-3.159,170.319,Yaw
0.231,-0.374,0.676,-4.961,-4.051,283.693,Yaw
-0.542,-0.768,0.597,-2.800,-3.832,205.117,Yaw
-1.159,-0.181,0.793,-0.595,-3.544,-69.842,Yaw
-0.484,0.343,0.853,-19.259,1.654,-286.685,Yaw
-0.198,0.590,0.881,-7.604,2.074,-286.685,Yaw
0.093,0.775,0.741,45.491,11.121,-286.685,Yaw
0.986,-0.146,0.883,1.006,-2.852,-44.537,Yaw
0.558,0.299,0.610,-4.821,-3.290,286.422,Yaw
0.434,0.224,0.417,-7.149,-2.686,286.685,Yaw
0.248,-0.268,0.459,-5.075,-6.536,286.685,Yaw
-0.010,-0.207,0.569,-10.325,-13.519,286.685,Yaw
-0.412,0.252,0.609,-32.830,-7.997,279.860,Yaw
-0.893,0.446,0.698,-25.279,-11.576,151.445,Yaw
-0.910,0.654,0.751,43.881,1.566,-131.889,Yaw
0.077,0.140,0.313,0.998,-1.969,-271.092,Yaw
-0.120,0.492,0.497,2.188,-0.228,-285.267,Yaw
0.172,0.301,0.451,1.111,-0.131,-286.055,Yaw
0.447,0.164,0.412,13.921,7.175,-286.108,Yaw
1.038,-0.102,0.901,1.715,-1.636,-144.944,Yaw
0.779,0.069,0.503,-2.450,-4.051,278.233,Yaw
0.660,0.102,0.202,-5.486,-3.168,286.685,Yaw
-0.075,-0.028,0.669,-14.193,-16.188,286.685,Yaw
-0.950,0.040,0.847,-19.801,-18.716,267.960,Yaw
-1.438,0.172,0.527,29.925,10.517,-128.800,Yaw
-0.929,0.291,0.527,10.115,7.446,-286.685,Yaw
-0.185,0.198,0.171,20.282,11.288,-286.685,Yaw
-0.192,0.323,0.597,5.574,1.173,-286.685,Yaw
0.214,0.599,0.604,8.033,-0.630,-286.685,Yaw
0.525,0.412,0.489,10.605,0.472,-265.221,Yaw
0.383,0.265,0.949,42.936,-3.701,-106.715,Yaw
0.306,0.226,0.809,-39.331,1.006,231.044,Yaw
0.858,0.178,0.071,-34.213,-4.988,286.685,Yaw
0.578,0.203,0.313,-20.501,-11.830,286.685,Yaw
-0.616,0.492,0.777,-9.546,-8.190,286.685,Yaw
-1.453,0.042,0.702,-25.541,-8.811,262.605,Yaw
-1.392,0.174,0.638,59.404,1.278,-111.239,Yaw
-0.552,-0.106,0.539,0.035,-4.839,-286.589,Yaw
0.079,0.194,0.323,2.223,-0.245,-286.685,Yaw
0.205,0.381,0.144,2.345,2.537,-286.685,Yaw
0.273,0.375,0.544,4.016,0.962,-286.685,Yaw
0.513,0.300,0.542,18.314,6.475,-277.392,Yaw
0.487,0.244,1.006,-2.678,-2.555,-12.276,Yaw
0.567,0.510,0.430,-7.201,-4.760,286.685,Yaw
0.503,0.312,0.423,-13.011,-15.068,286.685,Yaw
0.052,0.161,0.484,-1.523,-8.435,286.685,Yaw
-0.606,-0.054,0.686,-31.614,-6.615,286.685,Yaw
-1.198,0.032,0.837,-24.728,-7.586,180.329,Yaw
-0.847,0.068,0.923,32.638,0.192,-96.793,Yaw
-0.836,0.255,0.961,22.724,1.864,-286.685,Yaw
-0.287,0.149,0.354,2.424,1.164,-286.685,Yaw
0.207,0.283,0.673,3.010,1.523,-286.685,Yaw
0.427,0.534,0.690,1.207,0.201,-259.473,Yaw
0.754,0.493,0.573,8.829,3.754,-115.027,Yaw
0.702,0.472,1.050,9.826,3.491,92.452,Yaw
0.798,0.441,0.592,-20.326,-18.708,286.606,Yaw
0.436,0.371,0.676,-0.884,-7.000,286.685,Yaw
0.153,0.149,0.550,-0.026,-6.606,286.685,Yaw
-1.086,0.013,0.546,-2.564,-5.443,286.685,Yaw
-1.702,-0.143,0.999,0.901,-2.756,65.721,Yaw
-1.264,0.120,0.811,0.875,-1.636,-170.091,Yaw
-0.948,0.575,0.396,3.815,0.298,-286.685,Yaw
-0.080,0.419,0.257,2.581,1.575,-286.685,Yaw
0.525,0.375,0.316,3.649,1.741,-286.685,Yaw
0.888,0.505,0.659,1.977,0.534,-239.540,Yaw
1.079,0.293,1.021,3.115,-0.770,19.495,Yaw
0.903,0.428,0.512,-3.658,-5.066,264.005,Yaw
0.469,0.400,0.515,-3.693,-6.344,286.685,Yaw
0.050,-0.061,0.397,-4.961,-7.096,286.685,Yaw
-0.548,0.019,0.806,-1.356,-21.289,286.545,Yaw
-1.253,0.095,0.988,-1.216,-24.666,165.077,Yaw
-1.392,0.371,0.651,-0.788,27.685,-165.454,Yaw
-0.781,0.217,0.446,-0.735,0.201,-286.685,Yaw
-0.445,0.418,0.059,1.251,0.219,-286.685,Yaw
0.258,0.380,0.636,3.115,3.447,-286.685,Yaw
0.348,0.448,0.510,3.727,1.173,-286.685,Yaw
0.825,0.620,0.794,15.225,7.105,-270.918,Yaw
0.835,0.457,0.983,-0.114,-3.141,97.466,Yaw
0.776,0.330,0.270,-4.497,-3.850,284.112,Yaw
0.490,0.693,0.328,-17.605,-13.230,286.685,Yaw
-0.380,0.607,0.403,-0.114,-8.444,286.685,Yaw
-1.077,0.135,0.600,2.371,-2.529,285.241,Yaw
-1.239,-0.259,0.922,7.849,1.872,155.164,Yaw
-0.800,-0.188,0.947,-1.067,-3.062,-10.386,Yaw
-0.674,0.571,0.708,-6.037,-5.311,-171.553,Yaw
-0.135,0.635,0.472,3.981,1.426,-286.685,Yaw
0.138,0.180,0.239,0.472,0.420,-286.685,Yaw
0.555,0.036,0.395,1.540,-0.175,-285.355,Yaw
0.676,0.185,0.888,5.784,0.201,-250.250,Yaw
0.915,0.069,1.005,-1.094,-3.334,114.074,Yaw
0.743,0.476,0.404,-4.935,-6.536,286.221,Yaw
0.369,0.339,0.451,-1.496,-7.367,286.685,Yaw
-0.460,0.224,0.399,6.309,-0.647,286.685,Yaw
-0.838,0.088,0.781,-2.109,-4.821,214.384,Yaw
-0.833,-0.074,0.642,-12.530,-11.392,91.420,Yaw
-0.733,0.104,1.074,0.149,-2.564,-30.782,Yaw
-0.512,0.339,0.491,0.709,-1.033,-220.745,Yaw
-0.273,0.579,0.425,1.619,0.411,-286.685,Yaw
0.095,0.501,0.516,2.328,1.846,-286.685,Yaw
0.417,0.103,0.524,2.170,1.173,-286.685,Yaw
0.630,0.199,0.669,3.701,1.024,-279.755,Yaw
0.539,0.288,0.824,14.219,6.037,-205.783,Yaw
0.666,0.020,0.812,1.846,-2.949,-11.366,Yaw
0.626,0.121,0.279,-6.108,-1.111,286.685,Yaw
0.183,0.147,0.702,-11.953,-7.315,286.685,Yaw
-0.254,0.186,0.700,-2.774,-6.659,286.685,Yaw
-1.485,0.131,0.845,2.179,-3.570,257.005,Yaw
-0.862,0.035,0.935,1.383,-0.962,-141.575,Yaw
-0.572,0.381,0.555,2.188,1.067,-286.685,Yaw
-0.287,0.370,0.498,1.706,1.260,-286.685,Yaw
0.222,0.238,0.379,4.340,3.710,-286.685,Yaw
0.340,0.183,0.371,5.512,-0.717,-286.685,Yaw
0.512,0.241,0.800,4.707,-1.138,-256.095,Yaw
0.642,0.178,0.893,-0.910,-2.975,129.202,Yaw
0.531,0.400,0.491,-17.430,-12.854,286.073,Yaw
0.557,0.414,0.641,-3.990,-10.509,286.685,Yaw
-0.127,0.264,0.693,-1.251,-7.035,286.685,Yaw
-0.846,0.356,0.557,-0.105,-5.871,283.561,Yaw
-0.867,0.077,0.784,3.255,-1.199,184.616,Yaw
-0.423,-0.069,1.076,-1.146,-2.975,-4.515,Yaw
-0.878,0.083,0.967,0.464,-2.625,-125.186,Yaw
-0.606,0.359,0.537,0.901,0.674,-286.685,Yaw
-0.219,0.403,0.429,0.368,2.231,-286.685,Yaw
0.465,0.310,0.418,1.829,1.111,-286.685,Yaw
0.691,0.498,0.876,2.861,0.717,-286.615,Yaw
0.482,0.381,0.693,16.686,7.997,-167.038,Yaw
0.480,0.264,0.696,-0.551,-3.273,90.886,Yaw
0.565,0.237,0.486,-4.646,-3.509,286.685,Yaw
0.292,0.185,0.072,-4.436,-4.287,286.685,Yaw
-0.475,-0.263,0.307,13.641,-1.531,286.685,Yaw
-1.028,-0.106,0.795,5.906,-5.968,254.319,Yaw
-1.516,0.259,0.598,-28.368,-6.291,-52.929,Yaw
-0.907,0.412,0.237,1.199,0.149,-286.353,Yaw
-0.139,0.447,0.395,2.389,2.450,-286.685,Yaw
0.282,0.214,0.264,21.796,12.845,-284.742,Yaw
0.074,0.401,0.598,6.606,-0.858,-285.128,Yaw
0.379,0.566,0.357,6.081,1.234,-276.316,Yaw
0.785,0.167,0.921,2.686,-0.271,-137.935,Yaw
0.725,0.239,0.718,-1.304,-3.264,170.783,Yaw
0.635,0.373,0.101,-3.693,-2.520,286.685,Yaw
0.143,0.325,0.543,-20.694,-17.176,286.685,Yaw
-0.751,0.005,0.655,-1.846,-7.551,286.685,Yaw
-1.155,0.023,0.810,-0.840,-4.874,276.430,Yaw
-0.855,0.208,0.868,1.461,-1.663,-27.055,Yaw
-0.509,0.377,0.740,1.076,-1.418,-202.878,Yaw
-0.304,0.333,0.374,3.098,0.814,-286.685,Yaw
-0.052,0.223,0.357,5.233,-0.333,-286.685,Yaw
0.249,0.105,0.458,18.664,11.121,-283.404,Yaw
0.259,0.518,0.218,4.454,-2.747,-278.582,Yaw
0.460,0.395,0.685,3.553,-2.214,-241.929,Yaw
0.682,0.084,0.905,0.735,-2.301,-94.369,Yaw
0.728,0.164,0.630,-2.459,-4.086,278.294,Yaw
0.418,0.323,0.478,-5.521,-3.938,286.685,Yaw
-0.047,0.126,0.453,-13.160,-12.898,286.685,Yaw
-1.036,0.135,0.641,-1.304,-6.177,286.685,Yaw
-1.055,-0.146,1.040,6.501,1.391,83.825,Yaw
-1.087,-0.051,0.687,1.207,-1.505,-170.179,Yaw
-0.484,0.403,0.418,2.301,0.481,-286.685,Yaw
-0.142,0.450,0.517,1.418,0.805,-286.685,Yaw
0.311,0.509,0.552,6.134,2.984,-286.685,Yaw
0.535,0.557,0.702,16.800,6.134,-286.685,Yaw
0.440,0.462,0.567,2.546,-1.890,-214.611,Yaw
0.479,0.372,0.976,1.269,-2.170,-109.235,Yaw
0.490,-0.054,0.251,0.595,-1.960,76.781,Yaw
0.733,-0.194,0.491,-3.797,-3.701,286.685,Yaw
0.260,0.016,0.422,-24.465,-18.743,286.685,Yaw
-0.446,0.251,0.689,-3.412,-10.028,286.685,Yaw
-0.818,0.210,0.723,-16.205,-8.129,285.250,Yaw
-0.463,0.210,0.797,17.955,-5.670,227.482,Yaw
-0.565,0.231,1.006,0.717,-2.511,27.659,Yaw
-0.552,0.211,0.821,0.245,-2.065,-101.098,Yaw
-0.048,0.489,0.642,1.899,-0.472,-280.761,Yaw
0.149,0.477,0.585,1.601,0.324,-283.763,Yaw
0.591,0.328,0.526,-1.969,-0.350,-286.685,Yaw
0.741,0.060,0.581,-1.067,2.082,-286.685,Yaw
0.530,-0.053,0.723,22.024,10.666,-276.316,Yaw
0.421,-0.402,0.834,23.538,-2.704,-19.556,Yaw
0.376,-0.005,-0.028,-37.319,-3.745,286.685,Yaw
0.190,0.280,0.454,-5.959,-5.845,286.685,Yaw
-0.476,0.032,0.382,-1.487,-5.495,286.685,Yaw
-0.657,0.070,0.628,-0.123,-4.427,243.967,Yaw
-0.482,0.210,0.851,0.219,-2.896,65.704,Yaw
-0.668,0.359,0.982,0.350,-1.671,-27.737,Yaw
-0.542,0.493,0.368,2.931,-0.175,-262.736,Yaw
0.262,0.399,0.342,0.998,-0.586,-286.685,Yaw
0.651,0.039,0.428,23.476,13.300,-286.685,Yaw
0.758,0.147,0.722,3.605,-2.223,-286.580,Yaw
0.487,0.278,0.945,3.658,-1.234,-206.553,Yaw
0.628,-0.007,0.615,-0.516,-3.089,70.963,Yaw
0.541,0.007,0.379,-3.491,-2.310,286.685,Yaw
0.262,-0.011,0.563,-4.944,-6.405,286.685,Yaw
-0.675,0.122,0.607,-2.266,-5.758,286.685,Yaw
-1.133,0.151,0.670,0.350,-3.999,222.898,Yaw
-0.778,0.131,0.829,0.761,-1.558,-96.302,Yaw
-0.402,0.384,0.789,1.015,-1.024,-226.765,Yaw
-0.126,0.582,0.550,2.608,0.359,-286.685,Yaw
0.275,0.433,0.232,2.231,1.531,-286.685,Yaw
0.567,0.146,0.456,7.543,0.683,-285.670,Yaw
0.615,-0.005,0.656,4.865,-1.383,-264.145,Yaw
0.557,-0.222,0.906,6.169,-2.362,-101.264,Yaw
0.710,-0.105,0.840,-2.249,-4.025,272.816,Yaw
0.516,0.306,0.496,-9.406,-5.889,286.685,Yaw
-0.066,0.359,0.508,-7.577,-13.764,286.685,Yaw
-0.763,0.169,0.746,-1.190,-5.171,286.370,Yaw
-0.715,0.205,0.974,1.033,-2.704,97.851,Yaw
-0.646,0.113,1.088,1.619,-1.356,-96.329,Yaw
-0.393,0.473,0.618,1.925,-1.111,-241.736,Yaw
-0.218,0.781,0.723,1.312,1.496,-286.685,Yaw
0.369,0.063,0.032,14.455,13.615,-286.685,Yaw
0.567,-0.161,0.408,4.489,-1.391,-286.685,Yaw
0.354,0.276,0.239,2.625,-1.951,-285.836,Yaw
0.361,0.261,0.801,4.218,-1.523,-259.674,Yaw
0.499,-0.211,0.946,-0.875,-2.730,-10.649,Yaw
0.600,-0.115,0.563,-4.139,-4.611,286.685,Yaw
0.382,-0.095,0.441,-4.725,-4.209,286.685,Yaw
-0.197,0.109,0.547,-7.866,-11.602,286.685,Yaw
-0.426,0.366,0.850,-7.149,-5.320,286.318,Yaw
-1.014,0.691,1.011,16.494,-3.176,66.325,Yaw
-1.080,0.160,0.564,2.004,-0.744,-171.806,Yaw
-0.331,0.201,0.096,2.065,0.796,-286.685,Yaw
0.107,0.274,0.646,0.875,-0.604,-286.685,Yaw
0.216,0.412,0.438,14.761,8.155,-286.685,Yaw
0.478,0.210,0.430,4.839,-0.796,-286.396,Yaw
0.516,0.156,0.667,2.144,-2.205,-194.372,Yaw
0.543,0.210,0.879,-1.085,-3.640,100.467,Yaw
0.638,0.264,0.540,-3.159,-3.027,286.685,Yaw
0.565,0.175,0.513,-5.267,-4.532,286.685,Yaw
-0.230,0.067,0.375,-9.118,-16.013,286.685,Yaw
-1.149,0.182,0.774,-0.035,-4.270,228.349,Yaw
-0.938,-0.229,0.820,0.429,-2.126,-100.091,Yaw
-1.017,-0.072,0.622,2.432,-1.006,-285.092,Yaw
-0.507,0.459,0.444,0.105,1.803,-286.685,Yaw
0.076,0.516,0.354,16.118,8.496,-286.685,Yaw
0.417,0.461,0.030,6.046,2.432,-286.221,Yaw
0.637,0.431,0.401,4.629,-2.608,-185.780,Yaw
0.388,0.230,1.054,0.490,-2.564,37.940,Yaw
0.710,0.073,0.270,-4.077,-3.911,286.361,Yaw
0.477,0.330,0.616,-14.709,-4.191,286.685,Yaw
0.005,0.403,0.661,-10.377,-8.391,286.685,Yaw
-0.655,0.149,0.569,-28.105,-12.451,280.753,Yaw
-1.061,0.238,0.838,16.782,-6.142,157.710,Yaw
-0.636,0.221,0.919,5.443,-1.400,-98.814,Yaw
-0.663,0.367,0.604,0.481,0.315,-274.776,Yaw
-0.331,0.553,0.525,2.993,0.822,-286.685,Yaw
0.304,0.671,0.626,1.592,1.312,-286.685,Yaw
0.690,0.253,0.542,7.621,3.316,-286.685,Yaw
0.828,0.231,0.067,9.555,-0.928,-281.628,Yaw
0.385,0.268,0.743,23.319,-2.398,-190.470,Yaw
0.355,0.191,0.681,26.215,-2.406,-14.464,Yaw
0.352,-0.343,0.645,28.481,1.610,150.351,Yaw
0.578,-0.612,0.740,12.084,9.730,286.685,Yaw
0.238,0.282,0.622,-125.632,0.674,286.685,Yaw
0.065,0.572,0.667,-15.330,-10.850,286.685,Yaw
-1.041,0.753,0.836,-64.514,-14.595,277.646,Yaw
-1.034,0.241,0.558,-8.654,-2.669,8.776,Yaw
-0.381,0.199,1.102,64.496,0.481,-81.174,Yaw
-0.597,0.332,0.633,5.679,-0.018,-216.212,Yaw
-0.012,0.537,0.540,1.531,1.278,-286.685,Yaw
0.328,0.257,0.442,2.266,3.342,-286.685,Yaw
0.392,0.067,0.319,20.554,8.286,-286.685,Yaw
0.640,0.048,0.640,39.235,0.438,-286.685,Yaw
0.608,-0.084,0.975,46.996,-3.526,-65.354,Yaw
0.472,0.214,0.075,-4.366,10.281,286.685,Yaw
0.265,0.079,0.494,-83.974,1.741,286.685,Yaw
-0.063,0.073,0.479,-10.185,-10.220,286.685,Yaw
-0.960,0.310,0.719,0.770,-2.389,256.821,Yaw
-0.707,0.119,0.885,3.920,0.157,49.577,Yaw
-0.842,0.367,0.992,-0.429,-2.669,-85.243,Yaw
-0.038,0.397,0.407,2.301,-0.971,-266.604,Yaw
-0.037,0.095,0.503,4.401,-0.455,-286.685,Yaw
0.054,0.013,0.489,5.477,-0.079,-286.685,Yaw
0.553,0.085,0.732,3.815,-1.347,-286.685,Yaw
0.630,0.219,0.574,0.910,-3.019,-238.682,Yaw
0.701,0.035,0.820,-3.220,-5.311,48.659,Yaw
0.647,0.054,0.326,-4.830,-5.504,286.685,Yaw
0.648,0.163,0.396,-13.361,-16.940,286.685,Yaw
-0.537,0.447,0.699,-24.080,-8.969,286.685,Yaw
-1.951,0.443,0.659,-15.715,-8.802,206.605,Yaw
-1.454,0.299,0.761,58.205,4.314,-263.191,Yaw
-0.420,0.382,0.357,2.555,-0.805,-286.685,Yaw
0.076,0.309,0.551,13.528,8.531,-286.685,Yaw
0.238,0.274,0.536,5.539,-1.050,-286.685,Yaw
0.274,0.395,0.366,5.425,-0.140,-265.466,Yaw
0.803,0.149,0.983,1.697,-2.013,-163.450,Yaw
0.780,0.207,0.923,-1.356,-3.176,184.319,Yaw
0.677,0.234,0.635,-3.517,-4.060,286.685,Yaw
0.519,0.189,0.565,-9.879,-8.934,286.685,Yaw
-0.440,0.257,0.542,-6.134,-11.174,286.685,Yaw
-1.291,0.140,0.857,0.070,-3.456,199.596,Yaw
-0.917,-0.127,0.932,1.356,-1.741,-116.576,Yaw
-1.102,0.179,0.642,3.019,-0.192,-284.025,Yaw
-0.544,0.773,0.459,2.214,2.459,-286.685,Yaw
0.150,0.397,0.527,6.466,0.271,-286.685,Yaw
0.356,0.439,0.267,8.120,4.445,-286.685,Yaw
0.691,0.383,0.525,5.985,-0.866,-262.728,Yaw
0.633,0.201,0.933,26.233,-2.371,-130.174,Yaw
0.628,0.014,0.697,-16.065,-3.456,230.143,Yaw
0.614,0.167,0.473,-7.577,-5.600,286.685,Yaw
0.516,0.193,0.468,-8.374,-10.500,286.685,Yaw
-0.145,0.505,0.518,-3.430,-9.896,286.685,Yaw
-0.946,0.479,0.377,-0.376,-4.392,285.635,Yaw
-0.656,0.019,1.051,0.849,-2.572,54.679,Yaw
-0.793,0.066,0.891,-0.096,-2.791,-98.560,Yaw
-0.476,0.113,0.541,0.726,-2.398,-227.019,Yaw
-0.222,0.370,0.502,-6.081,-5.084,-286.685,Yaw
0.308,0.308,0.559,1.094,0.289,-286.685,Yaw
0.597,0.155,0.657,5.854,2.441,-286.685,Yaw
0.629,0.206,0.774,11.086,4.891,-269.736,Yaw
0.810,0.107,0.799,-1.207,-3.255,146.011,Yaw
0.601,0.379,0.551,-4.463,-3.859,286.685,Yaw
0.534,0.232,0.424,-17.264,-17.439,286.685,Yaw
-0.437,0.249,0.720,-2.354,-6.597,286.685,Yaw
-1.125,0.107,0.671,-0.630,-4.550,221.848,Yaw
-1.027,-0.244,1.002,0.472,-2.144,-90.073,Yaw
-0.928,-0.027,0.741,0.131,-0.376,-284.603,Yaw
-0.373,0.510,0.779,-3.894,1.496,-286.685,Yaw
-0.095,0.750,0.481,2.520,4.209,-286.685,Yaw
0.464,0.579,0.436,4.760,1.960,-286.685,Yaw
0.692,0.419,0.632,3.902,1.225,-286.283,Yaw
0.481,0.258,0.413,22.522,11.891,-258.755,Yaw
0.243,-0.029,0.994,1.050,-2.704,-53.077,Yaw
0.439,-0.169,0.752,-2.572,-3.841,170.774,Yaw
0.661,-0.228,0.508,-4.988,-3.483,286.685,Yaw
0.647,0.022,0.566,-5.215,-6.274,286.685,Yaw
-0.242,0.582,0.646,-8.164,-8.977,286.685,Yaw
-1.078,0.527,0.760,-10.745,-9.109,285.031,Yaw
-1.288,0.375,0.923,28.761,2.957,-97.580,Yaw
-0.638,0.102,0.376,11.559,5.057,-251.501,Yaw
-0.008,0.323,0.435,-6.011,-5.320,-286.685,Yaw
0.228,0.666,0.732,0.910,1.242,-286.685,Yaw
0.542,0.215,0.491,10.176,4.926,-286.685,Yaw
0.650,0.102,0.624,8.199,1.216,-286.685,Yaw
0.435,0.182,0.880,2.669,-2.424,-260.076,Yaw
0.456,-0.042,0.927,1.671,-3.307,-29.032,Yaw
0.552,-0.174,0.264,-3.168,-3.955,284.944,Yaw
0.516,-0.353,0.723,-4.637,-0.691,286.685,Yaw
0.071,0.037,0.214,-22.628,-18.524,286.685,Yaw
-0.766,0.593,0.843,-33.626,-11.139,286.396,Yaw
-1.044,0.495,0.666,-12.574,-4.060,52.938,Yaw
-0.950,0.335,0.790,68.478,2.809,-148.417,Yaw
-0.557,0.062,0.438,1.234,-1.487,-285.801,Yaw
-0.184,0.363,0.560,3.395,2.669,-286.685,Yaw
0.144,0.388,0.592,22.654,12.539,-286.685,Yaw
0.587,0.301,0.273,8.085,-0.341,-286.685,Yaw
0.983,0.199,0.898,2.074,0.849,-177.345,Yaw
0.586,0.338,0.626,-3.736,-3.964,266.385,Yaw
0.658,0.187,0.581,-4.602,-5.189,286.685,Yaw
0.360,-0.078,0.572,-7.814,-6.265,286.685,Yaw
-0.716,0.255,0.685,-15.671,-15.873,286.685,Yaw
-0.767,0.157,0.941,1.067,-2.625,155.977,Yaw
-0.913,-0.026,0.990,2.065,-1.558,-64.899,Yaw
-0.871,-0.026,0.615,15.724,7.849,-218.706,Yaw
-0.261,-0.101,0.212,1.059,-1.155,-286.685,Yaw
-0.178,0.343,0.571,6.825,0.656,-286.685,Yaw
0.208,0.748,0.305,7.175,-0.805,-286.685,Yaw
0.669,0.666,0.372,5.198,-0.656,-283.658,Yaw
0.544,0.300,0.875,-0.096,-2.844,-40.338,Yaw
0.756,0.217,0.576,-2.135,-3.019,263.944,Yaw
0.776,0.057,0.455,-5.250,-2.432,286.685,Yaw
0.453,0.030,0.560,-8.557,-7.044,286.685,Yaw
-1.286,-0.034,0.832,-2.284,-8.488,286.685,Yaw
-1.760,0.211,0.834,-0.079,-2.257,-51.870,Yaw
-0.665,0.368,0.460,3.964,2.074,-286.685,Yaw
-0.179,0.525,0.420,1.864,1.549,-286.685,Yaw
0.275,0.412,0.294,23.091,12.618,-286.685,Yaw
0.241,0.485,0.448,4.366,0.429,-276.797,Yaw
0.348,0.306,0.508,3.168,-2.100,-243.066,Yaw
0.685,-0.130,1.079,0.910,-2.616,-86.301,Yaw
0.696,0.065,0.377,-4.270,-3.876,276.019,Yaw
0.602,0.262,0.497,-3.386,-5.915,286.685,Yaw
0.007,0.258,0.735,-8.601,-13.195,286.685,Yaw
-0.518,0.131,0.820,-10.334,-7.770,286.685,Yaw
-0.679,-0.021,1.009,-12.495,-6.930,265.108,Yaw
-0.737,0.216,1.038,9.564,-4.751,113.514,Yaw
-0.679,0.661,0.979,23.319,-1.041,-176.076,Yaw
-0.285,0.392,0.416,1.934,-0.026,-281.365,Yaw
0.108,0.223,0.418,2.975,0.481,-286.685,Yaw
0.262,0.065,0.362,1.942,2.214,-286.685,Yaw
0.446,0.290,0.532,5.198,2.310,-283.728,Yaw
0.496,0.465,0.492,18.191,8.514,-246.724,Yaw
0.827,-0.215,0.949,1.829,-2.345,-34.002,Yaw
0.686,0.222,0.376,-5.556,-4.025,286.685,Yaw
0.041,0.127,0.408,-15.951,-14.971,286.685,Yaw
-0.419,-0.245,0.926,-1.645,-8.549,286.685,Yaw
-0.686,-0.115,0.926,-22.076,-6.615,259.140,Yaw
-0.500,0.314,0.930,-47.819,-6.895,139.501,Yaw
-0.684,1.008,0.609,-3.876,3.859,-135.686,Yaw
-0.507,0.770,0.334,101.658,9.975,-284.410,Yaw
-0.236,0.251,0.241,2.616,-0.621,-286.685,Yaw
0.224,0.137,0.253,1.575,1.977,-286.685,Yaw
0.817,0.190,0.351,14.061,4.497,-286.685,Yaw
0.738,0.246,0.485,3.579,-2.686,-275.914,Yaw
0.856,-0.004,0.831,-0.639,-3.360,113.199,Yaw
0.573,0.540,0.331,-7.350,-4.253,286.685,Yaw
-0.074,-0.068,0.377,-19.154,-18.183,286.685,Yaw
-0.657,-0.034,0.678,-2.914,-7.884,286.685,Yaw
-1.273,0.206,0.950,-18.086,-4.725,192.062,Yaw
-0.766,0.541,0.935,20.055,-1.383,-130.217,Yaw
-0.338,0.279,0.552,0.709,-0.149,-273.508,Yaw
-0.354,0.421,0.303,2.503,0.210,-286.685,Yaw
0.269,0.215,0.566,2.686,1.487,-286.685,Yaw
0.700,-0.127,0.238,5.477,0.831,-283.876,Yaw
0.722,0.236,0.847,-1.470,-2.660,148.400,Yaw
1.083,0.220,0.369,-11.340,-8.829,286.571,Yaw
0.443,0.078,0.688,-0.814,-6.650,286.685,Yaw
-0.465,0.055,0.879,-2.984,-11.611,286.685,Yaw
-0.903,0.392,0.918,-12.915,-8.006,185.351,Yaw
-0.909,0.515,0.684,-0.455,16.048,50.592,Yaw
-0.737,0.486,0.831,1.251,-1.794,-141.391,Yaw
-0.228,0.107,0.212,1.400,-0.613,-286.685,Yaw
-0.053,0.297,0.129,-0.507,0.639,-286.685,Yaw
0.177,0.171,0.547,2.599,1.102,-286.685,Yaw
0.391,0.176,0.578,1.969,0.621,-285.276,Yaw
0.729,0.129,0.382,16.266,6.790,-226.380,Yaw
0.904,-0.143,0.834,-0.586,-2.905,96.644,Yaw
0.603,-0.020,0.636,-3.763,-3.281,284.742,Yaw
0.276,-0.000,0.312,-6.151,-3.509,286.685,Yaw
-0.168,-0.125,0.214,-16.520,-15.155,286.685,Yaw
-0.667,0.413,0.737,-2.188,-5.653,277.279,Yaw
-0.696,0.649,0.702,-1.295,-3.701,20.370,Yaw
-0.832,0.646,0.855,0.516,-1.794,-157.202,Yaw
-0.246,0.383,0.393,4.620,-0.009,-286.685,Yaw
0.050,0.087,0.455,15.610,10.421,-286.685,Yaw
0.237,0.178,0.223,1.111,-3.229,-286.685,Yaw
0.617,0.276,0.694,1.645,0.560,-286.685,Yaw
0.820,0.023,0.680,17.535,9.861,-262.141,Yaw
0.651,0.077,0.349,-2.669,-3.693,224.735,Yaw
0.518,0.360,0.422,-5.530,2.398,286.685,Yaw
0.093,0.170,0.310,-13.038,-8.374,286.685,Yaw
-0.668,-0.024,0.415,-1.697,-7.035,286.685,Yaw
-0.911,0.298,0.942,-2.091,-4.602,168.298,Yaw
-0.869,0.483,1.140,-12.040,-1.207,-145.924,Yaw
-0.823,0.900,0.737,-18.821,4.550,-285.723,Yaw
0.506,0.717,0.316,35.429,8.059,-286.685,Yaw
0.739,-0.446,0.440,11.060,1.601,-250.005,Yaw
0.244,-0.221,0.672,20.011,-3.045,-205.992,Yaw
0.371,0.114,0.971,20.396,-3.509,-75.696,Yaw
0.866,-0.074,0.353,-60.830,-4.637,285.836,Yaw
0.762,0.416,0.629,-18.786,-18.795,286.685,Yaw
0.117,0.042,0.803,-26.871,-14.438,286.685,Yaw
-1.250,0.386,0.760,-49.682,-14.604,280.604,Yaw
-1.012,0.503,0.960,-53.060,-5.372,48.143,Yaw
-0.610,0.600,0.664,-8.041,8.873,-170.896,Yaw
-0.664,0.796,0.601,152.469,14.761,-286.685,Yaw
-0.094,0.083,0.168,1.426,-2.310,-286.685,Yaw
-0.104,0.554,0.355,0.656,0.149,-286.685,Yaw
0.885,-0.299,0.097,6.956,0.026,-285.749,Yaw
1.220,-0.079,0.899,3.491,-2.783,49.306,Yaw
0.794,0.330,0.474,-15.417,-3.421,286.510,Yaw
0.508,0.046,0.312,-4.427,-4.427,286.685,Yaw
0.099,-0.169,0.653,13.650,-4.077,286.492,Yaw
-0.488,0.160,0.559,-19.241,-37.432,260.015,Yaw
-1.584,0.830,0.560,1.505,25.532,105.787,Yaw
-0.921,0.245,0.723,2.476,-1.085,-208.259,Yaw
-0.413,0.342,0.540,3.535,0.507,-285.180,Yaw
0.001,0.094,0.180,1.312,1.820,-286.580,Yaw
0.808,0.227,0.504,20.825,12.023,-255.281,Yaw
1.001,0.311,0.483,-1.278,-3.054,176.164,Yaw
0.920,0.014,0.446,-4.952,-5.075,286.685,Yaw
0.671,-0.149,0.664,-9.704,-10.614,286.685,Yaw
-0.007,0.160,0.688,-5.635,-9.319,286.685,Yaw
-1.345,0.610,0.763,-9.118,-5.338,192.369,Yaw
-1.096,0.068,1.094,1.199,-1.645,-105.341,Yaw
-0.832,0.478,0.375,1.969,0.157,-286.177,Yaw
-0.274,0.551,0.335,2.949,1.785,-286.685,Yaw
0.390,0.482,0.258,3.474,3.605,-286.685,Yaw
0.688,0.234,0.634,2.686,0.192,-286.685,Yaw
0.536,0.153,0.611,2.030,-0.026,-278.617,Yaw
0.430,0.169,0.533,7.227,3.229,-250.626,Yaw
0.715,-0.339,0.842,14.656,-2.371,54.985,Yaw
0.620,0.020,0.586,-16.958,-3.080,286.685,Yaw
0.233,0.141,0.335,-4.839,-3.316,286.685,Yaw
-0.848,0.359,0.664,-1.759,-4.489,284.279,Yaw
-0.603,0.311,0.988,-0.009,-2.572,91.271,Yaw
-0.797,0.029,1.050,1.969,-1.908,-74.357,Yaw
-0.651,0.461,0.587,2.406,0.105,-284.664,Yaw
-0.023,0.241,0.599,2.651,0.814,-286.685,Yaw
0.159,0.176,0.681,8.908,4.113,-286.685,Yaw
0.438,0.240,0.488,4.218,-0.201,-283.640,Yaw
0.608,0.205,0.499,3.614,-1.575,-268.293,Yaw
0.936,-0.150,0.858,0.998,-2.144,8.321,Yaw
0.706,0.416,0.338,-6.186,-1.969,286.685,Yaw
-0.005,0.372,0.350,-13.300,-19.714,286.685,Yaw
-1.351,0.075,0.639,-1.549,-5.504,286.598,Yaw
-1.162,0.352,0.860,-0.368,-2.651,187.548,Yaw
-0.531,0.169,0.956,1.094,-1.592,-73.518,Yaw
-0.610,0.464,0.653,1.750,-0.613,-250.486,Yaw
-0.180,0.771,0.514,2.730,1.628,-286.685,Yaw
0.429,0.496,0.415,2.669,1.435,-286.685,Yaw
0.676,-0.048,0.526,4.366,-1.820,-286.685,Yaw
0.722,-0.056,0.845,3.176,-1.855,-262.378,Yaw
0.829,-0.165,0.523,-0.945,-3.098,111.589,Yaw
0.551,0.234,0.267,-4.069,-4.734,286.685,Yaw
0.037,0.203,0.552,-9.118,-7.044,286.685,Yaw
-0.989,0.097,0.617,-11.970,-11.104,285.355,Yaw
-0.858,0.255,0.950,0.333,-2.818,71.549,Yaw
-0.597,0.264,0.954,-0.236,-2.625,-89.145,Yaw
-0.417,0.681,0.715,1.829,-0.420,-262.395,Yaw
-0.209,0.566,0.311,2.319,0.446,-286.685,Yaw
0.306,0.222,0.714,21.604,14.350,-286.685,Yaw
0.244,0.025,0.526,7.411,-1.619,-286.685,Yaw
0.484,0.025,0.738,2.975,1.514,-286.685,Yaw
1.052,-0.146,0.801,3.194,-1.584,-241.693,Yaw
0.676,0.159,0.679,-3.089,-3.973,274.628,Yaw
0.592,0.567,0.512,-10.623,-7.140,286.685,Yaw
0.069,0.706,0.628,-3.220,-5.880,286.685,Yaw
-0.854,0.043,0.541,-20.440,-12.285,286.414,Yaw
-1.438,0.322,0.815,21.770,-5.101,152.976,Yaw
-0.948,0.381,0.728,24.824,-0.123,-84.070,Yaw
-0.243,0.618,0.368,1.942,0.674,-285.600,Yaw
0.234,0.450,0.464,2.651,2.100,-286.685,Yaw
-0.006,0.153,0.564,-0.779,0.761,-286.685,Yaw
0.456,-0.133,0.321,10.430,6.676,-286.685,Yaw
1.063,-0.007,0.538,3.946,-2.144,-285.836,Yaw
0.571,0.316,1.036,-1.173,-3.561,13.326,Yaw
0.576,0.235,0.487,-0.928,-2.905,272.388,Yaw
0.552,0.319,0.699,-7.262,-4.900,286.685,Yaw
-0.421,-0.053,0.234,-8.059,-7.735,286.685,Yaw
-1.391,0.108,0.317,-13.913,-8.995,266.367,Yaw
-0.800,0.562,0.703,31.202,-2.467,143.535,Yaw
0.074,0.272,0.393,0.359,-2.450,6.055,Yaw
-0.164,0.423,0.741,1.173,-1.837,-172.148,Yaw
0.007,0.462,0.495,0.752,-1.663,-282.389,Yaw
-0.234,0.405,0.374,2.800,0.079,-286.685,Yaw
-1.999,1.997,0.389,-18.970,66.098,-61.688,Shake
-1.250,1.997,-0.023,46.436,74.751,-280.551,Shake
0.036,1.103,0.440,121.100,114.065,-286.685,Shake
1.046,0.034,0.380,166.696,142.223,-286.685,Shake
1.997,-1.999,0.389,284.296,45.964,-286.685,Shake
1.997,-1.999,1.169,146.011,-93.336,-140.893,Shake
1.997,-1.999,0.979,27.667,-63.446,202.265,Shake
1.997,-1.999,1.024,-57.575,-104.003,286.685,Shake
1.581,-0.823,1.870,-226.406,-146.580,286.685,Shake
0.042,1.943,1.997,-247.380,-171.351,286.685,Shake
-1.999,1.997,1.676,-111.317,-108.465,265.142,Shake
-1.999,1.997,1.452,-60.410,2.485,-203.079,Shake
-1.155,1.997,1.166,-8.855,160.991,-286.685,Shake
0.800,1.916,0.927,103.845,286.685,-286.685,Shake
1.997,-0.289,-0.246,204.173,256.760,-286.685,Shake
1.997,-1.999,1.772,276.658,-5.976,-286.685,Shake
1.997,-1.999,1.772,-4.839,-117.154,-46.419,Shake
1.997,-1.999,0.479,19.933,122.964,259.858,Shake
1.997,-1.779,0.352,-57.750,-65.791,286.685,Shake
0.578,0.743,0.736,-284.462,-166.644,286.685,Shake
-0.413,1.997,1.338,-201.504,-170.004,286.685,Shake
-1.999,1.997,1.603,3.640,-84.857,178.238,Shake
-1.988,1.997,1.999,4.751,48.143,-260.050,Shake
0.112,1.997,1.029,13.904,273.805,-286.685,Shake
1.935,0.801,-0.399,216.072,283.413,-286.685,Shake
1.997,-0.868,0.473,286.606,120.348,-286.685,Shake
1.997,-1.999,1.604,54.320,-33.075,-286.685,Shake
1.997,-1.999,1.322,3.168,-15.417,-39.812,Shake
1.997,-1.999,0.550,86.529,51.581,280.709,Shake
1.997,-1.953,0.453,13.913,-16.888,286.685,Shake
1.705,-0.138,1.088,-174.606,-148.969,286.685,Shake
0.315,1.933,1.436,-194.154,-148.321,286.685,Shake
-1.890,1.997,0.866,-132.414,-190.033,204.330,Shake
-1.872,1.997,1.194,-33.871,-41.134,-119.805,Shake
-1.096,1.610,0.708,34.729,62.895,-233.896,Shake
0.303,-1.218,-0.702,275.940,177.091,-189.525,Shake
1.623,-1.999,0.840,282.065,-34.982,-47.189,Shake
1.997,-1.999,1.602,17.386,-116.620,164.290,Shake
1.607,-1.999,1.680,-62.991,-101.281,286.685,Shake
0.272,-0.360,1.620,-90.650,-64.855,286.685,Shake
-1.236,1.997,1.761,-99.199,-103.714,286.685,Shake
-1.999,1.997,1.736,-89.906,-40.311,180.749,Shake
-1.999,1.997,1.970,-108.859,51.896,-202.974,Shake
-1.689,1.997,1.779,-137.489,182.613,-286.685,Shake
0.723,0.860,0.476,2.371,286.685,-286.685,Shake
1.997,-0.620,-0.516,285.828,273.473,-286.685,Shake
1.997,-1.999,1.490,174.475,-5.119,-286.685,Shake
1.997,-1.999,1.508,-71.785,-21.788,-183.601,Shake
1.997,-1.999,1.263,-97.151,-24.622,126.577,Shake
1.981,-1.873,0.386,-95.804,-0.656,286.685,Shake
1.122,-0.359,0.126,-133.901,-52.194,286.685,Shake
0.543,-0.213,1.168,-211.601,-162.785,286.685,Shake
-0.321,1.469,1.675,-232.715,-145.836,286.685,Shake
-1.999,1.997,1.385,-221.708,-214.515,105.893,Shake
-1.999,1.997,1.999,-211.855,-49.744,-285.092,Shake
-0.057,1.995,0.662,82.014,286.562,-286.685,Shake
1.766,1.703,-0.227,286.685,283.981,-286.685,Shake
1.997,-0.461,0.613,261.223,144.445,-286.685,Shake
1.997,-1.999,1.306,13.799,-20.589,-286.685,Shake
1.997,-1.999,1.620,88.603,49.928,-218.006,Shake
1.997,-1.999,1.052,153.396,177.704,87.561,Shake
1.997,-1.999,0.645,121.695,175.236,265.860,Shake
1.997,-1.122,0.514,-44.030,26.722,286.685,Shake
0.966,1.530,0.639,-178.867,22.164,286.685,Shake
-0.175,1.997,-0.488,32.821,173.005,286.685,Shake
-0.710,1.997,-1.454,276.474,222.740,286.685,Shake
-1.350,1.933,-1.616,286.685,132.694,286.685,Shake
-1.400,0.341,-0.167,285.486,34.860,260.654,Shake
-1.161,-1.281,1.961,85.768,-98.936,212.135,Shake
-1.255,-1.377,1.999,63.665,-6.230,243.023,Shake
-0.863,-0.375,1.999,238.158,209.746,286.685,Shake
-0.598,1.894,0.316,213.010,286.685,286.685,Shake
-0.551,1.997,-1.997,105.490,286.685,164.894,Shake
-0.753,1.997,-1.997,-14.420,61.740,-178.990,Shake
0.122,1.997,-1.994,40.836,-286.685,-282.100,Shake
0.774,1.342,-0.349,38.264,-286.685,-286.685,Shake
1.215,0.490,0.642,15.759,-286.685,-286.685,Shake
1.529,-0.008,0.490,-34.493,-286.685,-286.685,Shake
1.972,-0.995,1.622,-70.989,-286.685,-286.685,Shake
1.997,-1.999,1.999,-223.204,-286.685,-286.685,Shake
1.997,-1.999,1.999,-147.455,-286.685,-276.360,Shake
1.997,-1.999,1.878,-68.679,-100.783,221.926,Shake
1.989,-0.848,0.467,77.052,10.439,286.685,Shake
1.460,0.323,0.739,2.257,-67.331,286.685,Shake
0.373,1.302,1.428,-224.665,-104.676,286.685,Shake
-1.050,1.997,1.244,-273.997,-128.135,286.685,Shake
-1.999,1.997,1.999,-218.479,-140.210,-2.424,Shake
-1.972,1.997,1.999,-96.460,149.354,-275.047,Shake
-0.870,1.378,0.848,-60.296,224.805,-286.685,Shake
0.903,0.492,-0.360,-23.441,198.258,-286.685,Shake
1.983,-1.313,0.442,54.722,129.299,-286.685,Shake
1.997,-1.999,0.615,33.731,67.060,-257.066,Shake
1.997,-1.999,0.567,-6.003,-14.315,-95.384,Shake
1.997,-1.999,0.313,-36.785,4.253,148.269,Shake
1.857,-1.999,0.419,55.423,41.151,286.685,Shake
1.463,-0.889,0.209,-38.342,-26.390,286.685,Shake
-0.590,1.997,-0.204,-82.784,-126.332,286.685,Shake
-1.999,1.997,1.756,-205.389,-232.400,-42.980,Shake
-1.203,1.997,1.956,-32.156,82.915,-286.685,Shake
0.107,1.835,0.481,-34.256,169.820,-286.685,Shake
0.970,1.159,0.281,-48.816,118.265,-286.685,Shake
1.993,-0.241,0.496,-19.346,134.741,-286.685,Shake
1.997,-1.973,0.469,110.618,134.951,-286.685,Shake
1.997,-1.999,0.199,72.800,-15.199,-225.794,Shake
1.997,-1.999,0.298,43.173,-79.389,-27.239,Shake
1.997,-1.999,0.383,35.000,-57.689,100.870,Shake
1.997,-1.999,0.431,62.982,-13.667,284.384,Shake
1.447,-0.301,0.351,22.146,-63.752,286.685,Shake
0.147,1.500,0.671,-100.800,-280.709,279.457,Shake
-1.732,1.997,1.999,-160.755,-211.242,78.041,Shake
-1.717,1.997,1.999,-139.204,62.737,-201.889,Shake
-0.333,1.249,1.185,-21.709,241.351,-286.685,Shake
0.989,0.572,0.129,129.701,286.685,-286.685,Shake
1.997,-0.858,-0.212,220.561,265.772,-286.685,Shake
1.997,-1.999,0.572,101.684,87.378,-227.693,Shake
1.997,-1.999,0.913,-10.701,2.800,10.920,Shake
1.997,-1.999,0.834,-39.296,-22.811,286.247,Shake
1.997,-1.409,0.610,-35.945,-37.354,286.685,Shake
1.802,0.909,0.290,-54.679,-89.871,286.685,Shake
-0.344,1.997,1.278,-126.192,-278.775,286.685,Shake
-1.887,1.997,1.866,-144.279,-166.092,192.719,Shake
-1.999,1.898,1.999,121.844,36.208,-76.029,Shake
-1.469,1.182,1.636,207.585,194.714,-213.106,Shake
-0.074,-0.094,1.128,138.512,257.425,-286.685,Shake
1.614,-1.578,0.114,43.592,230.930,-286.685,Shake
1.997,-1.999,0.908,100.695,36.391,-178.036,Shake
1.997,-1.999,1.201,13.055,-56.298,76.615,Shake
1.997,-1.999,1.239,-67.200,-81.480,277.034,Shake
1.949,-1.283,1.151,-55.090,-62.423,286.685,Shake
0.832,0.364,0.822,2.398,-45.999,286.685,Shake
0.140,1.383,0.744,-16.782,-126.770,286.685,Shake
-1.983,1.997,1.086,-22.750,-170.371,275.809,Shake
-1.999,1.997,0.554,38.990,-91.630,-152.128,Shake
-1.248,1.404,1.773,79.293,17.885,-286.685,Shake
-0.179,0.745,1.024,9.677,167.965,-286.685,Shake
1.397,-0.030,0.361,81.856,143.150,-286.685,Shake
1.983,-1.742,1.672,81.113,29.698,-286.685,Shake
1.997,-1.999,1.842,-73.308,34.475,-234.439,Shake
1.997,-1.999,1.692,-90.151,-6.492,217.044,Shake
1.997,-1.999,1.168,-54.399,24.631,286.685,Shake
1.507,-0.299,0.677,-38.001,-57.216,286.685,Shake
0.012,1.221,0.701,-134.899,-58.362,286.685,Shake
-0.971,1.997,0.163,-57.339,7.621,282.966,Shake
-1.999,1.997,0.057,-9.949,-110.128,72.082,Shake
-1.999,1.997,1.359,-67.646,-107.485,-283.552,Shake
-0.468,1.997,0.828,-43.278,93.214,-286.685,Shake
1.949,1.484,0.619,148.628,157.378,-286.685,Shake
1.997,-0.475,1.360,169.391,130.848,-286.685,Shake
1.997,-1.999,1.999,95.314,54.574,-286.685,Shake
1.997,-1.999,1.999,-50.461,-14.350,-57.741,Shake
1.997,-1.999,1.487,-67.200,-26.792,286.685,Shake
1.997,-1.270,0.909,-98.035,-71.969,286.685,Shake
1.609,0.885,0.912,-198.196,-51.030,286.685,Shake
-0.734,1.997,0.110,-94.132,-98.402,286.685,Shake
-1.999,1.997,0.156,21.315,-150.938,146.974,Shake
-1.999,1.997,0.635,47.460,-90.912,-236.932,Shake
-0.201,1.997,0.421,4.323,7.245,-286.685,Shake
1.997,0.086,0.879,184.572,100.380,-286.685,Shake
1.997,-1.974,1.999,107.607,29.260,-286.685,Shake
1.997,-1.999,1.999,-71.916,71.601,-286.685,Shake
1.997,-1.999,1.999,-144.646,12.355,133.070,Shake
1.997,-1.718,1.514,-156.485,-73.351,286.685,Shake
0.193,1.244,0.168,-129.824,-70.411,286.685,Shake
-1.687,1.997,-0.646,-78.418,-9.012,286.685,Shake
-1.999,1.997,-1.864,130.646,46.077,69.283,Shake
-1.678,1.997,-0.561,202.449,-156.450,-269.876,Shake
-0.617,1.997,1.005,46.130,-247.292,-286.685,Shake
0.600,1.854,1.464,-162.575,-92.015,-286.685,Shake
1.973,0.291,1.657,-23.013,28.341,-286.685,Shake
1.997,-0.656,1.974,8.382,104.317,-286.685,Shake
1.997,-1.999,1.998,-66.762,148.085,-267.689,Shake
1.997,-1.999,1.565,-110.626,113.934,162.015,Shake
1.997,-1.961,0.278,-102.287,18.891,286.685,Shake
1.774,-0.595,0.497,-160.667,-71.724,286.685,Shake
-0.517,1.987,-0.810,-28.236,44.791,286.685,Shake
-1.999,1.997,-1.376,171.474,-93.450,120.838,Shake
-1.999,1.997,0.745,72.975,-150.246,-199.185,Shake
-0.675,1.997,0.979,-70.315,20.825,-286.685,Shake
1.358,1.238,0.746,49.849,84.525,-286.685,Shake
1.997,0.125,1.431,69.230,40.679,-286.685,Shake
1.997,-1.699,1.999,-0.166,83.396,-286.685,Shake
1.997,-1.999,1.883,58.222,143.544,-108.640,Shake
1.997,-1.999,0.832,81.270,153.659,267.566,Shake
1.997,-1.834,0.147,-8.076,-10.281,286.685,Shake
1.997,0.798,0.743,-92.628,-128.441,286.685,Shake
1.993,1.997,1.067,-148.199,-222.609,286.685,Shake
-0.171,1.997,1.519,-87.824,-286.685,286.685,Shake
-1.999,1.997,1.992,141.137,-142.774,234.771,Shake
-1.999,1.997,1.117,215.985,-20.685,-60.366,Shake
-1.309,1.991,1.037,8.619,-46.690,-286.685,Shake
1.006,0.042,1.844,110.154,26.556,-286.685,Shake
1.997,-1.313,1.999,21.866,78.978,-286.685,Shake
1.997,-1.999,1.999,-14.368,133.656,-279.038,Shake
1.997,-1.999,1.955,94.421,105.411,99.461,Shake
1.997,-1.999,1.187,67.270,131.775,286.685,Shake
1.997,-1.533,0.606,-71.741,63.385,286.685,Shake
1.929,1.000,0.862,-149.319,-31.080,286.685,Shake
0.680,1.423,1.738,-205.607,-60.611,286.685,Shake
-0.504,1.997,0.989,-133.122,-19.819,286.685,Shake
-1.999,1.997,1.796,-19.801,-160.099,172.804,Shake
-1.999,1.997,1.656,111.738,113.155,-234.386,Shake
-0.523,1.997,0.583,-25.594,113.934,-286.685,Shake
1.415,1.011,-0.287,-20.913,107.109,-286.685,Shake
1.672,-0.173,1.999,-17.903,-37.371,-286.685,Shake
1.997,-1.627,1.979,-202.458,119.000,-286.685,Shake
1.997,-1.999,1.174,31.491,232.943,-271.180,Shake
1.997,-1.999,1.673,35.928,109.340,23.782,Shake
1.997,-1.999,0.941,-14.682,142.039,286.020,Shake
1.997,-1.497,0.789,-43.899,68.618,286.685,Shake
1.743,-0.054,1.410,-285.390,14.175,286.685,Shake
-0.606,1.997,1.430,-286.685,-123.629,286.685,Shake
-1.999,1.997,1.919,58.222,207.419,215.014,Shake
-1.999,1.997,0.485,-62.799,80.719,-44.441,Shake
-1.999,1.997,0.612,-128.809,79.056,-279.344,Shake
-0.045,1.491,-0.349,21.945,265.247,-286.685,Shake
1.268,0.330,0.375,118.125,50.085,-286.685,Shake
1.938,-0.893,0.946,48.755,65.100,-286.685,Shake
1.997,-1.999,0.960,70.079,79.599,-286.685,Shake
1.997,-1.999,0.719,52.281,99.452,-155.663,Shake
1.997,-1.999,0.503,-37.004,78.269,125.808,Shake
1.997,-1.999,0.333,24.106,-18.060,286.685,Shake
1.844,-1.452,0.489,55.947,-23.730,286.685,Shake
0.632,0.441,0.712,-42.499,-149.555,286.685,Shake
-0.922,1.548,1.328,-114.231,-159.486,286.685,Shake
-1.999,1.997,1.290,-72.800,-177.223,176.645,Shake
-1.999,1.997,1.793,-114.739,-134.934,-83.974,Shake
-1.839,1.997,0.959,-30.756,102.191,-286.685,Shake
0.504,1.417,0.480,97.764,162.724,-286.685,Shake
1.997,-0.378,0.678,127.103,114.152,-286.685,Shake
1.997,-1.023,1.157,83.335,69.668,-286.685,Shake
1.997,-1.999,1.261,111.641,116.183,-284.331,Shake
1.997,-1.999,0.973,137.856,99.461,-27.974,Shake
1.997,-1.999,0.722,64.601,25.489,280.691,Shake
1.997,-1.217,0.409,-96.784,-95.550,286.685,Shake
1.859,-0.116,0.547,-174.195,-119.315,286.685,Shake
0.569,1.700,1.034,-113.628,-153.606,286.685,Shake
-1.810,1.997,1.738,-76.029,-208.617,281.846,Shake
-1.999,1.997,1.743,-64.076,-101.876,-76.808,Shake
-1.977,1.997,1.639,-36.382,-12.425,-280.525,Shake
-0.374,1.528,1.195,-47.871,129.789,-286.685,Shake
1.566,0.396,1.011,96.346,245.516,-286.685,Shake
1.997,-1.999,0.142,160.895,274.277,-286.685,Shake
1.997,-1.999,1.149,168.613,26.442,-246.969,Shake
1.997,-1.999,1.185,-8.356,-114.293,144.979,Shake
1.997,-1.858,0.804,-40.731,-142.572,286.685,Shake
1.725,0.390,0.982,-14.717,-196.438,286.685,Shake
0.607,1.542,1.050,-30.039,-181.615,286.685,Shake
-1.937,1.997,1.045,-11.235,-213.325,286.475,Shake
-1.999,1.997,1.568,5.101,-90.116,-60.480,Shake
-1.948,1.997,1.796,40.504,27.991,-286.685,Shake
-0.628,1.503,1.742,-2.529,184.152,-286.685,Shake
1.995,-0.990,0.068,72.039,286.685,-286.685,Shake
1.997,-1.999,1.350,112.324,-31.631,-286.685,Shake
1.997,-1.999,1.881,-54.040,-63.123,-158.235,Shake
1.997,-1.999,1.716,-68.285,-2.739,247.494,Shake
1.997,-1.849,0.961,-56.822,25.882,286.685,Shake
1.808,-0.291,1.182,-61.556,-48.685,286.685,Shake
0.470,0.953,1.417,-181.562,-132.825,286.685,Shake
-0.814,1.997,1.777,-172.533,-89.854,286.685,Shake
-1.999,1.997,1.116,-63.595,-15.417,257.819,Shake
-1.999,1.997,0.436,61.478,47.766,-122.692,Shake
-1.343,1.997,0.614,-1.864,72.450,-286.685,Shake
0.344,1.366,0.787,-4.200,190.724,-286.685,Shake
1.706,-0.224,0.400,95.016,243.661,-286.685,Shake
1.997,-1.999,1.349,107.179,63.341,-286.685,Shake
1.997,-1.999,1.809,-65.975,9.590,-221.533,Shake
1.997,-1.999,1.205,-64.059,77.490,170.441,Shake
1.997,-1.999,0.476,-36.557,43.094,286.685,Shake
1.434,0.670,0.291,-38.115,-136.404,286.685,Shake
-1.317,1.997,0.963,-116.410,-180.801,286.685,Shake
-1.999,1.997,1.024,21.997,-22.050,39.016,Shake
-1.999,1.997,0.889,-12.075,6.177,-234.736,Shake
-0.718,1.963,0.872,29.164,146.606,-286.685,Shake
1.360,0.641,0.948,115.071,238.989,-286.685,Shake
1.997,-1.746,1.121,145.276,175.271,-286.685,Shake
1.997,-1.999,1.805,59.684,29.881,-270.253,Shake
1.997,-1.999,1.787,-34.720,4.681,-47.320,Shake
1.997,-1.999,1.107,-4.069,32.743,283.185,Shake
1.997,-0.890,0.816,5.696,-109.043,286.685,Shake
1.997,0.065,1.206,-48.781,-150.386,286.685,Shake
1.500,1.104,1.280,-147.193,-51.432,286.685,Shake
-0.980,1.997,0.459,-88.497,-101.150,286.685,Shake
-1.999,1.997,0.174,12.110,-124.119,134.461,Shake
-1.999,1.997,0.141,94.728,-56.752,-284.953,Shake
-1.127,1.997,1.188,88.795,30.275,-286.685,Shake
1.960,-0.248,0.584,122.281,185.999,-286.685,Shake
1.997,-1.999,1.990,130.445,30.765,-286.685,Shake
1.997,-1.999,1.999,-11.541,14.525,-211.260,Shake
1.997,-1.999,1.999,-18.296,133.473,102.664,Shake
1.997,-1.999,1.985,6.615,195.562,286.685,Shake
1.749,0.443,0.409,91.158,286.685,286.685,Shake
0.839,1.073,-0.710,209.020,286.685,286.685,Shake
0.224,0.490,-1.254,280.726,286.685,286.685,Shake
-0.414,1.074,-1.296,132.344,180.355,286.685,Shake
-0.577,1.459,-1.528,88.865,109.935,222.766,Shake
-0.374,1.715,-1.877,286.081,43.470,206.054,Shake
-0.888,1.997,-1.997,80.150,-105.787,119.857,Shake
-0.460,1.997,-1.949,-246.794,-286.685,-208.031,Shake
0.024,1.996,0.740,-141.549,-286.685,-286.685,Shake
0.719,0.938,0.572,-283.658,-286.685,-286.685,Shake
1.223,0.450,0.455,-286.685,-286.685,-286.685,Shake
1.997,-0.434,-1.009,-286.685,-286.685,-286.685,Shake
1.997,-1.999,1.191,-158.182,-286.685,-286.685,Shake
1.997,-1.999,0.417,-67.174,-100.494,-36.916,Shake
1.997,-1.969,-0.929,286.475,171.456,286.685,Shake
1.919,0.247,0.283,221.777,-60.786,286.685,Shake
1.666,0.263,0.987,-12.084,-79.975,286.685,Shake
1.304,1.765,1.562,-103.530,-180.548,286.685,Shake
-1.764,1.997,0.919,89.372,-127.592,286.685,Shake
-1.999,1.997,1.030,183.951,-114.555,1.864,Shake
-1.999,1.997,1.521,76.230,-80.141,-267.330,Shake
-0.745,1.839,1.999,-57.365,123.743,-286.685,Shake
1.997,-1.642,1.351,79.082,278.084,-286.685,Shake
1.997,-1.999,1.750,54.661,19.521,-286.685,Shake
1.997,-1.999,1.999,-42.779,-89.285,-236.128,Shake
1.997,-1.999,1.999,-114.861,13.326,107.293,Shake
1.997,-1.895,0.890,-52.605,127.085,286.685,Shake
1.988,0.177,0.136,-30.126,23.931,286.685,Shake
1.108,0.892,0.582,-168.648,-146.344,286.685,Shake
-0.863,1.997,1.945,-251.116,-206.553,286.685,Shake
-1.999,1.997,1.999,33.521,-61.268,163.363,Shake
-1.999,1.997,1.148,66.272,131.574,-282.608,Shake
-0.683,1.959,-0.281,133.149,182.009,-286.685,Shake
1.909,-0.208,0.432,104.878,65.109,-286.685,Shake
1.997,-1.995,1.589,-79.590,-22.059,-286.685,Shake
1.997,-1.999,1.727,-132.589,26.267,-160.387,Shake
1.997,-1.999,1.533,-159.268,-19.530,286.554,Shake
1.997,-1.451,0.623,-54.434,42.053,286.685,Shake
1.138,1.707,0.078,-2.905,25.436,286.685,Shake
-1.494,1.997,-0.365,-28.438,-61.066,286.685,Shake
-1.999,1.997,0.660,-67.559,-90.982,14.551,Shake
-1.999,1.997,0.132,0.691,-10.316,-256.288,Shake
-0.117,1.997,-0.161,64.207,-15.409,-286.685,Shake
1.892,0.535,0.980,99.251,-43.173,-286.685,Shake
1.997,-1.999,1.835,-7.927,13.046,-286.685,Shake
1.997,-1.999,1.999,54.075,24.334,-286.676,Shake
1.997,-1.999,1.813,45.684,60.987,46.086,Shake
1.997,-1.999,1.096,22.190,17.824,286.685,Shake
1.368,0.665,0.666,-134.400,-91.586,286.685,Shake
-0.029,1.900,1.019,-195.011,-112.219,286.685,Shake
-0.954,1.997,1.390,-24.491,54.731,286.685,Shake
-1.949,1.997,0.536,19.381,31.903,153.484,Shake
-1.916,1.997,0.229,-66.684,-50.409,-217.481,Shake
-0.818,1.997,0.191,-15.059,19.267,-286.685,Shake
0.628,1.977,0.295,27.379,33.084,-286.685,Shake
1.997,-1.196,0.344,110.058,64.111,-286.685,Shake
1.997,-1.999,1.793,141.803,20.746,-286.685,Shake
1.997,-1.999,1.729,74.051,26.688,-34.930,Shake
1.997,-1.999,1.472,30.538,3.693,223.790,Shake
1.997,-1.796,1.350,-75.819,-84.140,286.685,Shake
1.451,0.485,1.717,-169.794,-65.756,286.685,Shake
0.741,1.619,1.346,-63.857,41.125,286.685,Shake
-1.362,1.997,0.892,0.936,26.346,286.685,Shake
-1.999,1.997,0.567,-54.539,-27.799,48.493,Shake
-1.879,1.997,0.505,-34.248,7.569,-281.846,Shake
-0.595,1.983,0.110,58.450,76.230,-286.685,Shake
1.043,0.731,0.439,92.724,60.384,-286.685,Shake
1.997,-1.928,1.265,111.195,80.010,-286.685,Shake
1.997,-1.999,1.790,114.853,76.668,-277.603,Shake
1.997,-1.999,1.667,68.959,53.952,87.964,Shake
1.997,-1.999,1.280,-13.764,9.984,285.189,Shake
1.997,-0.857,0.927,-137.174,-94.421,286.685,Shake
0.706,1.284,1.023,-145.731,-88.673,286.685,Shake
-0.809,1.997,1.054,0.315,33.285,286.685,Shake
-1.988,1.997,1.147,28.306,-5.775,253.199,Shake
-1.999,1.997,1.068,-102.629,-47.810,-153.825,Shake
-1.117,1.997,0.242,-61.548,33.066,-286.685,Shake
0.965,1.534,0.227,62.309,80.850,-286.685,Shake
1.990,0.292,0.836,113.365,71.059,-286.685,Shake
1.997,-1.999,1.334,83.746,137.777,-286.685,Shake
1.997,-1.999,1.511,125.116,52.351,-206.150,Shake
1.997,-1.999,1.353,24.413,-25.812,149.161,Shake
1.997,-1.999,1.190,-62.912,-81.147,286.650,Shake
1.954,-0.302,1.199,-113.155,-121.275,286.685,Shake
0.504,1.798,1.169,-58.441,-29.610,286.685,Shake
-1.112,1.997,1.278,-14.691,-25.559,286.685,Shake
-1.999,1.997,1.570,-126.368,-107.677,129.955,Shake
-1.999,1.997,1.228,-102.603,-10.797,-142.336,Shake
-1.065,1.997,0.208,8.172,110.355,-286.685,Shake
0.642,1.531,0.381,141.969,70.761,-286.685,Shake
1.997,-1.379,0.862,151.025,111.790,-286.685,Shake
1.997,-1.999,1.416,153.099,76.659,-285.049,Shake
1.997,-1.999,1.561,119.140,8.435,-110.757,Shake
1.997,-1.999,1.493,-30.153,-93.677,260.549,Shake
1.997,-1.053,1.477,-127.269,-172.253,286.685,Shake
0.974,1.001,1.961,-115.789,-104.808,286.685,Shake
0.255,1.501,1.999,-63.604,-8.286,286.685,Shake
-1.537,1.997,1.642,-54.136,29.243,286.685,Shake
-1.999,1.997,0.791,-113.636,-41.772,63.630,Shake
-1.922,1.997,0.282,-51.643,70.481,-280.726,Shake
-0.657,1.997,-0.117,57.934,129.273,-286.685,Shake
1.129,1.176,0.265,155.619,72.686,-286.685,Shake
1.997,-1.859,1.042,177.319,94.421,-286.685,Shake
1.997,-1.999,1.999,152.381,46.646,-274.960,Shake
1.997,-1.999,1.955,102.918,38.395,-70.455,Shake
1.997,-1.999,1.564,-26.521,-33.075,272.038,Shake
1.997,-0.816,1.321,-126.122,-137.182,286.685,Shake
0.994,0.845,1.683,-210.341,-109.489,286.685,Shake
0.064,1.805,1.562,-62.326,-14.709,286.685,Shake
-1.954,1.997,1.230,-94.098,-89.442,279.571,Shake
-1.999,1.997,1.820,-162.837,-62.370,-85.741,Shake
-1.619,1.997,1.003,-44.170,79.327,-286.685,Shake
-0.340,1.997,0.822,33.478,168.621,-286.685,Shake
1.850,0.647,0.347,112.359,186.393,-286.685,Shake
1.997,-1.923,0.722,148.277,121.459,-286.685,Shake
1.997,-1.999,0.815,58.914,-16.345,-282.809,Shake
1.997,-1.999,0.816,-0.306,-29.164,-49.551,Shake
1.997,-1.999,0.781,19.180,-23.914,202.116,Shake
1.997,-1.250,0.344,21.744,-93.677,286.685,Shake
1.423,0.738,1.302,-63.149,-177.538,286.685,Shake
0.831,0.946,1.803,-14.621,-21.866,286.685,Shake
-0.912,1.997,1.690,5.600,-7.026,286.685,Shake
-1.999,1.997,1.711,-114.433,-95.909,131.066,Shake
-1.999,1.997,1.501,-103.128,20.860,-239.706,Shake
-0.956,1.995,0.154,40.005,197.033,-286.685,Shake
1.016,0.815,0.087,164.587,163.406,-286.685,Shake
1.997,-1.281,1.089,138.014,102.882,-286.685,Shake
1.997,-1.999,1.448,102.620,111.589,-282.975,Shake
1.997,-1.999,1.468,86.599,74.069,-23.354,Shake
1.997,-1.999,1.338,6.694,33.574,222.355,Shake
1.997,-1.533,0.722,-90.169,-77.989,286.685,Shake
1.109,0.869,1.084,-170.756,-97.309,286.685,Shake
-0.487,1.997,1.059,-4.637,25.865,286.685,Shake
-1.736,1.997,0.702,52.299,8.374,286.300,Shake
-1.999,1.997,1.560,-120.374,-97.921,-38.719,Shake
-1.412,1.997,1.013,-108.054,51.993,-286.659,Shake
0.283,1.225,0.527,69.457,116.839,-286.685,Shake
1.378,0.169,0.643,99.251,96.355,-286.685,Shake
1.997,-1.966,1.112,124.408,119.000,-286.685,Shake
1.997,-1.999,1.285,137.174,108.692,-243.119,Shake
1.997,-1.999,1.327,23.231,13.344,67.804,Shake
1.997,-1.999,1.032,-73.027,-45.789,274.033,Shake
1.910,-1.079,0.938,-121.363,-154.070,286.685,Shake
0.803,0.323,1.262,-101.308,-57.295,286.685,Shake
-0.310,1.906,0.975,36.120,58.844,286.685,Shake
-1.317,1.997,1.019,0.761,-43.522,252.455,Shake
-1.999,1.997,1.838,-176.584,-114.546,24.972,Shake
-1.866,1.997,1.059,-73.841,74.515,-277.008,Shake
0.017,1.692,0.115,70.840,154.044,-286.685,Shake
1.146,0.634,0.315,134.872,105.298,-286.685,Shake
1.997,-1.800,1.055,148.724,111.685,-286.685,Shake
1.997,-1.999,1.507,136.631,85.610,-277.856,Shake
1.997,-1.999,1.364,86.844,26.521,25.681,Shake
1.997,-1.999,1.347,-22.811,-81.489,283.561,Shake
1.997,-1.584,1.111,-118.449,-126.018,286.685,Shake
1.227,0.223,1.244,-165.996,-112.840,286.685,Shake
-0.093,1.909,1.504,-67.751,-38.395,286.685,Shake
-1.970,1.997,1.648,-53.174,-51.188,259.193,Shake
-1.999,1.997,1.642,-85.619,-28.726,12.163,Shake
-1.795,1.997,1.043,-42.665,68.504,-280.735,Shake
-0.052,1.714,0.119,43.120,160.956,-286.685,Shake
1.688,0.157,0.601,180.092,121.030,-286.685,Shake
1.997,-1.632,1.102,163.581,105.831,-286.685,Shake
1.997,-1.999,1.635,134.575,59.876,-280.105,Shake
1.997,-1.999,1.465,61.066,37.275,-14.840,Shake
1.997,-1.999,1.371,-60.944,-35.245,271.084,Shake
1.997,-1.761,1.053,-103.110,-69.676,286.685,Shake
1.171,0.595,0.937,-134.024,-122.474,286.685,Shake
-0.048,1.430,1.206,-85.348,-24.255,286.685,Shake
-1.716,1.997,0.681,-15.514,5.469,285.950,Shake
-1.999,1.997,0.967,-44.966,-80.588,112.709,Shake
-1.970,1.997,1.548,-92.348,-25.427,-245.621,Shake
-0.474,1.707,0.709,-9.135,115.430,-286.685,Shake
1.162,0.170,0.541,125.720,111.256,-286.685,Shake
1.964,-1.342,1.298,116.961,71.418,-286.685,Shake
1.997,-1.999,1.272,76.090,110.232,-279.562,Shake
1.997,-1.999,1.014,95.419,84.683,-18.086,Shake
1.997,-1.999,0.615,-3.815,5.346,266.753,Shake
1.986,-1.832,0.470,-55.939,-78.312,286.685,Shake
0.737,0.588,0.611,-122.474,-123.375,286.685,Shake
-0.864,1.997,0.926,49.333,-41.860,286.685,Shake
-1.999,1.997,1.553,67.681,-36.557,174.676,Shake
-1.999,1.997,1.801,-108.754,-96.408,-27.641,Shake
-1.536,1.997,0.821,-136.710,20.869,-282.117,Shake
0.009,1.084,0.645,58.013,107.870,-286.685,Shake
1.790,-0.432,0.659,102.988,91.245,-286.685,Shake
1.997,-1.985,0.870,125.501,112.376,-286.685,Shake
1.997,-1.999,1.176,161.962,92.899,-235.952,Shake
1.997,-1.999,1.266,63.989,-2.564,85.076,Shake
1.997,-1.999,1.193,-91.647,-97.632,286.685,Shake
1.738,-0.622,1.032,-138.512,-126.744,286.685,Shake
0.666,0.611,1.362,-90.878,-40.504,286.685,Shake
-0.273,1.470,0.712,117.933,117.670,286.685,Shake
-1.783,1.997,0.818,-72.503,-128.406,279.913,Shake
-1.999,1.997,1.999,-286.685,-175.210,-104.037,Shake
-1.739,1.997,1.715,-214.305,41.825,-280.052,Shake
-0.442,1.312,0.362,57.146,128.065,-286.685,Shake
1.177,-0.328,0.409,129.307,89.679,-286.685,Shake
1.997,-1.999,0.613,94.132,97.037,-286.685,Shake
1.997,-1.999,0.642,107.677,90.939,-262.605,Shake
1.997,-1.999,1.020,112.787,56.306,-42.805,Shake
1.997,-1.999,0.851,-5.994,4.734,218.295,Shake
1.310,-0.820,0.989,-112.429,-83.781,286.685,Shake
0.569,0.287,1.359,-126.919,-61.478,286.685,Shake
-0.461,1.566,1.856,-17.386,70.219,286.685,Shake
-1.997,1.997,1.696,-144.926,-88.944,233.117,Shake
-1.999,1.997,1.445,-215.268,-27.256,-100.301,Shake
-1.765,1.955,0.239,-36.636,158.480,-237.064,Shake
-0.475,1.313,-0.062,125.571,95.716,-285.784,Shake
0.975,-0.079,0.576,127.041,73.334,-286.685,Shake
1.997,-1.995,0.864,150.727,107.529,-286.685,Shake
1.997,-1.999,1.207,180.696,78.592,-197.750,Shake
1.997,-1.999,1.578,70.936,22.802,-26.889,Shake
1.997,-1.999,1.551,-99.295,-77.656,262.325,Shake
1.467,-0.713,1.282,-148.750,-107.240,286.685,Shake
0.710,-0.203,1.119,-109.235,-36.496,286.685,Shake
0.189,1.001,0.833,-45.771,14.070,286.685,Shake
-1.876,1.997,1.059,-40.294,-83.466,280.849,Shake
-1.999,1.997,1.999,-210.114,-79.695,-68.408,Shake
-1.792,1.997,1.006,-50.199,125.405,-286.090,Shake
-0.513,1.925,0.014,82.810,142.844,-286.685,Shake
0.983,0.730,0.421,192.596,101.141,-286.685,Shake
1.997,-1.792,1.074,163.004,110.819,-286.685,Shake
1.997,-1.999,1.539,96.714,48.116,-273.114,Shake
1.997,-1.999,1.375,80.211,36.365,-99.610,Shake
1.997,-1.999,1.236,-11.060,-21.831,230.834,Shake
1.996,-1.153,0.742,-70.210,-98.464,286.685,Shake
1.052,0.750,0.977,-106.103,-71.864,286.685,Shake
0.244,1.633,1.340,-48.965,-0.149,286.685,Shake
-1.290,1.997,1.310,-5.556,-4.576,286.685,Shake
-1.999,1.997,1.530,-141.584,-79.161,59.684,Shake
-1.957,1.997,0.778,-66.054,36.654,-236.652,Shake
-0.939,1.862,0.297,31.701,83.396,-286.685,Shake
0.477,0.450,0.593,95.620,35.035,-286.685,Shake
1.997,-1.977,1.189,94.281,76.886,-286.685,Shake
1.997,-1.999,1.214,88.699,54.320,-221.611,Shake
1.997,-1.999,1.052,75.793,34.947,-30.590,Shake
1.997,-1.999,0.939,-45.876,-25.594,218.435,Shake
1.632,-1.386,0.697,-100.660,-67.690,286.685,Shake
0.371,0.787,0.512,-65.415,-47.250,286.685,Shake
-0.597,1.957,0.684,22.382,-17.736,286.685,Shake
-1.999,1.997,1.453,-26.434,-82.801,177.643,Shake
-1.999,1.997,1.783,-138.898,-38.001,-150.938,Shake
-1.134,1.992,0.904,-42.857,82.154,-286.685,Shake
-0.085,1.425,0.749,29.400,137.515,-286.685,Shake
1.705,-0.661,0.668,115.194,126.866,-286.685,Shake
1.997,-1.999,0.796,120.575,102.673,-286.685,Shake
1.997,-1.999,1.095,81.113,50.697,-138.915,Shake
1.997,-1.999,0.971,-44.292,-28.201,186.008,Shake
1.997,-1.999,0.690,-133.499,-100.573,286.685,Shake
1.765,-0.081,0.792,-150.806,-232.164,286.685,Shake
0.244,1.448,1.526,-79.485,-120.986,286.685,Shake
-1.537,1.997,1.811,106.592,26.626,286.685,Shake
-1.999,1.997,1.878,70.735,-66.194,43.697,Shake
-1.986,1.997,1.870,-172.165,-35.989,-229.049,Shake
-0.418,1.756,1.217,-77.709,119.201,-286.685,Shake
0.847,0.678,0.821,27.475,172.349,-286.685,Shake
1.997,-1.605,0.444,102.743,165.428,-286.685,Shake
1.997,-1.999,0.798,101.579,107.774,-286.685,Shake
1.997,-1.999,0.251,21.936,33.792,-78.986,Shake
1.997,-1.999,-0.006,-21.114,-43.654,212.056,Shake
1.992,-1.721,0.195,-70.158,-181.475,286.685,Shake
1.350,-0.327,0.746,-85.111,-213.553,286.685,Shake
0.280,1.148,1.184,-43.881,-130.988,286.685,Shake
-1.084,1.997,1.817,59.955,-40.792,286.633,Shake
-1.999,1.997,1.999,-37.529,-61.792,98.035,Shake
-1.999,1.997,1.928,-110.031,-20.309,-107.931,Shake
-0.874,1.712,1.054,-50.173,119.586,-286.405,Shake
0.442,0.232,0.409,43.575,168.814,-286.685,Shake
1.721,-1.689,0.176,91.857,114.546,-286.685,Shake
1.997,-1.999,0.494,52.938,56.954,-249.480,Shake
1.997,-1.999,0.340,-29.855,0.157,-87.622,Shake
1.997,-1.999,0.080,-59.369,-40.408,225.330,Shake
1.992,-1.856,0.138,-53.541,-122.876,286.685,Shake
1.457,-0.542,0.414,-71.776,-124.250,286.685,Shake
0.364,0.916,0.764,0.411,-99.164,286.685,Shake
-1.185,1.997,1.640,52.920,-104.011,286.326,Shake
-1.999,1.997,1.999,-53.533,-98.332,46.042,Shake
-1.956,1.997,1.999,-110.469,21.368,-259.770,Shake
-0.735,1.995,1.319,-26.442,121.441,-286.685,Shake
0.615,0.948,0.656,91.849,222.792,-286.685,Shake
1.994,-1.359,0.116,139.221,152.364,-286.685,Shake
1.997,-1.999,0.590,99.251,5.906,-286.676,Shake
1.997,-1.999,0.606,-31.841,-36.444,-180.810,Shake
1.997,-1.999,0.229,-47.250,-57.085,106.225,Shake
1.997,-1.999,0.141,-58.450,-92.558,286.685,Shake
1.785,-1.300,0.223,-50.409,-147.367,286.685,Shake
1.243,-0.480,0.691,-60.524,-158.305,286.685,Shake
0.575,1.743,0.880,25.708,-131.775,286.685,Shake
-1.791,1.997,1.999,17.763,-188.799,240.240,Shake
-1.999,1.997,1.999,-27.956,-21.823,-106.732,Shake
-1.916,1.997,1.958,-25.288,44.257,-269.535,Shake
-0.449,1.878,1.060,33.101,178.124,-286.685,Shake
1.407,-0.106,0.425,130.541,263.200,-286.685,Shake
1.997,-1.467,0.641,83.912,131.495,-286.685,Shake
1.997,-1.999,0.623,27.939,27.720,-286.388,Shake
1.997,-1.999,0.947,33.303,-54.670,-38.054,Shake
1.997,-1.999,0.394,26.810,-21.954,259.525,Shake
1.997,-1.997,0.170,11.226,-90.283,286.685,Shake
1.545,-0.638,0.584,-73.771,-148.636,286.685,Shake
0.932,0.857,1.066,-107.940,-171.351,286.685,Shake
-1.409,1.997,1.999,-114.249,-234.981,279.790,Shake
-1.999,1.997,1.999,5.565,64.662,-46.786,Shake
-1.661,1.997,1.768,123.655,172.497,-236.810,Shake
-0.708,1.321,0.641,42.910,171.264,-286.685,Shake
0.470,1.173,0.696,18.559,135.494,-286.685,Shake
1.990,-0.616,0.931,-66.640,199.553,-286.685,Shake
1.997,-1.999,0.015,21.831,276.684,-286.685,Shake
1.997,-1.999,0.894,55.475,-39.655,-101.876,Shake
1.997,-1.999,0.597,-40.653,-31.561,248.176,Shake
1.997,-1.868,-0.012,-52.964,-104.615,286.685,Shake
1.865,-0.329,0.452,-135.660,-198.459,286.685,Shake
0.104,1.989,1.410,-179.182,-235.113,286.685,Shake
-1.999,1.997,1.999,-67.113,-152.215,173.758,Shake
-1.999,1.997,1.987,68.766,96.827,-143.202,Shake
-1.207,1.997,0.390,121.450,159.775,-286.685,Shake
0.021,1.708,-0.066,146.090,156.135,-286.685,Shake
1.738,0.021,0.829,121.021,88.725,-286.685,Shake
1.997,-1.999,1.227,16.188,44.651,-286.685,Shake
1.997,-1.999,1.111,5.915,-1.697,-145.408,Shake
1.997,-1.999,0.852,39.200,29.978,83.265,Shake
1.997,-1.999,0.242,28.656,-5.749,286.685,Shake
1.446,-0.343,0.521,-64.890,-129.587,286.685,Shake
0.117,1.290,1.115,-107.870,-125.256,286.685,Shake
-0.769,1.959,1.225,-41.002,-71.155,286.685,Shake
-1.969,1.997,1.391,37.914,-37.529,170.572,Shake
-1.999,1.997,1.690,-29.514,-37.144,-140.682,Shake
-0.787,1.870,0.859,-18.349,92.033,-286.685,Shake
0.317,0.788,0.510,60.305,149.529,-286.685,Shake
1.914,-1.210,0.717,73.176,83.956,-286.685,Shake
1.997,-1.999,0.813,23.030,58.949,-280.569,Shake
1.997,-1.999,0.516,6.309,-5.766,-24.622,Shake
1.997,-1.999,0.380,-15.864,-14.980,174.930,Shake
1.997,-1.912,0.197,-34.326,-74.909,286.685,Shake
1.057,0.155,0.668,-51.222,-118.615,286.685,Shake
0.048,1.385,1.286,-2.362,-50.330,286.685,Shake
-1.134,1.997,1.602,65.450,-19.530,286.685,Shake
-1.999,1.997,1.999,-19.626,-73.439,67.209,Shake
-1.891,1.997,1.358,-75.259,19.337,-265.212,Shake
-0.227,1.376,0.554,33.110,130.865,-286.685,Shake
0.757,0.602,0.576,91.840,136.010,-286.685,Shake
1.997,-1.856,0.552,81.296,125.449,-286.685,Shake
1.997,-1.999,0.682,44.520,43.610,-266.753,Shake
1.997,-1.999,0.659,-15.846,-42.035,31.421,Shake
1.997,-1.999,0.653,-87.019,-101.815,225.663,Shake
1.903,-1.442,0.857,-127.724,-176.540,286.685,Shake
0.779,0.334,1.589,-98.394,-127.418,286.685,Shake
-0.508,1.835,1.777,-26.224,0.446,286.685,Shake
-1.566,1.997,1.140,56.665,65.511,211.566,Shake
-1.999,1.997,1.024,13.773,29.969,15.846,Shake
-1.731,1.997,0.684,-19.066,41.589,-267.820,Shake
-0.041,1.719,0.619,50.426,158.891,-286.685,Shake
1.236,0.954,0.784,65.284,167.974,-286.685,Shake
1.997,-1.999,0.181,30.870,178.027,-286.685,Shake
1.997,-1.999,1.073,18.708,-64.645,-248.675,Shake
1.997,-1.999,0.332,22.654,10.946,113.636,Shake
1.997,-1.999,0.019,36.278,-71.339,286.685,Shake
1.997,-1.355,0.372,-20.431,-162.697,286.685,Shake
1.401,0.724,1.235,-144.445,-200.480,286.685,Shake
-0.558,1.997,1.701,-17.692,-123.445,286.685,Shake
-1.706,1.997,1.989,108.141,-15.531,224.114,Shake
-1.999,1.997,1.957,38.430,-18.296,9.922,Shake
-1.853,1.997,1.333,-19.679,61.119,-280.009,Shake
0.077,1.260,0.669,19.075,210.779,-286.685,Shake
1.730,-0.279,0.834,159.294,144.821,-286.685,Shake
1.997,-1.947,0.779,41.615,115.701,-286.685,Shake
1.997,-1.999,0.833,25.515,26.495,-268.853,Shake
1.997,-1.999,0.601,1.628,-8.951,26.644,Shake
1.997,-1.999,0.382,-28.691,-52.771,277.830,Shake
1.997,-1.999,0.268,-57.312,-94.211,286.685,Shake
1.630,0.144,0.507,-91.936,-180.539,286.685,Shake
-0.259,1.826,1.615,-113.995,-243.950,286.685,Shake
-1.291,1.997,1.381,25.016,-56.901,263.253,Shake
-1.999,1.997,1.972,136.929,-72.957,143.299,Shake
-1.999,1.997,1.722,-35.114,-45.386,-198.992,Shake
-0.788,1.788,1.648,-69.300,91.192,-286.685,Shake
1.372,-0.199,0.487,114.677,241.754,-286.685,Shake
1.997,-1.614,0.360,139.825,183.505,-286.685,Shake
1.997,-1.999,0.719,75.285,62.580,-277.568,Shake
1.997,-1.999,0.704,-5.443,-20.729,3.062,Shake
1.997,-1.999,0.279,-76.099,-71.496,283.902,Shake
1.960,-1.552,0.508,-92.277,-149.223,286.685,Shake
0.869,0.261,1.212,-129.089,-159.705,286.685,Shake
-0.387,1.554,1.277,-21.079,-45.623,286.685,Shake
-1.992,1.997,1.369,99.759,-22.680,211.102,Shake
-1.999,1.997,1.423,31.281,-56.682,-120.452,Shake
-1.732,1.997,1.606,-54.618,-23.240,-280.814,Shake
-0.407,1.906,1.360,-10.929,135.599,-286.685,Shake
1.493,0.267,0.669,129.027,217.262,-286.685,Shake
1.997,-1.339,0.873,176.452,165.576,-286.685,Shake
1.997,-1.999,0.969,82.749,83.064,-286.020,Shake
1.997,-1.999,0.719,-19.766,-9.047,-59.588,Shake
1.997,-1.999,0.154,-63.499,-73.132,246.680,Shake
1.997,-1.952,0.179,-72.284,-213.999,286.685,Shake
1.170,0.223,1.000,-100.756,-212.161,286.685,Shake
-0.466,1.978,1.651,-41.265,-132.046,286.685,Shake
-1.999,1.997,1.999,49.341,-41.151,151.428,Shake
-1.999,1.997,1.999,48.449,21.796,-137.384,Shake
-1.714,1.997,1.600,-6.606,122.640,-285.267,Shake
0.315,0.722,0.790,38.903,229.268,-286.685,Shake
1.911,-1.283,1.009,101.675,168.639,-286.685,Shake
1.997,-1.999,0.786,48.248,75.976,-252.761,Shake
1.997,-1.999,0.590,16.730,23.677,-112.656,Shake
1.997,-1.999,0.417,-3.273,0.157,114.100,Shake
1.997,-1.999,0.478,-59.719,-80.308,286.685,Shake
1.755,-0.953,0.767,-98.857,-115.841,286.685,Shake
0.560,0.795,1.235,-98.438,-121.048,286.685,Shake
-1.050,1.997,1.698,9.677,-44.432,286.685,Shake
-1.999,1.997,1.521,10.859,-9.800,143.841,Shake
-1.999,1.997,1.193,-81.270,7.350,-182.709,Shake
-1.083,1.855,0.503,-56.481,41.186,-286.633,Shake
0.697,0.040,-0.105,47.967,104.589,-286.685,Shake
1.996,-1.951,0.353,108.684,55.081,-286.685,Shake
1.997,-1.999,0.603,102.323,11.681,-193.795,Shake
1.997,-1.999,0.713,49.787,-35.490,-33.276,Shake
1.997,-1.999,1.084,-48.886,-94.395,211.164,Shake
1.462,-1.503,1.398,-86.975,-100.196,286.685,Shake
0.921,-0.299,1.556,-72.004,-24.229,286.685,Shake
-0.388,1.523,1.500,-36.479,2.485,286.685,Shake
-1.991,1.997,1.303,-61.521,2.188,204.811,Shake
-1.999,1.997,0.937,-172.042,-68.399,-122.990,Shake
-1.114,1.980,0.894,-110.346,25.366,-286.685,Shake
0.028,1.191,0.433,6.081,133.359,-286.685,Shake
1.668,-0.504,0.151,173.486,168.271,-286.685,Shake
1.997,-1.999,0.526,182.945,98.919,-286.685,Shake
1.997,-1.999,0.669,88.839,47.915,-150.955,Shake
1.997,-1.999,0.610,31.701,-1.540,62.178,Shake
1.997,-1.999,0.608,-88.620,-111.300,286.641,Shake
1.470,-0.675,1.104,-119.368,-134.006,286.685,Shake
0.442,0.653,1.253,-34.081,-26.845,286.685,Shake
-0.544,1.924,1.291,21.796,-0.210,286.685,Shake
-1.999,1.997,1.363,-21.403,-36.864,173.574,Shake
-1.999,1.997,1.355,-64.461,-32.970,-186.375,Shake
-0.777,1.942,1.245,-9.030,98.105,-286.685,Shake
0.570,0.768,0.559,79.520,167.807,-286.685,Shake
1.997,-1.575,0.626,143.378,140.122,-286.685,Shake
1.997,-1.999,0.785,69.790,74.524,-280.840,Shake
1.997,-1.999,0.494,15.741,-5.758,-27.702,Shake
1.997,-1.999,0.314,-64.137,-65.266,255.447,Shake
1.997,-1.794,0.433,-85.829,-130.900,286.685,Shake
1.066,-0.089,0.921,-83.878,-122.299,286.685,Shake
-0.107,1.312,1.034,29.829,-7.210,286.685,Shake
-1.605,1.997,1.066,93.616,-4.261,263.655,Shake
-1.999,1.997,1.598,-11.095,-64.680,86.730,Shake
-1.991,1.997,1.370,-123.743,-38.999,-194.372,Shake
-0.729,1.775,0.918,-14.044,105.455,-286.685,Shake
0.933,0.175,0.510,93.826,130.051,-286.685,Shake
1.850,-1.194,0.612,114.984,108.649,-286.685,Shake
1.997,-1.999,0.701,61.259,35.928,-284.777,Shake
1.997,-1.999,0.651,9.345,-13.361,-72.537,Shake
1.997,-1.999,0.463,-42.131,-46.069,202.764,Shake
1.993,-1.981,0.429,-50.505,-81.279,286.685,Shake
1.137,-0.585,0.722,-59.421,-96.066,286.685,Shake
-0.122,1.015,0.892,-17.185,-37.161,286.685,Shake
-1.714,1.997,0.796,62.825,-8.995,250.215,Shake
-1.999,1.997,1.209,38.255,-46.226,-17.150,Shake
-1.990,1.997,1.662,-74.156,-57.321,-204.391,Shake
-0.655,1.896,1.116,-16.397,93.074,-286.685,Shake
1.184,0.031,0.689,84.228,155.496,-286.685,Shake
1.997,-1.326,0.656,126.350,129.614,-286.685,Shake
1.997,-1.999,0.734,65.555,72.293,-282.642,Shake
1.997,-1.999,0.359,20.204,-11.174,-43.400,Shake
1.997,-1.999,0.281,-63.236,-100.783,238.980,Shake
1.997,-1.865,0.293,-94.911,-200.165,286.685,Shake
1.198,-0.268,0.724,-104.527,-197.050,286.685,Shake
0.371,0.746,1.405,-52.124,-90.370,286.685,Shake
-0.963,1.996,1.808,86.161,16.441,286.685,Shake
-1.999,1.997,1.999,59.763,-25.594,120.444,Shake
-1.999,1.997,1.686,-30.048,13.291,-93.984,Shake
-0.977,1.295,1.057,-15.505,135.494,-286.116,Shake
0.704,-0.315,0.557,45.789,163.336,-286.685,Shake
1.997,-1.999,0.493,42.000,73.246,-286.685,Shake
1.997,-1.999,0.615,-34.720,-4.436,-229.548,Shake
1.997,-1.999,0.173,-50.522,-20.055,29.689,Shake
1.997,-1.999,-0.069,-53.725,-33.364,264.871,Shake
1.284,-1.241,0.274,-53.603,-104.221,286.685,Shake
0.497,-0.104,0.755,-46.847,-77.630,286.685,Shake
-0.703,1.615,0.705,38.990,-14.052,286.685,Shake
-1.901,1.997,0.935,75.967,-64.461,168.429,Shake
-1.999,1.997,1.423,-2.765,-104.772,-124.941,Shake
-1.551,1.997,1.146,-16.196,-53.900,-276.902,Shake
-0.293,1.626,1.333,14.131,64.033,-286.685,Shake
1.128,0.074,0.787,75.075,176.216,-286.685,Shake
1.997,-1.652,0.642,152.600,193.401,-286.685,Shake
1.997,-1.999,0.869,87.098,89.486,-286.685,Shake
1.997,-1.999,1.084,-55.423,-31.483,-138.232,Shake
1.997,-1.999,1.054,-146.746,-83.659,142.432,Shake
1.997,-1.958,0.548,-135.380,-83.230,286.685,Shake
1.885,-0.644,0.458,-110.723,-124.827,286.685,Shake
0.187,1.356,0.640,-84.210,-179.664,286.685,Shake
-1.756,1.997,0.749,44.704,-75.198,265.580,Shake
-1.999,1.997,1.049,169.732,-49.114,-43.514,Shake
-1.914,1.997,1.251,50.759,-115.421,-280.578,Shake
-0.890,1.650,1.770,-67.777,-31.071,-286.685,Shake
0.973,0.465,0.925,162.610,217.499,-286.685,Shake
1.997,-1.319,0.829,226.572,200.086,-286.685,Shake
1.997,-1.999,1.330,80.876,-11.541,-281.120,Shake
1.997,-1.999,1.686,-47.460,-75.757,-135.896,Shake
1.997,-1.999,1.415,-131.959,-106.820,194.128,Shake
1.992,-1.300,0.713,-92.969,-127.978,286.685,Shake
0.853,0.480,0.797,-48.125,-149.852,286.685,Shake
-0.052,1.037,1.082,-91.079,-138.416,286.685,Shake
-1.088,1.689,1.444,-73.561,-10.229,286.685,Shake
-1.999,1.997,1.060,8.295,36.304,160.781,Shake
-1.910,1.997,0.844,2.398,52.894,-128.039,Shake
-1.221,1.810,0.874,-1.391,57.978,-275.082,Shake
0.231,0.123,0.608,-16.765,141.277,-286.685,Shake
1.583,-1.434,0.245,81.366,88.786,-286.685,Shake
1.997,-1.999,0.687,9.651,3.474,-257.652,Shake
1.997,-1.999,0.358,-10.404,32.629,-107.555,Shake
1.997,-1.999,-0.045,13.221,-10.491,197.732,Shake
1.767,-1.693,0.144,-39.681,-133.158,286.685,Shake
0.512,0.233,0.763,-75.775,-149.039,286.685,Shake
-0.357,1.310,0.904,6.895,-81.323,286.685,Shake
-1.699,1.997,1.336,164.587,-22.234,228.454,Shake
-1.999,1.997,1.864,16.923,-105.332,-45.334,Shake
-1.302,1.980,1.622,-109.576,-6.571,-285.950,Shake
-0.196,1.089,0.841,-24.360,123.183,-286.685,Shake
1.125,-0.465,0.810,116.226,144.217,-286.685,Shake
1.997,-1.999,0.748,63.236,81.576,-286.685,Shake
1.997,-1.999,0.746,-18.384,15.015,-149.310,Shake
1.997,-1.999,0.449,-36.234,15.627,31.972,Shake
1.997,-1.999,0.150,-74.261,-51.240,263.620,Shake
1.131,-0.927,0.508,-110.740,-142.984,286.685,Shake
-0.341,0.815,0.931,-95.113,-115.089,286.685,Shake
-1.360,1.996,1.194,81.699,-16.739,198.555,Shake
-1.999,1.997,1.835,140.971,-11.095,-25.401,Shake
-1.502,1.997,1.639,-0.192,-3.658,-282.214,Shake
-0.100,0.899,0.746,-43.951,104.562,-286.685,Shake
1.568,-0.571,0.183,93.520,137.681,-286.685,Shake
1.997,-1.899,0.746,101.202,47.688,-286.685,Shake
1.997,-1.999,0.859,-13.458,-9.004,-170.966,Shake
1.997,-1.999,0.165,-20.046,27.344,114.118,Shake
1.997,-1.999,0.015,-17.701,-60.393,286.685,Shake
1.997,-1.706,0.475,-85.033,-129.596,286.685,Shake
1.129,0.437,1.226,-159.688,-181.790,286.685,Shake
-0.531,1.956,1.695,-68.154,-122.342,286.685,Shake
-1.986,1.997,1.940,122.552,49.018,172.454,Shake
-1.999,1.997,1.479,113.934,23.590,-94.369,Shake
-1.603,1.997,1.020,-0.647,3.946,-263.953,Shake
-0.082,1.750,0.864,-44.222,106.269,-286.685,Shake
1.708,-0.298,0.474,45.456,162.348,-286.685,Shake
1.997,-1.999,0.530,100.161,78.103,-286.685,Shake
1.997,-1.999,0.720,15.496,-56.472,-261.467,Shake
1.997,-1.999,0.403,-115.115,-129.824,7.376,Shake
1.997,-1.999,-0.091,-52.526,-70.875,253.916,Shake
1.943,-1.584,-0.055,20.169,-41.737,286.685,Shake
1.376,-0.308,0.062,26.154,-54.959,286.685,Shake
0.034,1.242,0.790,-2.494,-168.367,286.685,Shake
-1.228,1.997,1.734,16.817,-97.711,220.771,Shake
-1.999,1.997,1.999,46.795,-54.014,-39.454,Shake
-1.806,1.997,1.810,32.987,-11.060,-234.001,Shake
-0.281,1.233,1.637,-12.696,119.963,-286.685,Shake
1.385,-0.292,0.533,55.877,216.633,-286.685,Shake
1.997,-1.578,0.703,67.751,106.689,-286.685,Shake
1.997,-1.999,1.018,21.280,49.928,-285.758,Shake
1.997,-1.999,0.860,-32.874,28.858,-84.298,Shake
1.997,-1.999,0.405,-18.812,51.949,192.089,Shake
1.997,-1.859,-0.098,13.501,-34.519,286.685,Shake
1.726,-0.893,0.010,-32.226,-102.891,286.685,Shake
0.758,0.651,0.215,-67.253,-168.516,286.685,Shake
-0.738,1.972,1.437,-15.120,-136.098,286.335,Shake
-1.833,1.997,1.752,17.692,-18.209,137.917,Shake
-1.999,1.997,1.835,30.397,-16.327,-25.926,Shake
-1.437,1.992,1.349,-15.102,45.841,-266.849,Shake
-0.031,0.734,0.693,23.257,130.226,-286.685,Shake
1.306,-0.797,0.792,66.832,111.694,-286.685,Shake
1.991,-1.906,0.998,67.585,86.144,-286.685,Shake
1.997,-1.999,1.154,25.996,47.416,-174.851,Shake
1.997,-1.999,0.821,-16.765,42.691,45.132,Shake
1.997,-1.999,0.419,-46.349,5.093,247.319,Shake
1.865,-1.839,0.266,-62.256,-15.689,286.685,Shake
1.187,-0.199,0.170,-61.416,-57.960,286.685,Shake
0.108,0.980,0.642,-7.140,-99.330,286.685,Shake
-1.163,1.997,1.028,57.838,-49.350,225.531,Shake
-1.994,1.997,1.598,53.051,-84.621,76.615,Shake
-1.999,1.997,1.351,-30.170,-94.999,-196.114,Shake
-0.940,1.847,1.236,-3.902,-11.917,-286.685,Shake
0.648,0.451,0.948,47.871,110.766,-286.685,Shake
1.680,-0.530,0.991,47.722,112.149,-286.685,Shake
1.997,-1.999,1.145,44.371,95.655,-286.685,Shake
1.997,-1.999,1.144,64.400,39.182,-79.441,Shake
1.997,-1.999,0.753,10.649,37.896,239.671,Shake
1.997,-1.999,0.488,-23.485,-35.149,286.685,Shake
1.925,-0.185,0.817,-90.746,-114.940,286.685,Shake
0.451,1.896,1.025,-103.128,-79.319,286.685,Shake
-1.754,1.997,0.757,74.629,2.800,264.084,Shake
-1.999,1.997,0.988,108.955,-47.232,58.205,Shake
-1.999,1.997,1.295,-36.750,-104.615,-263.165,Shake
-0.778,1.997,1.744,-25.121,47.119,-286.685,Shake
1.350,0.723,1.853,-70.840,252.639,-286.685,Shake
1.997,-1.956,-0.203,0.324,286.685,-286.685,Shake
1.997,-1.999,0.843,154.061,107.634,-283.211,Shake
1.997,-1.999,1.715,17.771,-129.299,-28.866,Shake
1.997,-1.999,0.998,-38.658,-53.716,246.242,Shake
1.997,-0.938,0.446,16.030,-83.755,286.685,Shake
1.327,-0.514,0.779,-15.960,-127.199,286.685,Shake
1.025,0.001,1.297,-144.637,-92.181,286.685,Shake
-1.358,1.997,1.026,-88.786,-108.640,286.685,Shake
-1.999,1.997,0.818,140.989,17.378,78.584,Shake
-1.999,1.997,1.178,110.574,4.270,-118.361,Shake
-1.328,1.626,0.624,-22.103,56.866,-286.659,Shake
0.783,0.061,0.571,21.665,104.729,-286.685,Shake
1.997,-1.724,1.318,22.461,15.680,-286.685,Shake
1.997,-1.999,1.801,-70.963,-42.787,-281.750,Shake
1.997,-1.999,1.650,-113.164,5.031,-41.921,Shake
1.997,-1.999,1.054,-97.615,40.232,248.220,Shake
1.807,-1.659,0.881,-99.409,18.489,286.685,Shake
1.505,-0.580,0.598,-134.977,38.115,286.685,Shake
-0.032,1.015,0.596,-105.796,-32.734,286.685,Shake
-1.869,1.997,0.000,10.325,7.367,279.685,Shake
-1.999,1.997,0.534,69.073,-83.720,-41.860,Shake
-1.991,1.997,0.686,-4.034,-26.644,-260.619,Shake
-0.219,1.513,-0.216,71.277,53.182,-286.685,Shake
1.202,0.175,0.678,68.180,-15.146,-286.685,Shake
1.997,-1.901,1.320,49.053,-38.036,-286.685,Shake
1.997,-1.999,1.537,-11.156,-49.822,-282.319,Shake
1.997,-1.999,1.169,-34.029,16.503,-80.640,Shake
1.997,-1.999,0.755,-15.155,8.426,159.180,Shake
1.791,-1.778,0.510,-46.533,-51.616,286.685,Shake
1.241,-0.897,0.499,-59.806,-63.140,286.685,Shake
0.635,0.176,0.362,-35.123,-47.259,286.685,Shake
-0.681,1.875,0.490,29.951,-110.731,286.492,Shake
-1.762,1.997,1.284,45.106,-112.210,114.406,Shake
-1.999,1.997,1.460,4.165,-107.459,-49.857,Shake
-1.351,1.997,1.043,-18.270,-15.925,-275.415,Shake
-0.021,1.130,0.653,21.394,62.029,-286.685,Shake
1.283,-0.148,1.027,43.671,52.798,-286.685,Shake
1.995,-1.520,1.165,10.544,21.997,-286.685,Shake
1.997,-1.999,0.896,35.009,86.004,-257.495,Shake
1.997,-1.999,0.468,87.071,59.579,-27.029,Shake
1.997,-1.999,-0.083,106.050,40.994,250.346,Shake
1.997,-1.782,-0.138,24.754,-121.581,286.685,Shake
1.095,0.322,0.446,-80.973,-263.419,286.685,Shake
0.409,1.056,1.539,18.743,-127.365,286.685,Shake
-1.013,1.997,1.960,124.889,-24.097,252.131,Shake
-1.944,1.997,1.999,97.650,-19.451,-0.359,Shake
-1.909,1.997,1.712,-48.702,15.251,-172.506,Shake
-0.709,1.538,1.211,-5.443,107.118,-286.685,Shake
0.782,0.400,1.155,-53.970,135.660,-286.685,Shake
1.934,-1.171,0.683,-85.243,152.924,-286.685,Shake
1.997,-1.999,0.693,-0.665,116.559,-250.416,Shake
1.997,-1.999,0.337,-43.881,34.283,59.771,Shake
1.997,-1.999,-0.074,-79.957,-59.719,274.330,Shake
1.997,-1.990,-0.002,-82.250,-67.751,286.685,Shake
1.476,-0.273,0.062,-24.089,-79.931,286.685,Shake
0.262,1.521,0.702,50.208,-140.954,286.685,Shake
-1.394,1.997,1.999,3.596,-186.777,240.432,Shake
-1.999,1.997,1.999,-24.220,-60.331,-35.158,Shake
-1.860,1.997,1.851,10.106,61.862,-223.773,Shake
-0.391,1.452,1.095,28.945,137.988,-286.685,Shake
1.294,-0.410,0.435,-7.332,134.312,-286.685,Shake
1.997,-1.707,0.592,13.125,71.802,-286.685,Shake
1.997,-1.999,0.767,-10.587,58.704,-262.999,Shake
1.997,-1.999,0.402,5.854,49.954,15.995,Shake
1.997,-1.999,0.084,-8.024,-1.339,278.364,Shake
1.997,-1.800,0.090,-46.900,-131.014,286.685,Shake
1.088,-0.017,0.580,-87.973,-167.527,286.685,Shake
-0.123,1.666,1.277,-53.156,-141.234,286.685,Shake
-1.787,1.997,1.999,10.316,-121.555,216.799,Shake
-1.999,1.997,1.999,-127.628,-113.234,-117.049,Shake
-1.468,1.997,1.933,-165.856,44.336,-282.870,Shake
0.009,1.283,0.686,-32.524,166.871,-286.685,Shake
1.952,-1.296,-0.436,63.700,203.009,-286.685,Shake
1.997,-1.999,0.041,136.045,69.134,-274.391,Shake
1.997,-1.999,0.210,74.533,22.750,-136.833,Shake
1.997,-1.999,0.526,-10.351,-56.577,142.809,Shake
1.959,-1.921,0.943,-56.779,-107.774,286.685,Shake
0.938,-0.136,1.257,-18.454,-81.296,286.685,Shake
-0.015,1.261,1.179,-15.024,-74.489,286.685,Shake
-1.938,1.997,1.803,-15.094,-99.207,224.219,Shake
-1.975,1.997,1.955,-70.525,-10.474,-100.747,Shake
-0.889,1.972,1.451,-69.475,78.724,-279.405,Shake
-0.015,1.035,0.980,-59.946,167.090,-286.685,Shake
1.661,-1.053,0.324,-4.165,184.765,-286.685,Shake
1.997,-1.999,0.221,38.132,119.201,-277.497,Shake
1.997,-1.999,-0.100,36.330,54.924,-37.870,Shake
1.997,-1.999,-0.214,27.169,10.054,142.695,Shake
1.997,-1.981,0.140,-31.097,-117.757,286.685,Shake
1.002,-0.455,0.838,-21.551,-141.803,286.685,Shake
-0.037,0.865,0.793,62.947,-44.135,286.685,Shake
-0.967,1.983,1.009,88.926,-69.221,286.685,Shake
-1.999,1.997,1.943,-40.696,-111.116,90.239,Shake
-1.598,1.997,1.999,-125.842,6.711,-192.561,Shake
-0.511,1.562,1.156,-40.889,143.658,-286.685,Shake
0.497,0.523,0.582,-16.721,163.292,-286.685,Shake
1.859,-1.608,0.171,10.658,121.371,-286.685,Shake
1.997,-1.999,-0.015,35.123,73.211,-246.566,Shake
1.997,-1.999,-0.321,47.171,29.593,-31.176,Shake
1.997,-1.999,-0.257,10.614,-46.734,188.562,Shake
1.967,-1.959,0.263,-48.361,-154.831,282.529,Shake
1.050,-0.651,0.858,-22.444,-168.411,286.685,Shake
0.109,0.408,1.184,38.850,-85.514,286.685,Shake
-0.529,1.387,1.330,67.690,-46.357,274.908,Shake
-1.690,1.997,1.981,32.436,-75.364,159.985,Shake
-1.846,1.997,1.999,-99.461,-19.119,-99.566,Shake
-0.849,1.460,1.128,-52.299,139.125,-262.220,Shake
-0.059,0.635,0.690,24.045,159.023,-286.685,Shake
1.049,-0.730,0.489,36.444,118.746,-286.685,Shake
1.961,-1.999,0.508,7.332,79.494,-264.854,Shake
1.997,-1.999,0.130,-23.879,18.611,-93.774,Shake
1.997,-1.999,-0.235,-69.720,-54.390,112.210,Shake
1.997,-1.999,-0.171,-114.004,-141.820,240.135,Shake
1.223,-1.204,0.291,-89.539,-195.414,286.685,Shake
0.228,-0.088,0.601,6.204,-107.266,286.685,Shake
-0.580,1.119,0.842,82.285,-65.240,284.620,Shake
-1.119,1.927,1.299,120.041,-47.854,192.553,Shake
-1.471,1.997,1.999,23.844,-46.349,-24.202,Shake
-1.268,1.830,1.910,-81.287,55.737,-168.542,Shake
-0.465,1.066,0.887,-8.470,148.260,-283.999,Shake
0.327,0.079,0.546,14.341,180.924,-286.685,Shake
1.351,-1.468,0.128,22.251,126.490,-286.685,Shake
1.816,-1.999,0.321,-29.706,0.341,-175.560,Shake
1.997,-1.999,-0.070,-162.190,-72.293,51.940,Shake
1.949,-1.999,-0.427,-253.925,-155.033,192.413,Shake
1.294,-1.999,-0.573,-286.685,-235.270,286.685,Shake
0.410,-0.957,-1.121,-33.399,-175.289,270.638,Shake
0.066,0.194,-0.071,286.685,-26.565,217.691,Shake
-0.613,0.940,1.504,286.685,-9.240,154.262,Shake
-0.955,1.765,1.999,209.440,-31.448,120.059,Shake
-1.380,1.997,1.999,-271.801,-154.560,-83.414,Shake
-0.959,1.354,1.907,-161.166,103.250,-272.274,Shake
0.102,0.483,0.977,110.766,286.598,-286.685,Shake
1.077,-0.770,0.170,79.564,200.716,-286.685,Shake
1.772,-1.911,-0.177,8.951,99.942,-286.685,Shake
1.997,-1.999,-0.280,-51.179,5.084,-191.467,Shake
1.997,-1.999,-0.949,72.214,66.229,33.434,Shake
1.951,-1.999,-0.823,132.405,1.934,220.439,Shake
1.524,-1.973,-0.279,85.033,-88.375,284.568,Shake
1.029,-0.844,0.426,27.090,-121.039,286.685,Shake
0.378,0.306,1.175,59.833,-80.098,286.685,Shake
-0.311,1.177,1.843,90.099,-26.478,286.650,Shake
-0.984,1.996,1.999,30.870,-60.393,243.810,Shake
-1.993,1.997,1.999,-140.954,-76.816,14.595,Shake
-1.414,1.997,1.156,-47.425,100.835,-195.738,Shake
-0.319,1.166,0.444,62.055,133.385,-286.685,Shake
0.445,0.318,0.405,47.285,93.511,-286.685,Shake
1.757,-1.829,0.646,4.139,71.531,-286.685,Shake
1.997,-1.999,0.088,3.824,71.479,-222.206,Shake
1.997,-1.999,0.096,29.776,-1.803,23.292,Shake
1.997,-1.999,-0.014,-13.230,-17.290,212.765,Shake
1.415,-1.896,0.267,-40.469,-83.423,284.891,Shake
0.444,-0.216,0.610,-24.281,-96.933,286.685,Shake
-0.507,1.218,0.868,11.725,-71.356,285.880,Shake
-1.131,1.831,1.332,20.458,-63.420,154.962,Shake
-1.700,1.997,1.688,-27.282,-40.635,28.989,Shake
-1.414,1.976,1.525,-55.072,14.770,-155.111,Shake
-0.601,1.203,0.842,17.483,102.848,-271.810,Shake
0.049,0.497,0.743,64.146,112.122,-286.685,Shake
1.120,-1.073,0.966,40.530,102.130,-286.685,Shake
1.997,-1.999,0.622,-28.446,58.564,-273.481,Shake
1.997,-1.999,0.318,-25.629,6.624,-82.268,Shake
1.997,-1.999,-0.006,-18.681,8.470,93.091,Shake
1.693,-1.999,-0.147,-7.403,-27.685,197.356,Shake
1.041,-1.374,0.002,-27.667,-85.811,285.364,Shake
0.419,-0.223,0.324,-15.505,-98.192,286.685,Shake
-0.192,0.532,0.612,22.785,-75.302,280.009,Shake
-0.949,1.841,1.163,43.566,-73.412,204.076,Shake
-1.763,1.997,1.999,-48.099,-108.465,-9.354,Shake
-1.422,1.904,1.857,-38.246,46.743,-165.786,Shake
-0.930,1.523,1.174,57.365,144.253,-284.130,Shake
0.248,0.173,0.725,69.606,151.357,-286.685,Shake
1.469,-1.443,0.636,9.581,97.991,-286.685,Shake
1.997,-1.999,0.194,-49.971,41.650,-250.303,Shake
1.997,-1.999,-0.090,-3.447,9.153,-33.303,Shake
1.997,-1.999,-0.340,-1.216,-5.530,90.335,Shake
1.756,-1.999,-0.251,-15.172,-81.996,240.363,Shake
1.065,-1.009,0.154,-27.458,-135.958,286.685,Shake
0.524,-0.208,0.363,4.935,-124.268,286.685,Shake
-0.174,0.873,0.921,36.208,-99.304,285.845,Shake
-1.295,1.997,1.999,11.646,-154.569,166.548,Shake
-1.568,1.877,1.999,-139.501,-33.486,-34.178,Shake
-1.473,1.499,1.828,-4.690,120.881,-148.461,Shake
-0.796,0.908,1.007,32.585,159.268,-229.469,Shake
0.206,-0.092,0.755,29.400,153.773,-286.685,Shake
1.173,-1.280,0.454,6.431,139.589,-286.685,Shake
1.698,-1.991,0.178,-2.179,82.688,-215.609,Shake
1.953,-1.999,-0.062,3.439,37.336,-128.004,Shake
1.912,-1.999,-0.357,-7.691,5.372,6.046,Shake
1.572,-1.999,-0.363,-4.979,-57.750,146.020,Shake
1.181,-1.677,-0.210,-12.959,-122.684,228.970,Shake
0.685,-0.864,-0.018,-18.839,-139.212,247.389,Shake
0.182,-0.127,0.286,27.317,-137.235,249.191,Shake
-0.456,0.814,1.175,99.584,-146.492,201.110,Shake
-0.963,1.471,1.999,0.910,-151.217,85.382,Shake
-1.185,1.415,1.999,-112.674,-49.612,-64.531,Shake
-1.075,0.899,1.970,-55.256,81.848,-127.908,Shake
-0.466,0.302,1.044,39.611,175.630,-198.905,Shake
0.218,-0.424,0.933,10.351,140.875,-252.044,Shake
0.879,-1.102,0.534,-40.364,138.092,-248.447,Shake
1.492,-1.994,0.091,-39.174,113.908,-200.113,Shake
1.781,-1.999,-0.299,-18.401,74.174,-88.944,Shake
1.837,-1.999,-0.644,-6.781,17.036,37.327,Shake
1.593,-1.999,-0.656,-1.671,-69.738,167.143,Shake
1.240,-1.630,-0.468,-9.380,-122.115,224.000,Shake
0.901,-0.984,0.020,-34.405,-178.964,273.735,Shake
0.454,-0.286,0.568,31.325,-151.497,286.685,Shake
0.013,0.422,0.855,174.116,-94.570,286.685,Shake
-1.178,1.997,1.999,146.178,-156.695,209.475,Shake
-1.498,1.997,1.999,-182.525,-91.945,-71.348,Shake
-1.173,1.495,1.841,-59.833,117.976,-207.480,Shake
-0.755,1.320,1.357,11.270,197.111,-286.685,Shake
0.512,0.227,0.613,-20.528,200.174,-286.685,Shake
1.810,-1.324,-0.115,16.397,173.057,-286.685,Shake
1.997,-1.999,-0.068,38.386,92.514,-257.460,Shake
1.997,-1.999,-0.321,23.153,83.790,-92.610,Shake
1.997,-1.999,-0.595,-1.531,36.636,25.454,Shake
1.997,-1.999,-0.245,-35.175,-123.287,232.374,Shake
1.355,-0.709,0.233,-35.665,-199.535,286.685,Shake
0.277,0.519,1.145,19.267,-185.579,286.685,Shake
-0.576,1.246,1.844,53.690,-146.020,279.309,Shake
-1.416,1.933,1.999,16.958,-95.480,143.561,Shake
-1.679,1.766,1.999,-33.434,-3.342,-70.980,Shake
-1.122,1.195,1.377,-10.675,106.881,-227.307,Shake
-0.520,0.769,1.112,-5.451,146.309,-286.291,Shake
0.871,-0.440,0.275,11.506,184.765,-286.685,Shake
1.942,-1.936,0.228,50.076,118.387,-284.112,Shake
1.997,-1.999,0.192,-40.915,5.950,-152.880,Shake
1.997,-1.999,-0.032,-71.365,-35.368,-15.435,Shake
1.997,-1.999,-0.257,-69.317,-84.262,179.244,Shake
1.411,-1.565,0.065,-43.689,-129.447,283.526,Shake
0.745,-0.557,0.272,-6.177,-106.872,286.685,Shake
0.286,-0.087,0.437,14.052,-104.790,286.685,Shake
-0.477,0.678,0.901,58.222,-86.030,273.087,Shake
-1.109,1.663,1.753,32.935,-91.551,134.444,Shake
-1.355,1.740,1.999,-66.666,-60.900,-49.350,Shake
-1.284,1.482,1.999,-62.930,35.035,-136.229,Shake
-0.601,0.911,0.963,43.820,169.155,-225.006,Shake
0.328,-0.133,0.480,74.253,157.938,-286.598,Shake
1.438,-1.596,0.427,31.106,116.515,-284.253,Shake
1.978,-1.999,0.198,-24.517,94.141,-229.845,Shake
1.997,-1.999,-0.457,-0.586,47.443,-42.954,Shake
1.997,-1.999,-0.498,-19.705,-56.989,123.104,Shake
1.458,-1.895,-0.110,-25.007,-141.776,247.048,Shake
0.828,-1.009,0.466,6.484,-170.284,286.641,Shake
0.018,0.128,0.965,13.921,-153.615,263.515,Shake
-0.744,0.926,1.803,40.574,-103.495,187.521,Shake
-1.310,1.607,1.999,26.320,-34.423,59.544,Shake
-1.428,1.612,1.951,-30.949,28.306,-110.950,Shake
-1.097,1.131,1.445,-38.833,81.603,-196.560,Shake
-0.310,0.447,0.774,-6.834,150.045,-280.070,Shake
0.803,-0.618,0.383,30.888,174.011,-286.685,Shake
1.363,-1.489,0.288,12.967,120.312,-253.724,Shake
1.905,-1.999,0.202,-10.141,57.759,-161.700,Shake
1.997,-1.999,0.082,-66.876,-24.343,-1.050,Shake
1.775,-1.999,-0.195,-56.682,-52.456,128.704,Shake
1.537,-1.968,-0.234,9.161,-52.876,231.018,Shake
1.030,-1.505,-0.058,31.579,-69.694,284.305,Shake
0.602,-0.564,0.003,39.200,-80.622,286.685,Shake
-0.382,0.835,0.369,111.195,-136.701,283.666,Shake
-1.180,1.997,1.899,128.345,-140.061,118.379,Shake
-1.641,1.997,1.999,5.994,-137.008,-45.972,Shake
-1.340,1.997,1.999,-60.891,2.310,-222.504,Shake
-0.469,1.261,1.272,32.804,161.639,-286.685,Shake
0.749,0.243,0.741,39.147,189.394,-286.685,Shake
1.721,-0.941,0.382,-7.201,145.539,-286.685,Shake
1.997,-1.999,0.223,-4.804,98.096,-276.237,Shake
1.997,-1.999,-0.279,-28.849,37.634,-59.325,Shake
1.997,-1.999,-0.485,-8.557,-14.551,208.609,Shake
1.997,-1.995,-0.414,-9.135,-109.183,286.685,Shake
1.840,-0.298,0.330,-11.979,-261.100,286.685,Shake
0.734,1.107,1.439,25.760,-224.989,286.685,Shake
-0.380,1.888,1.965,103.582,-134.776,286.685,Shake
-1.247,1.997,1.999,153.038,-93.739,226.450,Shake
-1.999,1.997,1.952,116.095,-56.831,-41.851,Shake
-1.322,1.997,1.432,22.986,17.509,-283.745,Shake
0.164,0.785,1.236,-48.335,94.640,-286.685,Shake
1.242,-0.399,0.483,-52.167,141.374,-286.685,Shake
1.997,-1.966,0.663,28.245,50.050,-286.685,Shake
1.997,-1.999,0.610,-17.106,-16.888,-178.649,Shake
1.997,-1.999,0.318,1.251,-14.989,70.639,Shake
1.997,-1.999,0.086,19.862,-14.945,243.075,Shake
1.810,-1.049,0.286,58.310,-102.970,286.685,Shake
0.472,0.667,0.864,32.839,-152.617,286.685,Shake
-0.904,1.943,1.283,88.314,-101.544,269.824,Shake
-1.691,1.997,1.972,89.408,-89.049,139.274,Shake
-1.999,1.997,1.999,-31.439,-62.510,-107.135,Shake
-1.112,1.585,1.703,-90.177,70.149,-284.410,Shake
0.204,0.563,1.215,-58.800,164.369,-286.685,Shake
0.888,-0.109,1.009,-79.266,153.921,-286.685,Shake
1.977,-1.660,0.621,-91.088,99.015,-286.641,Shake
1.997,-1.999,0.661,-95.961,46.638,-153.799,Shake
1.997,-1.999,-0.029,-24.167,140.648,52.176,Shake
1.997,-1.999,-0.339,7.114,94.334,206.080,Shake
1.997,-1.892,-0.252,-29.006,-51.625,286.685,Shake
1.398,-0.275,0.513,-67.716,-190.960,286.685,Shake
0.269,1.228,1.292,25.681,-109.646,286.685,Shake
-1.081,1.997,1.618,178.693,-46.533,286.685,Shake
-1.999,1.997,1.999,166.801,-22.628,84.114,Shake
-1.935,1.997,1.568,-67.603,-10.185,-239.794,Shake
-0.196,1.556,0.935,-112.079,85.855,-286.685,Shake
1.076,0.184,0.483,-71.715,119.175,-286.685,Shake
1.997,-1.632,0.674,-71.706,48.020,-286.685,Shake
1.997,-1.999,0.747,-84.744,-0.192,-254.065,Shake
1.997,-1.999,0.606,-38.920,48.912,11.778,Shake
1.997,-1.999,0.147,4.821,94.264,204.033,Shake
1.973,-1.516,0.039,10.701,-1.969,286.685,Shake
0.909,0.253,0.521,-21.333,-48.379,286.685,Shake
-0.530,1.746,0.622,77.586,0.333,286.685,Shake
-1.809,1.997,0.768,113.584,-10.868,272.948,Shake
-1.999,1.997,0.924,-5.416,-80.736,-37.914,Shake
-1.321,1.987,0.838,-38.028,15.864,-286.326,Shake
0.477,0.208,0.601,61.731,88.716,-286.685,Shake
1.412,-1.112,0.707,70.761,55.589,-286.685,Shake
1.997,-1.999,1.338,-42.779,-21.052,-275.957,Shake
1.997,-1.999,1.113,-14.525,33.609,-59.019,Shake
1.997,-1.999,0.885,49.490,53.182,201.171,Shake
1.698,-1.841,0.876,55.554,26.031,286.598,Shake
0.821,-0.404,0.774,-0.131,7.849,286.685,Shake
-0.068,0.859,0.699,-57.330,-46.384,286.685,Shake
-1.999,1.997,1.458,-167.606,-246.146,215.976,Shake
-1.999,1.997,1.999,-181.624,-37.406,-216.991,Shake
-0.836,1.022,0.740,-57.732,143.938,-272.457,Shake
0.662,-0.568,0.151,72.564,78.356,-284.244,Shake
1.428,-1.942,0.362,12.924,21.000,-255.596,Shake
1.301,-1.990,0.138,41.799,2.362,-118.799,Shake
1.061,-1.828,0.274,49.507,-63.586,-3.465,Shake
0.675,-1.592,1.066,17.815,-80.946,19.757,Shake
0.397,-1.622,1.085,-16.625,-75.757,66.920,Shake
-0.206,-0.713,1.736,-111.107,-18.288,59.080,Shake
-0.633,-0.545,1.638,-73.579,105.516,37.153,Shake
-0.003,-1.201,0.895,37.397,-50.181,60.559,Shake
0.142,-1.013,0.639,-42.989,-80.036,74.865,Shake
0.020,-0.326,0.538,-103.416,-90.772,58.511,Shake
-0.249,0.610,0.878,-110.618,-27.388,-18.812,Shake
0.197,0.377,0.083,-45.097,96.600,-39.393,Shake
0.718,-0.590,0.461,37.651,-81.515,-3.824,Shake
0.249,-0.072,0.673,-16.030,-17.911,30.966,Shake
0.014,-0.542,0.844,75.863,89.819,-23.739,Shake
-0.127,-0.787,0.372,112.149,74.979,-38.194,Shake
0.235,-1.121,0.276,71.715,22.330,-29.111,Shake
0.285,-1.313,0.982,66.649,-35.936,-15.636,Shake
0.133,-1.999,0.514,-223.274,17.421,209.598,Shake
-1.915,-1.999,0.122,-38.815,-72.957,231.438,Shake
-0.630,-1.664,1.502,147.193,-11.182,-285.145,Shake
0.261,0.889,1.686,-58.993,-9.161,-286.344,Shake
1.642,1.593,0.457,-191.581,0.613,-110.644,Shake
1.829,1.788,0.643,-74.891,22.522,83.641,Shake
1.155,1.283,0.982,-63.166,38.876,216.029,Shake
-0.209,-0.481,0.732,-109.410,23.065,256.996,Shake
-1.219,-1.740,0.108,-39.401,-41.912,213.430,Shake
-1.702,-1.999,-0.296,69.134,-13.921,136.929,Shake
-1.680,-1.999,-0.285,80.605,20.493,27.247,Shake
-1.488,-1.999,-0.136,172.042,43.146,-135.599,Shake
-0.797,-0.656,0.482,281.680,-5.836,-257.163,Shake
0.378,1.305,0.647,250.303,-30.984,-286.685,Shake
1.196,1.994,0.693,148.409,57.339,-284.777,Shake
1.728,1.997,0.916,140.630,68.950,-144.489,Shake
0.589,1.704,1.076,-32.725,98.306,230.379,Shake
-0.704,-0.736,0.952,-204.312,132.842,286.685,Shake
-1.327,-1.999,0.816,-249.340,29.278,251.974,Shake
-1.662,-1.999,0.451,-198.992,-24.815,201.495,Shake
-1.511,-1.999,-0.044,-43.890,-0.368,42.787,Shake
-1.235,-1.999,0.534,22.417,34.405,-83.344,Shake
-0.914,-1.790,0.839,120.514,-6.886,-212.992,Shake
-0.604,-0.716,0.710,84.823,-74.410,-286.685,Shake
0.961,1.933,0.559,52.106,-39.987,-283.456,Shake
1.445,1.997,1.339,-48.458,36.750,-82.390,Shake
1.275,1.997,1.429,-71.207,21.052,136.167,Shake
0.830,1.992,0.762,-67.357,0.490,286.589,Shake
-0.470,0.709,0.375,-110.075,29.190,286.685,Shake
-1.999,-1.796,0.178,-135.117,25.427,286.685,Shake
-1.999,-1.999,-0.282,-149.266,8.208,276.841,Shake
-1.999,-1.999,-0.407,-92.269,-24.754,58.931,Shake
-1.999,-1.999,-0.106,-12.092,-39.025,-71.645,Shake
-1.687,-1.687,0.261,58.284,-94.579,-211.803,Shake
-0.851,-0.397,0.490,60.874,-100.555,-286.685,Shake
0.311,0.764,0.674,64.444,-45.395,-273.035,Shake
1.153,1.096,0.934,13.519,12.521,-233.660,Shake
1.929,1.952,1.015,-55.869,49.446,-147.508,Shake
1.479,1.688,1.270,-92.260,31.290,79.887,Shake
0.627,1.107,1.032,-70.691,12.959,207.428,Shake
0.021,0.669,1.016,-75.180,-14.866,275.459,Shake
-1.022,-0.499,0.724,-49.472,-44.450,286.685,Shake
-1.888,-1.963,-0.264,-108.465,-36.768,267.706,Shake
-1.999,-1.999,-0.581,-94.019,26.066,161.936,Shake
-1.999,-1.999,-0.557,11.515,3.150,-17.955,Shake
-1.999,-1.999,-0.443,86.494,-29.733,-148.173,Shake
-1.330,-1.238,-0.336,173.889,-21.026,-257.915,Shake
-0.813,-0.603,0.213,243.215,-22.260,-286.685,Shake
0.553,1.517,0.571,190.391,-78.838,-286.685,Shake
1.979,1.997,0.907,83.265,2.266,-205.783,Shake
1.984,1.997,1.152,33.206,64.243,-54.845,Shake
1.098,1.997,1.446,-71.978,135.450,174.659,Shake
-0.069,1.085,1.027,-144.200,51.467,286.685,Shake
-1.441,-0.602,0.514,-109.340,-13.274,286.685,Shake
-1.999,-1.965,0.109,-158.926,-28.271,286.685,Shake
-1.999,-1.999,-0.306,-128.538,-9.625,240.511,Shake
-1.999,-1.999,-0.028,28.192,-46.165,19.513,Shake
-1.999,-1.999,-0.249,103.556,-92.724,-197.050,Shake
-1.568,-1.085,0.164,151.139,-88.401,-286.685,Shake
-0.677,0.370,0.305,156.599,-80.185,-286.685,Shake
0.053,1.578,0.765,133.796,-20.423,-286.685,Shake
1.906,1.997,1.417,52.623,-1.505,-263.786,Shake
1.997,1.997,1.143,43.916,22.846,95.891,Shake
1.010,1.951,0.278,-62.256,77.866,280.962,Shake
-0.169,0.896,0.283,-130.629,85.706,286.685,Shake
-1.951,-1.562,0.230,-215.023,82.548,286.685,Shake
-1.999,-1.999,-0.129,-135.765,55.037,285.889,Shake
-1.999,-1.999,-0.206,14.534,-33.688,81.130,Shake
-1.999,-1.999,0.014,63.026,-54.460,-134.164,Shake
-1.999,-1.999,0.259,78.838,-78.488,-245.753,Shake
-1.467,-0.519,0.393,83.361,-156.818,-286.685,Shake
-0.225,0.616,0.346,150.273,-88.707,-286.685,Shake
1.029,1.997,1.306,-4.996,50.452,-286.685,Shake
1.946,1.997,1.766,-61.084,32.935,-218.671,Shake
1.997,1.997,1.048,-60.944,-11.130,73.544,Shake
0.952,1.984,0.474,-104.606,87.640,277.970,Shake
-0.618,0.605,0.615,-155.741,74.419,286.685,Shake
-1.558,-0.636,0.411,-168.910,25.112,286.685,Shake
-1.999,-1.999,0.155,-70.158,-36.934,286.685,Shake
-1.999,-1.999,-0.344,-39.900,-46.480,178.833,Shake
-1.999,-1.999,-0.009,53.603,-52.841,-46.375,Shake
-1.999,-1.999,0.208,120.015,-92.829,-234.605,Shake
-1.646,-1.256,0.383,144.209,-109.016,-286.685,Shake
-0.715,0.201,0.343,120.558,-98.096,-286.685,Shake
0.560,1.445,0.606,54.101,20.650,-286.685,Shake
1.822,1.997,1.315,-25.095,18.445,-216.458,Shake
1.997,1.997,1.107,-32.340,15.505,53.673,Shake
1.528,1.997,0.871,-68.548,65.459,196.411,Shake
0.136,1.149,0.579,-116.926,81.751,286.685,Shake
-1.540,-0.878,0.503,-144.585,57.076,286.685,Shake
-1.999,-1.993,0.358,-118.860,-4.646,286.685,Shake
-1.999,-1.999,-0.484,-52.693,-21.971,215.845,Shake
-1.999,-1.999,-0.005,65.634,-18.226,-23.817,Shake
-1.999,-1.999,0.154,107.240,-73.675,-245.726,Shake
-1.670,-0.760,0.564,160.860,-143.911,-286.685,Shake
-0.312,0.801,0.221,144.786,-138.976,-286.685,Shake
0.858,1.844,0.648,73.080,-29.076,-286.624,Shake
1.997,1.997,1.267,-35.639,55.772,-198.065,Shake
1.975,1.997,1.252,-21.481,65.048,115.658,Shake
0.811,1.809,0.526,-111.589,92.628,283.421,Shake
-0.185,0.950,0.547,-126.192,93.783,286.685,Shake
-1.764,-0.864,0.202,-153.256,64.365,286.685,Shake
-1.999,-1.999,-0.020,-121.721,25.358,286.685,Shake
-1.999,-1.999,-0.184,-5.302,-2.922,108.631,Shake
-1.999,-1.999,-0.036,71.802,-46.533,-126.525,Shake
-1.999,-1.999,0.202,107.511,-68.084,-248.334,Shake
-1.713,-0.946,0.524,126.236,-132.143,-286.685,Shake
-0.492,0.624,0.495,138.303,-113.452,-286.685,Shake
0.928,1.997,0.930,-13.414,31.255,-286.685,Shake
1.931,1.997,1.694,-80.342,69.037,-157.141,Shake
1.995,1.997,1.389,-67.594,16.188,116.559,Shake
1.229,1.996,0.585,-56.831,47.609,258.799,Shake
-0.035,0.908,0.197,-124.609,60.638,286.685,Shake
-1.641,-0.612,0.170,-167.510,65.327,286.685,Shake
-1.999,-1.956,0.043,-142.564,21.647,286.685,Shake
-1.999,-1.999,-0.413,-21.228,-25.130,255.202,Shake
-1.999,-1.999,-0.061,70.201,-38.124,-0.752,Shake
-1.999,-1.999,0.332,88.830,-42.726,-232.312,Shake
-1.768,-0.898,0.688,104.930,-119.989,-286.685,Shake
-1.189,-0.110,0.580,147.035,-139.913,-286.685,Shake
0.045,1.144,0.545,118.493,-74.970,-286.685,Shake
1.536,1.997,1.145,-62.632,81.716,-283.334,Shake
1.997,1.997,1.033,-54.731,9.931,-55.029,Shake
1.746,1.997,0.290,-17.272,42.822,195.090,Shake
0.740,1.661,0.252,-56.717,78.636,283.386,Shake
-0.714,0.590,0.538,-143.447,102.541,286.685,Shake
-1.999,-1.188,0.391,-181.466,62.195,286.685,Shake
-1.999,-1.999,0.059,-106.768,10.080,285.775,Shake
-1.999,-1.999,-0.356,-46.690,-38.360,173.766,Shake
-1.999,-1.999,-0.066,59.535,-42.000,-68.591,Shake
-1.999,-1.993,0.325,110.863,-92.732,-263.760,Shake
-1.675,-0.748,0.672,138.644,-167.423,-286.685,Shake
-0.568,0.544,0.428,150.421,-186.497,-286.685,Shake
0.472,1.710,0.615,37.537,-73.089,-286.685,Shake
1.903,1.997,0.807,-82.705,48.178,-250.259,Shake
1.997,1.997,0.754,-83.300,33.740,-13.738,Shake
1.530,1.997,0.348,-45.798,53.795,182.359,Shake
0.338,1.257,0.565,-94.404,97.326,285.005,Shake
-0.471,0.508,0.515,-128.345,70.464,286.685,Shake
-1.923,-1.024,0.359,-126.831,55.694,286.685,Shake
-1.999,-1.999,0.131,-80.176,33.416,286.633,Shake
-1.999,-1.999,-0.382,3.605,-37.301,125.125,Shake
-1.999,-1.999,-0.105,83.974,-35.026,-24.631,Shake
-1.999,-1.999,0.384,96.871,-65.607,-224.639,Shake
-1.380,-0.752,0.486,110.906,-114.056,-286.685,Shake
-0.596,0.069,0.630,128.607,-143.824,-286.685,Shake
0.377,0.715,0.371,86.249,-83.169,-286.685,Shake
1.738,1.997,1.001,-34.694,47.530,-271.600,Shake
1.997,1.997,1.555,-123.707,87.631,-57.803,Shake
1.556,1.997,0.895,-119.394,44.065,154.936,Shake
0.751,1.084,0.370,-102.620,31.255,284.078,Shake
-0.784,0.058,0.302,-125.571,45.631,286.685,Shake
-1.999,-1.687,0.166,-158.235,39.349,286.685,Shake
-1.999,-1.999,-0.150,-33.714,-38.150,254.310,Shake
-1.999,-1.999,-0.534,20.239,-48.440,61.031,Shake
-1.999,-1.999,-0.159,77.796,-34.484,-63.919,Shake
-1.953,-1.963,0.202,91.796,-62.107,-232.680,Shake
-1.210,-0.658,0.475,120.024,-113.925,-286.685,Shake
0.180,0.748,0.190,158.375,-120.566,-286.685,Shake
1.191,1.907,1.040,-9.721,53.839,-274.943,Shake
1.993,1.997,1.476,-126.639,100.257,-160.667,Shake
1.776,1.997,1.298,-102.051,82.714,102.104,Shake
0.731,1.582,0.579,-63.166,37.774,283.867,Shake
-0.126,0.866,0.306,-120.654,67.016,286.685,Shake
-1.847,-0.732,0.086,-172.734,73.325,286.685,Shake
-1.999,-1.999,-0.402,-148.181,47.556,286.685,Shake
-1.999,-1.999,-0.629,50.978,-66.929,184.161,Shake
-1.999,-1.999,-0.314,172.681,-88.183,-99.260,Shake
-1.999,-1.999,0.217,120.575,-68.434,-286.466,Shake
-1.795,-0.596,0.551,85.356,-120.890,-286.685,Shake
-0.182,1.009,0.105,159.626,-134.348,-286.685,Shake
1.547,1.997,0.981,62.510,13.676,-285.241,Shake
1.997,1.997,1.465,-104.317,63.814,-113.155,Shake
1.837,1.997,0.662,-71.391,25.804,141.837,Shake
1.067,1.986,0.329,-75.425,42.184,254.852,Shake
-0.824,0.470,0.067,-136.027,73.124,286.685,Shake
-1.999,-1.939,-0.118,-167.318,81.043,286.685,Shake
-1.999,-1.999,-0.124,-28.411,4.900,249.524,Shake
-1.999,-1.999,-0.227,51.555,-59.693,22.304,Shake
-1.999,-1.999,-0.068,122.395,-62.256,-122.990,Shake
-1.999,-1.680,0.444,128.188,-97.423,-285.696,Shake
-1.141,-0.134,0.383,117.442,-153.318,-286.685,Shake
0.615,1.680,0.062,114.590,-97.650,-286.685,Shake
1.515,1.997,1.099,-28.770,65.555,-250.329,Shake
1.947,1.997,1.521,-96.180,85.636,-113.444,Shake
1.418,1.997,1.306,-122.238,68.757,145.784,Shake
0.181,1.297,0.388,-150.106,30.896,286.685,Shake
-1.009,-0.406,0.125,-173.232,64.680,286.685,Shake
-1.999,-1.950,-0.121,-196.262,74.393,286.685,Shake
-1.999,-1.999,-0.537,-16.380,-20.851,263.585,Shake
-1.999,-1.999,-0.633,124.031,-95.707,-10.089,Shake
-1.999,-1.999,-0.119,164.281,-77.717,-235.051,Shake
-1.456,-0.778,0.302,145.985,-114.100,-286.685,Shake
-0.270,0.623,0.426,189.271,-115.482,-286.685,Shake
0.613,1.845,0.765,111.676,-54.670,-286.073,Shake
1.770,1.997,1.792,-52.561,80.062,-203.079,Shake
1.683,1.997,1.773,-129.378,49.158,70.131,Shake
0.874,1.737,0.509,-141.374,7.744,273.656,Shake
-0.125,0.890,0.093,-151.077,48.274,286.685,Shake
-1.893,-1.132,-0.502,-203.656,60.725,286.685,Shake
-1.999,-1.999,-0.758,-123.865,31.570,286.685,Shake
-1.999,-1.999,-0.933,93.056,-58.537,134.304,Shake
-1.999,-1.999,-0.261,135.424,-23.013,-119.691,Shake
-1.999,-1.998,0.583,135.450,-51.669,-286.247,Shake
-1.829,-0.688,0.748,139.702,-127.103,-286.685,Shake
-0.543,0.866,0.512,200.016,-208.197,-286.685,Shake
1.301,1.997,0.620,66.045,-67.550,-281.960,Shake
1.997,1.997,1.548,-110.250,65.537,-102.296,Shake
1.655,1.997,0.919,-90.720,39.655,180.469,Shake
0.965,1.872,0.498,-107.485,47.066,273.087,Shake
-0.947,0.240,0.205,-151.357,87.027,286.685,Shake
-1.999,-1.996,-0.163,-214.533,102.217,286.685,Shake
-1.999,-1.999,-0.417,-78.505,6.265,233.275,Shake
-1.999,-1.999,-0.456,92.181,-53.821,-3.806,Shake
-1.999,-1.999,-0.082,130.156,-56.394,-158.008,Shake
-1.999,-1.596,0.656,137.848,-74.979,-286.685,Shake
-1.413,0.015,0.404,156.301,-235.506,-286.685,Shake
0.486,1.686,0.065,150.631,-214.384,-286.685,Shake
1.997,1.997,0.272,39.252,4.812,-205.905,Shake
1.997,1.997,0.950,-41.965,102.349,-56.787,Shake
1.548,1.997,0.815,-113.680,87.054,162.514,Shake
0.191,1.090,0.224,-157.413,85.768,286.291,Shake
-1.457,-0.720,0.242,-196.569,115.019,286.685,Shake
-1.999,-1.955,0.174,-217.158,91.647,286.685,Shake
-1.999,-1.999,0.034,-130.436,30.100,230.309,Shake
-1.999,-1.999,-0.230,30.888,-73.465,27.816,Shake
-1.999,-1.999,0.007,122.684,-80.168,-153.291,Shake
-1.999,-1.650,0.445,162.041,-127.724,-286.641,Shake
-1.407,-0.432,0.194,147.753,-229.276,-286.685,Shake
0.668,1.710,-0.294,168.814,-205.590,-286.685,Shake
1.997,1.997,-0.177,49.411,-29.575,-187.372,Shake
1.914,1.997,0.573,-17.990,146.396,64.041,Shake
0.947,1.988,0.606,-100.809,158.384,237.738,Shake
0.102,1.241,0.607,-145.215,155.610,286.659,Shake
-1.469,-0.475,0.555,-242.751,157.465,286.685,Shake
-1.999,-1.999,0.302,-248.710,130.104,286.685,Shake
-1.999,-1.999,-0.505,-89.075,-6.580,164.378,Shake
-1.999,-1.999,-0.424,113.251,-90.221,-61.346,Shake
-1.999,-1.999,-0.035,143.570,-93.310,-266.954,Shake
-1.854,-1.390,0.595,116.113,-138.994,-286.685,Shake
-0.779,0.333,0.102,162.689,-213.045,-286.685,Shake
1.302,1.997,0.262,48.519,-64.645,-286.685,Shake
1.997,1.997,1.299,-44.686,83.431,-119.726,Shake
1.987,1.997,1.103,-99.768,50.951,141.925,Shake
1.021,1.997,0.645,-118.274,68.827,272.930,Shake
-0.531,0.591,0.208,-171.789,89.469,286.685,Shake
-1.999,-1.719,-0.036,-198.520,85.181,286.685,Shake
-1.999,-1.999,-0.940,-97.860,4.585,286.177,Shake
-1.999,-1.999,-0.591,75.880,-56.499,182.254,Shake
-1.999,-1.999,-0.407,95.524,-52.728,-94.150,Shake
-1.999,-1.825,0.361,90.930,-61.189,-282.538,Shake
-0.485,0.422,0.221,134.111,-141.610,-285.862,Shake
0.610,1.188,0.618,197.715,-63.236,-233.564,Shake
1.997,1.997,0.812,84.613,-10.841,-211.837,Shake
1.997,1.997,1.214,-71.286,94.999,1.689,Shake
1.078,1.996,1.070,-114.354,94.176,219.091,Shake
0.048,1.172,0.738,-163.756,63.131,286.685,Shake
-1.838,-0.981,0.356,-220.999,64.951,286.685,Shake
-1.999,-1.999,-0.023,-208.959,40.574,276.736,Shake
-1.999,-1.999,-1.085,-13.589,-91.315,105.464,Shake
-1.999,-1.999,-0.893,151.025,-96.460,-90.974,Shake
-1.999,-1.817,0.082,163.336,-45.106,-281.689,Shake
-1.495,-0.650,0.326,135.048,-179.909,-286.685,Shake
0.215,1.078,-0.041,192.001,-143.290,-286.309,Shake
1.481,1.997,0.886,59.386,16.984,-224.980,Shake
1.997,1.997,1.297,-91.149,66.316,-75.276,Shake
1.555,1.997,0.596,-84.122,77.105,210.691,Shake
0.513,1.391,0.363,-107.914,110.696,286.195,Shake
-1.335,-0.441,0.246,-209.125,91.018,286.685,Shake
-1.999,-1.999,-0.127,-198.818,60.217,286.685,Shake
-1.999,-1.999,-0.494,48.248,-71.225,204.575,Shake
-1.999,-1.999,-0.440,145.932,-73.579,-44.572,Shake
-1.999,-1.999,0.259,138.652,-31.028,-201.775,Shake
-1.994,-1.034,0.878,85.785,-97.878,-286.685,Shake
-0.689,0.665,0.270,122.491,-185.115,-286.685,Shake
1.289,1.997,0.579,154.210,-39.445,-252.333,Shake
1.997,1.997,0.888,-3.045,47.408,-149.266,Shake
1.997,1.997,0.565,-53.436,24.640,35.429,Shake
1.258,1.988,0.278,-76.265,115.308,251.650,Shake
-0.554,0.841,0.482,-188.965,120.312,286.685,Shake
-1.999,-1.222,0.515,-264.075,83.694,286.685,Shake
-1.999,-1.999,0.193,-190.496,14.079,283.517,Shake
-1.999,-1.999,-0.524,-47.434,-77.963,172.970,Shake
-1.999,-1.999,-0.485,135.432,-137.069,-44.931,Shake
-1.999,-1.937,-0.108,190.960,-133.018,-219.712,Shake
-1.225,-0.338,0.093,149.074,-186.637,-286.685,Shake
0.041,0.635,0.088,141.855,-133.954,-286.554,Shake
0.817,1.423,0.695,92.243,-28.954,-284.996,Shake
1.997,1.997,0.817,9.301,-8.155,-190.960,Shake
1.994,1.997,0.878,-46.025,58.835,81.620,Shake
0.724,1.436,0.756,-128.091,96.548,226.774,Shake
-0.304,0.406,0.644,-195.860,79.179,274.978,Shake
-1.997,-1.805,0.134,-203.271,49.193,286.685,Shake
-1.999,-1.999,-0.126,-53.314,-5.093,249.375,Shake
-1.999,-1.999,-0.120,63.814,-69.431,-23.870,Shake
-1.999,-1.999,-0.099,139.536,-89.591,-247.030,Shake
-1.687,-1.250,0.371,115.027,-119.893,-286.685,Shake
-0.301,0.824,0.350,102.463,-134.208,-286.685,Shake
1.639,1.997,1.452,38.377,23.791,-284.821,Shake
1.997,1.997,1.350,-76.475,32.874,-67.113,Shake
1.566,1.997,0.792,-105.823,79.599,205.319,Shake
0.722,1.618,0.559,-141.496,97.974,283.622,Shake
-1.200,-0.094,-0.075,-221.559,69.659,286.685,Shake
-1.999,-1.999,-0.364,-235.664,81.524,286.685,Shake
-1.999,-1.999,-1.292,-35.245,-42.963,176.549,Shake
-1.999,-1.999,-0.995,186.883,-71.470,-91.044,Shake
-1.999,-1.998,-0.378,218.820,-73.246,-286.624,Shake
-0.702,0.292,0.065,178.798,-99.409,-286.685,Shake
1.366,1.997,1.331,133.114,21.814,-286.685,Shake
1.997,1.997,1.736,-10.062,1.269,-135.327,Shake
1.803,1.997,1.499,-58.188,93.739,179.462,Shake
0.773,1.983,1.045,-149.564,86.747,265.396,Shake
-1.321,0.099,0.387,-206.553,58.424,286.685,Shake
-1.999,-1.999,-0.353,-212.258,3.001,286.685,Shake
-1.999,-1.999,-1.246,-17.421,-88.253,200.637,Shake
-1.999,-1.999,-1.153,107.564,-66.955,-50.829,Shake
-1.999,-1.999,-0.241,122.850,-38.202,-213.535,Shake
-1.655,-0.826,0.392,108.386,-78.601,-286.685,Shake
-0.023,0.765,0.282,164.019,-132.667,-286.685,Shake
1.588,1.997,1.076,99.041,-3.491,-260.260,Shake
1.997,1.997,1.434,-60.882,52.028,-101.544,Shake
1.997,1.997,1.398,-67.340,36.960,182.394,Shake
0.813,1.966,0.571,-88.673,38.124,284.288,Shake
-1.471,-0.218,0.299,-214.699,78.820,286.685,Shake
-1.999,-1.999,-0.030,-260.908,72.433,286.685,Shake
-1.999,-1.999,-1.170,-22.120,-66.868,164.316,Shake
-1.999,-1.999,-1.140,133.604,-96.819,24.622,Shake
-1.999,-1.999,-0.091,166.714,-8.890,-195.064,Shake
-1.854,-0.958,0.753,157.999,-75.110,-286.685,Shake
-0.385,0.725,0.406,205.756,-152.311,-286.388,Shake
0.811,1.993,1.232,48.676,9.730,-284.270,Shake
1.923,1.997,0.874,-101.999,-12.722,-217.298,Shake
1.997,1.997,0.602,-63.814,10.920,8.750,Shake
1.528,1.993,-0.049,-34.737,72.739,251.615,Shake
-0.216,0.795,0.272,-131.451,151.970,286.685,Shake
-1.688,-0.496,0.655,-198.774,95.533,286.685,Shake
-1.999,-1.999,0.527,-182.411,20.702,286.440,Shake
-1.999,-1.999,0.073,49.998,-102.034,167.720,Shake
-1.999,-1.999,-0.371,42.271,-91.840,-52.456,Shake
-1.999,-1.999,0.363,27.843,-39.060,-268.336,Shake
-1.884,-1.438,0.417,33.154,-99.181,-286.685,Shake
-0.751,0.015,0.060,119.175,-161.753,-286.685,Shake
0.578,1.506,0.494,130.042,-57.041,-268.730,Shake
1.971,1.997,0.642,-40.714,7.035,-235.419,Shake
1.997,1.997,0.916,-27.755,-6.702,-64.846,Shake
1.773,1.997,0.490,-31.999,52.955,199.894,Shake
0.127,1.249,0.433,-128.616,105.044,286.685,Shake
-1.814,-0.778,0.565,-223.160,69.974,286.685,Shake
-1.999,-1.999,0.281,-209.361,56.263,286.685,Shake
-1.999,-1.999,-0.968,-36.645,-40.880,234.246,Shake
-1.999,-1.999,-0.696,126.683,-56.429,-45.334,Shake
-1.999,-1.999,0.131,137.795,-28.263,-274.846,Shake
-0.897,-0.225,0.455,139.387,-108.614,-286.685,Shake
0.497,1.412,1.033,140.175,-49.376,-286.685,Shake
1.386,1.997,1.130,43.864,-48.099,-283.894,Shake
1.997,1.997,0.999,-27.335,-17.833,-47.976,Shake
1.769,1.997,0.320,-57.068,77.018,217.262,Shake
0.019,1.195,0.490,-170.424,120.479,286.685,Shake
-1.274,0.057,0.667,-190.146,75.145,286.685,Shake
-1.999,-1.995,0.295,-142.450,4.926,286.685,Shake
-1.999,-1.999,-0.541,-37.826,-110.066,250.189,Shake
-1.999,-1.999,-0.678,87.561,-96.119,13.379,Shake
-1.999,-1.999,-0.308,99.277,-85.969,-260.304,Shake
-1.988,-1.532,0.208,94.386,-104.396,-286.685,Shake
-0.611,0.743,0.126,104.930,-167.046,-286.685,Shake
0.953,1.968,0.595,90.598,-55.877,-284.760,Shake
1.997,1.997,0.958,-37.284,0.000,-188.283,Shake
1.974,1.997,0.802,-48.002,39.305,117.565,Shake
1.341,1.997,0.543,-68.574,80.098,238.411,Shake
-0.153,1.043,0.488,-151.559,89.206,286.685,Shake
-1.997,-1.256,0.438,-231.376,86.546,286.685,Shake
-1.999,-1.999,-0.344,-179.375,34.737,286.685,Shake
-1.999,-1.999,-0.880,-11.716,-55.956,196.096,Shake
-1.999,-1.999,-0.819,159.871,-69.895,-60.734,Shake
-1.999,-1.999,0.012,160.947,-28.420,-282.021,Shake
-1.151,-0.354,0.311,152.049,-96.434,-286.685,Shake
0.268,1.255,0.266,109.331,-23.476,-286.685,Shake
1.288,1.997,1.354,-40.154,85.881,-276.089,Shake
1.957,1.997,1.652,-58.835,17.552,-131.477,Shake
1.829,1.997,0.622,-55.081,39.366,179.620,Shake
0.476,1.874,0.674,-95.454,104.615,286.685,Shake
-1.141,0.420,0.342,-128.923,48.011,286.685,Shake
-1.999,-1.484,0.284,-135.975,25.427,286.685,Shake
-1.999,-1.999,-0.004,-86.021,-23.686,284.139,Shake
-1.999,-1.999,-0.579,4.856,-66.762,94.106,Shake
-1.999,-1.999,0.034,112.805,-68.504,-165.060,Shake
-1.967,-1.648,0.343,137.751,-117.504,-286.685,Shake
-1.246,-0.284,0.365,138.556,-155.803,-286.685,Shake
0.417,1.444,0.286,101.369,-92.776,-286.685,Shake
1.232,1.997,1.327,-26.093,14.070,-243.749,Shake
1.997,1.997,1.000,-10.001,-50.706,-42.245,Shake
1.661,1.997,0.386,-35.359,19.757,194.477,Shake
0.761,1.771,0.459,-87.141,62.265,276.797,Shake
-0.834,0.340,0.565,-141.645,52.264,286.685,Shake
-1.999,-1.990,0.204,-180.469,33.215,286.685,Shake
-1.999,-1.999,-0.479,-40.057,-32.769,232.864,Shake
-1.999,-1.999,-0.537,63.061,-62.641,-36.619,Shake
-1.999,-1.999,-0.123,103.268,-32.506,-193.602,Shake
-1.971,-1.457,0.404,145.215,-54.189,-286.685,Shake
-0.971,0.153,0.349,142.511,-111.300,-286.685,Shake
0.064,1.520,0.872,11.200,-16.642,-286.685,Shake
1.280,1.997,1.311,-82.154,-1.969,-271.057,Shake
1.997,1.997,1.320,9.004,-14.831,-50.662,Shake
1.942,1.997,0.549,-32.060,46.349,204.977,Shake
0.416,1.640,0.562,-104.904,96.259,286.685,Shake
-0.715,-0.163,0.407,-158.384,57.750,286.685,Shake
-1.999,-1.691,0.359,-180.303,43.190,286.685,Shake
-1.999,-1.999,-0.383,-111.650,-16.362,282.511,Shake
-1.999,-1.999,-0.674,50.916,-61.792,76.213,Shake
-1.999,-1.999,-0.238,109.270,-23.573,-139.738,Shake
-1.999,-1.999,0.333,143.491,-58.161,-286.685,Shake
-1.419,-0.529,0.363,132.501,-120.234,-286.685,Shake
-0.037,1.088,0.374,106.225,-88.436,-286.685,Shake
1.046,1.997,1.394,-4.174,15.584,-272.177,Shake
1.997,1.997,1.251,-84.717,-23.494,-106.094,Shake
1.997,1.997,0.873,-48.694,28.472,199.596,Shake
0.825,1.823,0.536,-77.586,72.957,286.247,Shake
-0.841,0.259,0.584,-188.484,67.690,286.685,Shake
-1.999,-1.813,-0.045,-237.947,40.022,286.685,Shake
-1.999,-1.999,-0.730,-91.726,-19.075,285.766,Shake
-1.999,-1.999,-0.880,68.084,-65.301,121.643,Shake
-1.999,-1.999,-0.435,110.801,-27.055,-45.045,Shake
-1.999,-1.999,0.006,108.544,-32.909,-262.806,Shake
-1.483,-0.823,0.415,145.477,-61.057,-286.685,Shake
-0.572,0.189,0.417,80.518,-40.670,-286.685,Shake
0.233,1.110,0.878,-12.189,55.869,-286.685,Shake
0.908,1.856,1.286,-40.425,75.880,-274.890,Shake
1.903,1.997,1.382,26.959,-19.110,-109.935,Shake
1.907,1.997,0.989,24.798,20.458,106.715,Shake
0.677,1.564,0.693,-80.920,63.647,238.928,Shake
-0.367,0.515,0.787,-141.829,68.827,285.679,Shake
-1.637,-1.163,0.606,-152.976,0.980,286.685,Shake
-1.999,-1.999,-0.096,-113.304,-54.880,273.770,Shake
-1.999,-1.999,-0.382,-70.166,-43.435,149.144,Shake
-1.999,-1.999,-0.638,52.290,-66.124,-48.641,Shake
-1.999,-1.999,-0.459,103.399,-67.804,-182.840,Shake
-1.522,-1.393,0.028,145.801,-51.135,-286.685,Shake
-0.329,0.143,0.355,141.251,-60.620,-286.685,Shake
0.904,1.934,0.744,92.129,-18.200,-277.182,Shake
1.407,1.997,1.499,2.993,39.436,-140.508,Shake
1.907,1.997,1.342,-49.840,25.016,4.200,Shake
1.190,1.997,0.629,-69.834,34.090,241.465,Shake
-0.300,0.947,0.762,-137.812,67.139,286.685,Shake
-1.401,-0.290,0.466,-242.856,50.689,286.685,Shake
-1.999,-1.999,0.085,-248.325,45.631,286.685,Shake
-1.999,-1.999,-0.745,-99.549,-44.257,213.693,Shake
-1.999,-1.999,-1.320,76.939,-82.154,14.752,Shake
-1.999,-1.999,-1.081,181.711,-51.292,-212.896,Shake
-1.999,-1.947,-0.526,200.375,-42.831,-286.685,Shake
-1.256,-0.379,-0.021,184.310,-75.128,-286.685,Shake
-0.067,0.982,0.230,175.053,-60.594,-286.685,Shake
0.920,1.997,1.287,42.884,42.656,-286.685,Shake
1.843,1.997,1.838,-83.580,30.485,-166.145,Shake
1.854,1.997,1.591,-51.275,26.600,158.795,Shake
1.155,1.997,0.412,-76.370,54.495,279.860,Shake
-0.169,1.220,0.114,-130.646,83.982,286.685,Shake
-1.923,-0.506,0.128,-156.520,59.097,286.685,Shake
-1.999,-1.954,-0.025,-165.585,29.978,286.685,Shake
-1.999,-1.999,-0.591,-121.284,-7.910,274.068,Shake
-1.999,-1.999,-0.863,37.100,-33.749,56.429,Shake
-1.999,-1.999,-0.268,155.181,-42.656,-226.599,Shake
-1.999,-1.511,0.513,196.289,-91.507,-286.685,Shake
-1.496,0.310,0.233,205.887,-202.790,-286.685,Shake
-0.493,1.878,0.041,169.732,-156.818,-286.685,Shake
1.139,1.997,-0.130,23.817,-55.790,-286.685,Shake
1.966,1.997,0.927,-50.654,70.569,-169.768,Shake
1.997,1.997,0.590,40.670,-2.651,183.068,Shake
0.693,1.997,-0.139,-71.549,84.586,286.685,Shake
-0.602,1.124,0.401,-158.594,157.369,286.685,Shake
-1.999,-1.313,0.459,-286.580,139.667,286.685,Shake
-1.999,-1.999,-0.421,-266.131,93.599,286.685,Shake
-1.999,-1.999,-0.825,-20.764,-34.283,103.600,Shake
-1.999,-1.999,-0.907,161.604,-109.156,-208.845,Shake
-1.999,-1.617,-0.126,217.770,-90.948,-286.685,Shake
-1.480,-0.075,0.413,246.881,-157.290,-286.685,Shake
0.130,1.898,0.232,180.486,-158.042,-286.685,Shake
1.923,1.997,0.921,-9.231,-10.238,-273.158,Shake
1.997,1.997,0.678,-36.103,-5.259,48.283,Shake
1.176,1.997,0.161,-90.536,62.099,281.356,Shake
-0.055,1.266,0.757,-149.555,112.630,286.685,Shake
-1.765,-0.494,0.840,-188.562,58.179,286.685,Shake
-1.999,-1.999,0.252,-204.286,26.924,286.685,Shake
-1.999,-1.999,-0.273,-80.701,-46.042,164.649,Shake
-1.999,-1.999,-0.770,44.791,-73.316,-105.525,Shake
-1.999,-1.999,-0.665,86.205,-62.790,-258.169,Shake
-1.398,-1.056,-0.111,143.894,-69.842,-286.685,Shake
0.093,0.951,-0.173,232.619,-80.526,-286.685,Shake
1.873,1.997,0.223,120.181,-3.754,-282.826,Shake
1.997,1.997,0.727,-33.460,110.162,-12.880,Shake
1.220,1.997,1.314,-73.465,169.225,211.969,Shake
-0.068,1.749,0.741,-148.680,104.781,286.685,Shake
-1.847,-0.303,0.841,-218.137,98.525,286.685,Shake
-1.999,-1.999,0.136,-238.481,61.757,286.685,Shake
-1.999,-1.999,-0.543,-102.043,-38.395,223.431,Shake
-1.999,-1.999,-1.216,112.368,-128.301,-34.020,Shake
-1.999,-1.999,-0.473,124.723,-43.050,-284.288,Shake
-1.999,-0.758,0.360,136.999,-48.694,-286.685,Shake
-1.319,0.863,0.964,169.216,-107.336,-286.685,Shake
1.215,1.997,0.824,92.400,-125.309,-286.685,Shake
1.997,1.997,0.665,71.628,-80.098,-69.711,Shake
1.997,1.997,-0.422,-8.470,22.417,170.826,Shake
0.476,1.798,-0.186,-168.219,173.731,286.685,Shake
-1.657,0.046,0.531,-192.929,132.624,286.685,Shake
-1.999,-1.756,0.368,-178.264,68.460,286.685,Shake
-1.999,-1.999,0.182,-104.484,46.699,283.605,Shake
-1.999,-1.999,-0.172,-54.574,-30.844,40.985,Shake
-1.999,-1.999,-0.049,24.220,-41.037,-263.987,Shake
-1.986,-1.274,0.084,75.530,-105.289,-286.685,Shake
-1.427,-0.244,0.102,138.180,-151.742,-286.685,Shake
-0.026,1.628,-0.138,141.444,-145.399,-286.685,Shake
1.940,1.997,0.319,29.278,-20.405,-285.469,Shake
1.997,1.997,0.474,6.318,36.356,-7.787,Shake
1.167,1.997,0.718,-89.215,121.231,265.624,Shake
0.011,1.900,0.681,-154.595,123.769,286.685,Shake
-1.629,0.042,1.003,-187.355,86.634,286.685,Shake
-1.999,-1.999,0.219,-196.761,35.963,286.685,Shake
-1.999,-1.999,-0.878,-74.585,-21.621,230.510,Shake
-1.999,-1.999,-1.052,92.601,-61.390,-69.335,Shake
-1.999,-1.999,-0.650,125.335,-32.471,-236.898,Shake
-1.999,-1.312,0.263,169.715,-41.283,-286.685,Shake
-0.919,0.799,0.859,220.815,-118.151,-286.685,Shake
1.455,1.997,0.929,68.469,-72.704,-286.685,Shake
1.997,1.997,0.944,54.294,-47.311,-37.056,Shake
1.997,1.997,0.264,9.012,-4.174,180.206,Shake
0.590,1.927,0.264,-130.008,113.916,286.685,Shake
-1.424,-0.047,0.718,-174.020,85.978,286.685,Shake
-1.999,-1.999,0.129,-178.378,26.906,286.685,Shake
-1.999,-1.999,-0.104,-90.912,-15.505,281.960,Shake
-1.999,-1.999,-0.612,1.960,-56.298,42.569,Shake
-1.999,-1.999,-0.207,54.303,-38.955,-202.099,Shake
-1.955,-1.665,0.470,101.001,-81.524,-286.685,Shake
-1.012,0.089,0.469,147.455,-159.128,-286.685,Shake
0.741,1.996,0.753,85.951,-89.880,-286.685,Shake
1.851,1.997,0.924,37.292,-50.164,-268.861,Shake
1.997,1.997,0.338,43.269,-24.649,36.103,Shake
1.178,1.945,0.298,-31.640,86.056,248.579,Shake
-0.539,-0.031,0.720,-120.575,126.009,286.685,Shake
-1.562,-1.475,0.664,-138.521,98.543,286.685,Shake
-1.999,-1.999,0.855,-101.395,56.700,251.519,Shake
-1.999,-1.999,0.174,-41.440,-37.572,85.243,Shake
-1.999,-1.999,0.257,44.590,-46.550,-123.821,Shake
-1.727,-1.999,0.264,95.419,-107.739,-281.435,Shake
-0.813,-0.550,0.381,168.149,-179.900,-286.685,Shake
1.082,1.723,-0.064,168.236,-158.086,-286.606,Shake
1.997,1.997,-0.225,84.543,-55.283,-117.863,Shake
1.997,1.997,-0.269,64.872,77.963,112.717,Shake
1.477,1.930,0.050,-19.757,139.562,258.554,Shake
-0.191,0.665,0.755,-52.815,169.242,286.685,Shake
-1.586,-0.709,1.998,6.151,87.745,286.685,Shake
-1.999,-1.831,1.402,-207.069,62.860,235.716,Shake
-1.999,-1.999,0.636,-173.294,31.062,130.034,Shake
-1.999,-1.999,1.001,-114.817,8.750,-34.204,Shake
-1.952,-1.999,-0.109,-74.673,-63.131,-257.180,Shake
-1.264,-1.122,0.013,18.734,-124.469,-286.685,Shake
-0.282,0.442,0.217,110.714,-99.916,-286.685,Shake
1.820,1.997,-0.439,151.069,-140.429,-283.194,Shake
1.997,1.997,-0.727,69.493,27.694,-12.714,Shake
1.672,1.997,0.031,37.459,163.809,170.083,Shake
0.408,0.869,0.486,-28.429,169.732,257.495,Shake
-1.009,-0.763,0.894,-99.488,177.012,286.659,Shake
-1.703,-1.911,1.265,-167.667,154.122,238.009,Shake
-1.999,-1.999,1.190,-154.499,74.961,169.164,Shake
-1.999,-1.999,0.493,-82.390,-16.494,-25.069,Shake
-1.946,-1.999,0.732,25.970,-76.387,-262.211,Shake
-1.124,-0.818,0.794,118.003,-139.134,-286.685,Shake
0.211,1.001,0.612,160.641,-203.438,-286.685,Shake
1.997,1.997,-0.751,-85.689,-91.770,-269.203,Shake
1.997,1.997,-0.531,-36.461,100.573,122.176,Shake
0.736,1.185,0.287,24.132,145.057,286.685,Shake
-0.816,-0.300,0.674,-60.708,141.348,286.685,Shake
-1.647,-1.659,0.943,-110.224,134.488,286.685,Shake
-1.999,-1.999,0.758,-152.941,96.784,211.173,Shake
-1.999,-1.999,0.487,-67.585,-0.464,-14.604,Shake
-1.999,-1.999,0.246,52.036,-73.876,-220.202,Shake
-1.683,-1.991,0.454,89.215,-123.244,-286.685,Shake
-1.013,-0.603,0.314,105.035,-133.831,-286.685,Shake
0.311,1.389,0.206,114.109,-135.100,-286.685,Shake
1.997,1.997,-0.356,9.389,-67.384,-269.307,Shake
1.997,1.997,-0.379,49.210,54.950,75.031,Shake
1.401,1.997,0.193,47.976,143.946,281.645,Shake
0.271,1.922,0.437,-81.130,163.730,286.685,Shake
-1.220,0.165,0.661,-105.866,146.816,286.685,Shake
-1.999,-1.999,0.613,-190.855,135.616,286.685,Shake
-1.999,-1.999,-0.176,-178.062,56.193,239.391,Shake
-1.999,-1.999,-0.268,-1.899,-7.849,-8.059,Shake
-1.999,-1.999,-0.190,139.309,-95.060,-279.300,Shake
-1.766,-1.037,0.480,131.372,-109.419,-286.685,Shake
-0.249,1.731,0.542,168.385,-162.619,-286.685,Shake
1.954,1.997,-0.177,92.496,-127.881,-279.431,Shake
1.997,1.997,-0.047,89.399,23.327,41.956,Shake
1.888,1.997,-0.312,15.802,79.853,227.246,Shake
0.158,1.996,0.210,-80.815,167.659,286.685,Shake
-1.909,-0.247,0.451,-137.900,153.230,286.685,Shake
-1.999,-1.999,0.397,-284.559,162.356,286.685,Shake
-1.999,-1.999,-0.124,-95.918,25.541,149.572,Shake
-1.999,-1.999,-0.702,100.625,-94.290,-88.471,Shake
-1.999,-1.999,0.027,142.992,-70.744,-286.685,Shake
-1.593,-0.405,0.380,90.974,-105.875,-286.685,Shake
0.081,1.881,0.300,152.372,-102.655,-286.685,Shake
1.997,1.997,0.588,76.571,-36.243,-262.141,Shake
1.997,1.997,0.483,62.440,-15.663,-32.498,Shake
1.587,1.997,0.115,-42.123,96.416,269.491,Shake
-0.020,1.736,0.518,-87.955,133.210,286.685,Shake
-1.808,0.020,0.357,-104.239,70.499,286.685,Shake
-1.999,-1.972,0.173,-222.259,131.390,286.685,Shake
-1.999,-1.999,-0.259,-207.489,88.156,272.055,Shake
-1.999,-1.999,-0.863,81.804,-107.293,-74.445,Shake
-1.999,-1.999,-0.205,136.001,-88.865,-286.685,Shake
-1.797,-0.342,0.440,98.490,-97.755,-286.685,Shake
-0.616,1.062,0.278,209.055,-139.939,-286.685,Shake
1.552,1.997,0.465,181.046,-82.005,-286.685,Shake
1.997,1.997,0.658,61.766,19.425,-60.638,Shake
1.920,1.997,0.013,-18.804,75.390,233.992,Shake
0.200,1.512,0.165,-63.429,128.756,286.685,Shake
-1.142,0.392,0.224,-112.543,142.852,286.685,Shake
-1.999,-1.959,0.368,-232.234,157.378,286.685,Shake
-1.999,-1.999,-0.131,-240.651,93.266,282.091,Shake
-1.999,-1.999,-0.498,17.885,-51.546,-7.306,Shake
-1.999,-1.999,-0.253,112.411,-115.132,-286.370,Shake
-1.995,-1.223,0.193,146.729,-131.408,-286.685,Shake
-0.668,0.805,0.471,190.339,-148.523,-286.685,Shake
1.141,1.997,0.315,126.700,-107.118,-286.685,Shake
1.997,1.997,0.614,-0.236,5.416,-142.266,Shake
1.950,1.997,-0.002,-48.318,71.558,206.404,Shake
0.806,1.997,0.216,-88.384,128.721,286.685,Shake
-1.007,0.561,0.550,-124.031,128.669,286.685,Shake
-1.999,-1.974,0.525,-206.421,106.488,286.685,Shake
-1.999,-1.999,-0.446,-181.807,2.030,278.022,Shake
-1.999,-1.999,-0.818,35.403,-29.339,-83.046,Shake
-1.999,-1.999,-0.606,90.405,-56.306,-284.427,Shake
-1.963,-0.690,0.193,149.721,-87.456,-286.685,Shake
0.160,1.991,0.182,230.283,-137.034,-286.685,Shake
1.997,1.997,0.824,92.067,-6.851,-254.616,Shake
1.997,1.997,0.833,-76.702,77.604,136.526,Shake
1.276,1.997,0.703,-128.152,106.470,285.670,Shake
-1.360,1.012,0.688,-107.170,54.408,286.685,Shake
-1.999,-1.999,-0.372,-251.519,39.708,286.685,Shake
-1.999,-1.999,-1.593,-102.541,-6.729,199.780,Shake
-1.999,-1.999,-1.493,132.449,-60.769,-245.236,Shake
-1.999,-1.977,-0.415,181.755,-35.674,-286.685,Shake
-0.606,1.905,0.844,220.299,-30.791,-286.685,Shake
1.473,1.997,1.614,120.689,12.583,-286.685,Shake
1.997,1.997,1.198,64.522,-60.594,-39.708,Shake
1.997,1.997,0.423,-50.531,52.010,277.191,Shake
0.183,1.997,0.468,-96.775,102.016,286.685,Shake
-1.950,-0.583,0.257,-169.452,55.423,286.685,Shake
-1.999,-1.999,-0.448,-286.195,63.954,286.685,Shake
-1.999,-1.999,-1.273,-94.141,14.595,112.787,Shake
-1.999,-1.999,-1.172,70.954,-43.417,-163.135,Shake
-1.999,-1.818,-0.126,209.204,-15.505,-286.685,Shake
-0.936,0.338,0.446,241.850,-82.058,-286.685,Shake
1.559,1.997,0.241,171.290,-71.925,-286.685,Shake
1.997,1.997,1.247,79.266,14.858,-53.550,Shake
1.997,1.997,0.460,-6.948,23.966,171.693,Shake
0.061,1.945,0.304,-142.048,130.952,286.685,Shake
-1.879,-0.587,0.292,-193.961,56.665,286.685,Shake
-1.999,-1.999,-0.198,-168.525,0.298,286.685,Shake
-1.999,-1.999,-1.101,-174.501,-0.018,226.774,Shake
-1.999,-1.999,-0.847,10.561,22.426,-140.201,Shake
-1.999,-1.884,0.258,155.540,-20.282,-286.685,Shake
-0.824,1.031,0.620,200.366,-53.182,-286.685,Shake
0.771,1.997,1.500,194.915,-36.514,-286.685,Shake
1.997,1.997,1.679,131.408,-42.945,-176.339,Shake
1.997,1.997,0.487,-22.960,0.560,164.666,Shake
0.515,1.888,0.495,-160.151,107.109,286.685,Shake
-1.650,-0.658,-0.072,-229.915,53.498,286.685,Shake
-1.999,-1.999,-0.122,-192.124,44.065,286.685,Shake
-1.999,-1.999,-1.001,-145.758,6.344,246.120,Shake
-1.999,-1.999,-0.943,15.873,17.413,-91.569,Shake
-1.999,-1.971,-0.164,177.503,-35.105,-286.685,Shake
-1.195,0.483,0.455,229.495,-137.961,-286.685,Shake
0.015,1.997,0.877,236.381,-93.021,-286.685,Shake
1.977,1.997,1.502,125.151,-24.981,-253.260,Shake
1.997,1.997,0.686,37.249,-31.666,86.896,Shake
1.219,1.991,0.293,-66.876,66.386,286.055,Shake
-0.863,0.106,0.498,-146.090,100.012,286.685,Shake
-1.992,-1.713,0.291,-238.166,92.216,286.685,Shake
-1.999,-1.999,-0.552,-247.249,61.565,275.704,Shake
-1.999,-1.999,-0.971,27.239,-19.154,-13.632,Shake
-1.999,-1.999,-0.333,150.474,-44.888,-285.460,Shake
-1.922,-0.931,0.310,180.014,-84.376,-286.685,Shake
-0.160,1.823,0.798,202.064,-69.134,-286.685,Shake
1.695,1.997,1.446,87.561,-15.767,-267.960,Shake
1.997,1.997,0.822,30.389,-23.914,28.341,Shake
1.618,1.997,0.353,-46.524,82.512,276.307,Shake
0.156,1.397,0.739,-113.216,100.844,286.685,Shake
-1.943,-1.139,0.470,-217.884,65.223,286.685,Shake
-1.999,-1.999,-0.394,-242.935,36.785,286.685,Shake
-1.999,-1.999,-1.050,-26.530,-2.844,77.122,Shake
-1.999,-1.999,-0.537,93.415,-9.800,-255.964,Shake
-1.950,-1.511,0.067,134.225,-7.245,-286.685,Shake
-0.602,0.603,0.516,175.796,-71.470,-286.685,Shake
0.820,1.997,1.648,144.524,23.433,-281.733,Shake
1.831,1.997,1.999,-46.821,19.215,-142.091,Shake
1.997,1.997,1.436,-51.800,-26.171,62.361,Shake
1.318,1.929,0.488,-36.243,-1.059,284.821,Shake
-0.803,-0.026,0.281,-169.102,28.096,286.685,Shake
-1.999,-1.999,-0.429,-257.766,29.487,286.685,Shake
-1.999,-1.999,-1.132,-146.711,-24.010,243.574,Shake
-1.999,-1.999,-1.075,105.210,-44.266,-18.751,Shake
-1.999,-1.999,0.005,132.081,-4.655,-276.964,Shake
-0.956,0.113,0.831,140.455,-47.408,-286.685,Shake
0.408,1.990,1.741,152.994,-74.147,-286.650,Shake
1.879,1.997,1.869,35.315,-43.995,-259.954,Shake
1.997,1.997,1.057,-21.061,-29.487,49.542,Shake
1.568,1.834,0.122,-25.594,34.475,279.913,Shake
-0.543,0.408,0.290,-126.026,59.395,286.685,Shake
-1.947,-1.256,0.188,-204.995,56.595,286.685,Shake
-1.999,-1.999,-0.482,-213.596,50.776,286.003,Shake
-1.999,-1.999,-0.891,-19.189,6.344,65.319,Shake
-1.999,-1.999,-0.511,135.056,-39.112,-244.965,Shake
-1.969,-1.218,0.481,151.436,-48.545,-286.685,Shake
-1.351,0.272,0.290,217.893,-132.178,-286.685,Shake
0.049,1.657,0.690,233.179,-67.060,-286.685,Shake
1.979,1.997,0.844,21.420,-3.754,-278.985,Shake
1.997,1.997,0.510,18.183,20.344,67.314,Shake
1.571,1.997,-0.060,-38.666,105.184,278.959,Shake
0.441,1.851,0.309,-82.530,148.033,286.685,Shake
-1.735,-0.069,0.338,-153.633,125.685,286.685,Shake
-1.999,-1.999,0.472,-261.765,120.645,286.685,Shake
-1.999,-1.999,-0.067,-147.455,19.600,186.970,Shake
-1.999,-1.999,-0.290,75.950,-60.244,-57.522,Shake
-1.999,-1.999,-0.199,148.365,-82.442,-285.040,Shake
-1.606,-0.953,0.257,167.029,-87.150,-286.685,Shake
-0.605,0.491,0.520,171.841,-107.739,-286.685,Shake
0.535,1.985,1.032,72.800,-80.342,-286.685,Shake
1.985,1.997,1.098,-10.211,-49.998,-196.648,Shake
1.997,1.997,-0.151,1.304,-58.354,116.340,Shake
1.838,1.997,-0.386,-52.946,48.501,260.505,Shake
-0.222,0.932,0.187,-129.185,129.106,286.685,Shake
-1.999,-1.464,0.150,-221.322,131.635,286.685,Shake
-1.999,-1.999,-0.012,-249.900,84.446,282.538,Shake
-1.999,-1.999,-0.509,-36.890,-8.015,49.324,Shake
-1.999,-1.999,-0.526,81.952,-50.146,-149.109,Shake
-1.999,-1.852,-0.017,163.450,-66.027,-286.685,Shake
-1.025,0.247,0.320,220.824,-120.173,-286.685,Shake
0.984,1.997,0.400,196.350,-92.418,-286.685,Shake
1.997,1.997,1.123,4.401,56.700,-176.881,Shake
1.997,1.997,0.993,-39.944,59.369,93.966,Shake
1.104,1.997,0.439,-74.795,106.698,286.685,Shake
-0.990,1.182,0.728,-138.346,103.749,286.685,Shake
-1.999,-1.820,0.061,-278.408,87.439,286.685,Shake
-1.999,-1.999,-0.701,-286.650,65.284,286.685,Shake
-1.999,-1.999,-1.470,-48.939,-4.515,123.629,Shake
-1.999,-1.999,-1.280,194.023,-88.384,-265.230,Shake
-1.988,-0.947,-0.116,194.128,-44.222,-286.685,Shake
-0.796,1.286,0.499,163.424,-68.276,-286.685,Shake
0.352,1.997,1.329,134.129,-22.208,-286.685,Shake
1.997,1.997,1.999,11.244,-11.786,-195.650,Shake
1.997,1.997,0.447,20.282,-63.857,196.534,Shake
1.004,1.956,-0.288,-54.845,89.933,286.685,Shake
-0.697,1.157,0.036,-134.391,146.641,286.685,Shake
-1.999,-1.254,-0.102,-243.740,131.583,286.685,Shake
-1.999,-1.999,-0.612,-247.992,85.750,286.650,Shake
-1.999,-1.999,-0.557,-85.925,65.511,37.870,Shake
-1.999,-1.999,-0.879,129.684,-132.676,-284.384,Shake
-1.999,-1.613,-0.746,259.954,-173.898,-286.685,Shake
-1.236,0.605,-0.012,286.685,-178.167,-286.685,Shake
0.756,1.997,-0.319,286.685,-267.024,-286.685,Shake
1.997,1.997,-0.616,189.087,-112.306,-214.419,Shake
1.997,1.997,-0.322,-96.346,172.086,132.230,Shake
0.557,1.993,0.066,-162.444,217.009,286.685,Shake
-0.822,1.144,0.408,-114.161,192.666,286.685,Shake
-1.999,-1.421,0.617,-218.899,186.095,286.685,Shake
-1.999,-1.999,0.181,-286.685,171.762,266.376,Shake
-1.999,-1.999,-0.503,-55.029,-17.736,-14.796,Shake
-1.999,-1.999,-0.651,187.827,-132.571,-284.533,Shake
-1.875,-0.658,0.038,176.654,-132.274,-286.685,Shake
-0.929,1.045,0.271,241.421,-157.841,-286.685,Shake
1.724,1.997,0.329,204.452,-122.684,-286.685,Shake
1.997,1.997,0.156,20.142,9.494,-41.755,Shake
1.645,1.997,0.105,-118.353,137.716,276.605,Shake
-0.526,1.289,0.342,-143.876,142.354,286.685,Shake
-1.886,-0.100,0.531,-165.261,126.499,286.685,Shake
-1.999,-1.999,0.118,-281.855,117.749,286.685,Shake
-1.999,-1.999,-0.516,-155.330,50.680,166.959,Shake
-1.999,-1.999,-0.641,94.211,-66.588,-133.201,Shake
-1.999,-1.957,-0.058,175.429,-89.302,-286.685,Shake
-1.247,-0.076,0.239,136.990,-127.978,-286.685,Shake
-0.406,1.150,0.556,156.949,-123.865,-286.685,Shake
1.916,1.997,0.778,109.244,-66.202,-285.416,Shake
1.997,1.997,0.831,12.924,20.379,29.575,Shake
1.641,1.997,-0.100,-78.461,82.530,284.401,Shake
-0.536,1.412,0.424,-110.180,136.614,286.685,Shake
-1.870,0.101,0.433,-153.466,109.279,286.685,Shake
-1.999,-1.999,-0.182,-282.555,101.211,286.685,Shake
-1.999,-1.999,-0.637,-120.435,61.696,185.727,Shake
-1.999,-1.999,-0.859,101.089,-90.738,-141.855,Shake
-1.999,-1.936,0.057,156.380,-57.444,-286.685,Shake
-1.457,-0.328,0.547,132.221,-123.489,-286.685,Shake
-0.942,0.942,0.664,191.083,-141.452,-286.685,Shake
1.239,1.997,0.860,160.283,-85.216,-286.685,Shake
1.997,1.997,0.654,54.390,-8.654,-90.808,Shake
1.997,1.997,-0.182,-55.318,46.585,244.204,Shake
0.032,1.294,0.382,-106.689,133.193,286.685,Shake
-1.621,-0.221,0.519,-170.476,114.406,286.685,Shake
-1.999,-1.999,0.111,-245.744,83.536,286.685,Shake
-1.999,-1.999,-0.296,-111.099,23.153,163.914,Shake
-1.999,-1.999,-0.510,109.253,-106.969,-172.856,Shake
-1.999,-1.731,0.035,150.019,-88.069,-286.685,Shake
-1.398,-0.321,0.388,180.644,-151.611,-286.685,Shake
0.230,1.678,0.006,183.488,-170.432,-286.685,Shake
1.997,1.997,0.413,74.410,-20.624,-269.220,Shake
1.997,1.997,0.563,-13.177,54.014,115.798,Shake
1.110,1.997,-0.040,-84.963,148.540,286.685,Shake
-0.165,1.545,0.505,-103.031,169.400,286.685,Shake
-1.982,-0.264,0.480,-169.356,117.136,286.685,Shake
-1.999,-1.999,0.020,-286.003,103.731,286.685,Shake
-1.999,-1.999,-0.533,-72.853,8.015,153.519,Shake
-1.999,-1.999,-0.745,157.771,-96.022,-163.336,Shake
-1.999,-1.999,-0.145,165.217,-36.129,-286.685,Shake
-1.595,-0.549,0.729,151.637,-85.382,-286.685,Shake
-0.850,1.297,0.764,154.875,-170.712,-286.685,Shake
1.328,1.997,1.195,136.649,-78.470,-272.195,Shake
1.997,1.997,0.598,43.654,-35.263,-40.469,Shake
1.997,1.997,-0.512,-66.474,35.612,209.624,Shake
1.113,1.715,-0.142,-79.774,125.169,286.641,Shake
-0.935,0.078,0.171,-138.836,138.014,286.685,Shake
-1.999,-1.980,0.004,-190.951,116.095,286.685,Shake
-1.999,-1.999,-0.140,-97.580,67.191,253.208,Shake
-1.999,-1.999,-0.268,20.790,7.945,-6.151,Shake
-1.999,-1.999,0.190,125.239,-35.341,-194.906,Shake
-1.837,-1.153,0.676,158.952,-70.026,-286.685,Shake
-0.853,0.592,0.865,182.236,-181.571,-286.685,Shake
1.247,1.997,0.978,88.734,-119.079,-286.431,Shake
1.997,1.997,1.298,-84.691,25.392,-121.056,Shake
1.997,1.997,0.580,-89.364,-12.792,76.764,Shake
1.240,1.752,0.294,-63.000,50.759,285.828,Shake
-0.955,0.037,0.391,-157.990,79.713,286.685,Shake
-1.999,-1.999,0.060,-233.039,65.170,286.685,Shake
-1.999,-1.999,-0.485,-157.973,6.099,280.569,Shake
-1.999,-1.999,-0.728,83.694,-46.270,40.338,Shake
-1.999,-1.999,-0.115,132.939,-32.812,-267.689,Shake
-1.555,-0.525,0.582,104.598,-60.743,-286.685,Shake
-0.712,0.516,0.651,154.455,-109.926,-286.685,Shake
1.053,1.997,0.905,121.459,-65.634,-286.685,Shake
1.997,1.997,1.367,-5.285,12.355,-140.849,Shake
1.997,1.997,0.677,-28.840,23.048,134.365,Shake
1.050,1.542,0.420,-58.791,66.596,283.456,Shake
0.069,1.045,0.536,-88.918,60.646,286.685,Shake
-1.861,-0.808,0.406,-147.726,55.816,286.685,Shake
-1.999,-1.999,0.151,-173.040,36.505,284.856,Shake
-1.999,-1.999,-0.424,-41.046,-6.449,104.405,Shake
-1.999,-1.999,-0.338,79.371,-38.798,-63.822,Shake
-1.999,-1.999,0.217,137.594,-59.115,-284.427,Shake
-1.205,-0.130,0.625,140.158,-128.161,-286.685,Shake
0.039,1.223,0.673,146.790,-134.776,-286.685,Shake
1.716,1.997,0.917,25.812,-15.479,-269.159,Shake
1.997,1.997,1.095,-52.833,28.577,-134.601,Shake
1.997,1.997,0.521,-54.136,32.261,113.531,Shake
1.040,1.940,0.499,-59.474,83.230,280.193,Shake
-0.725,0.487,0.430,-110.092,69.580,286.685,Shake
-1.992,-1.349,0.362,-172.288,104.711,286.685,Shake
-1.999,-1.999,0.039,-197.277,78.111,272.580,Shake
-1.999,-1.999,-0.717,30.730,-51.537,23.039,Shake
-1.999,-1.999,-0.394,125.177,-47.119,-251.685,Shake
-1.741,-1.093,0.427,126.639,-39.471,-286.685,Shake
-1.189,0.225,0.383,210.700,-134.934,-286.685,Shake
0.548,1.983,0.405,205.100,-112.630,-286.685,Shake
1.984,1.997,0.882,27.983,28.000,-199.710,Shake
1.997,1.997,0.992,-36.768,52.745,64.199,Shake
1.377,1.905,0.134,-32.611,65.931,277.996,Shake
0.432,1.293,0.489,-38.316,104.702,286.685,Shake
-1.264,-0.214,0.412,-127.216,86.231,286.685,Shake
-1.999,-1.999,0.235,-229.224,123.734,286.685,Shake
-1.999,-1.999,-0.050,-110.775,40.022,178.605,Shake
-1.999,-1.999,-0.265,116.961,-91.018,-128.275,Shake
-1.999,-1.999,-0.119,156.975,-90.300,-277.489,Shake
-1.525,-0.966,0.600,160.720,-91.849,-286.685,Shake
-0.522,1.172,0.503,201.303,-153.029,-286.685,Shake
1.331,1.997,0.869,125.300,-68.285,-281.820,Shake
1.997,1.997,0.684,-7.761,-5.276,-58.590,Shake
1.997,1.997,0.239,-43.654,69.668,221.349,Shake
1.084,1.932,0.232,-62.379,115.448,286.685,Shake
-0.700,0.889,0.343,-131.600,134.899,286.685,Shake
-1.999,-1.651,0.131,-197.225,154.945,286.685,Shake
-1.999,-1.999,-0.051,-138.329,72.870,281.409,Shake
-1.999,-1.999,-0.346,65.879,-26.093,28.788,Shake
-1.999,-1.999,0.052,136.115,-49.420,-207.673,Shake
-1.999,-1.029,0.684,156.301,-96.565,-286.685,Shake
-0.595,1.489,0.549,220.902,-198.179,-286.685,Shake
1.248,1.997,1.336,94.675,-79.319,-286.589,Shake
1.997,1.997,1.012,-1.006,-66.754,-54.425,Shake
1.997,1.997,-0.087,-41.029,-35.551,153.729,Shake
1.061,1.897,-0.138,-95.996,122.194,286.685,Shake
-1.182,0.352,0.294,-177.678,159.792,286.685,Shake
-1.999,-1.999,0.028,-269.299,129.693,286.685,Shake
-1.999,-1.999,-0.082,-188.361,71.426,223.580,Shake
-1.999,-1.999,-0.339,58.958,-55.702,-4.077,Shake
-1.999,-1.999,-0.065,117.688,-76.073,-283.894,Shake
-1.883,-0.548,0.478,99.724,-102.183,-286.685,Shake
-0.127,1.906,0.375,200.428,-128.161,-286.685,Shake
1.993,1.997,0.985,94.902,-48.737,-275.328,Shake
1.997,1.997,0.925,9.879,-8.208,-59.894,Shake
1.877,1.997,0.087,-87.588,90.221,268.144,Shake
-0.055,1.236,0.440,-154.245,155.864,286.685,Shake
-1.980,-0.645,0.549,-235.462,138.679,286.685,Shake
-1.999,-1.993,0.314,-286.580,60.217,286.685,Shake
-1.999,-1.999,-0.502,-205.494,-7.945,252.420,Shake
-1.999,-1.999,-0.800,78.391,-106.015,-56.438,Shake
-1.999,-1.991,-0.235,138.408,-140.761,-286.685,Shake
-1.850,0.048,0.229,153.361,-156.844,-286.685,Shake
-0.449,1.916,0.450,204.514,-190.689,-286.685,Shake
1.264,1.997,0.326,99.872,-121.012,-283.062,Shake
1.997,1.997,0.173,16.616,-10.194,-43.680,Shake
1.873,1.997,-0.417,-107.957,136.806,270.209,Shake
-0.050,1.904,0.224,-137.883,191.083,286.685,Shake
-1.956,0.069,0.534,-175.849,170.363,286.685,Shake
-1.999,-1.936,0.052,-283.902,185.894,286.685,Shake
-1.999,-1.999,-0.713,-242.673,116.760,277.576,Shake
-1.999,-1.999,-1.020,107.030,-66.579,-74.856,Shake
-1.999,-1.999,-0.604,208.416,-84.604,-286.685,Shake
-1.999,-0.728,0.414,101.334,-43.522,-286.685,Shake
-1.093,1.722,0.307,182.315,-104.090,-286.685,Shake
0.342,1.997,0.664,187.066,-62.064,-286.685,Shake
1.997,1.997,0.650,116.051,-42.438,-164.990,Shake
1.888,1.997,-0.050,-56.254,100.870,208.066,Shake
0.195,1.997,0.133,-168.508,171.299,286.685,Shake
-0.999,1.422,0.565,-144.961,131.408,286.685,Shake
-1.999,-0.907,0.197,-232.120,112.105,286.685,Shake
-1.999,-1.999,-0.809,-283.579,117.871,286.685,Shake
-1.999,-1.999,-1.049,-34.720,28.166,90.081,Shake
-1.999,-1.999,-0.713,155.514,-80.964,-264.049,Shake
-1.999,-1.207,0.424,178.290,-48.624,-286.685,Shake
-1.913,-0.160,1.047,242.541,-113.645,-286.685,Shake
-0.460,1.997,0.841,286.571,-221.270,-286.685,Shake
1.992,1.997,0.257,172.296,-200.742,-265.011,Shake
1.997,1.997,-0.942,19.495,-39.340,111.134,Shake
1.053,1.997,-0.733,-90.151,161.508,286.685,Shake
-0.180,1.350,-0.196,-102.480,205.643,286.685,Shake
-1.952,-0.355,0.302,-125.895,200.725,286.685,Shake
-1.999,-1.999,0.459,-278.688,187.372,286.685,Shake
-1.999,-1.999,0.207,-173.792,80.115,175.893,Shake
-1.999,-1.999,-0.149,128.529,-108.080,-145.854,Shake
-1.999,-1.902,0.000,222.504,-146.650,-286.685,Shake
-1.550,-0.702,0.227,230.466,-159.285,-286.685,Shake
-0.722,1.203,-0.335,207.025,-215.364,-286.685,Shake
1.432,1.997,-0.172,76.624,-64.768,-286.685,Shake
1.997,1.997,0.153,-4.988,71.592,-65.240,Shake
1.322,1.997,0.302,-54.443,104.956,259.052,Shake
0.483,1.997,-0.002,-94.701,118.449,286.685,Shake
-1.251,0.616,0.512,-155.899,186.839,286.685,Shake
-1.999,-1.881,0.598,-286.685,189.411,286.685,Shake
-1.999,-1.999,-0.135,-258.878,71.881,251.405,Shake
-1.999,-1.999,-0.575,62.781,-88.436,-10.841,Shake
-1.999,-1.999,-0.570,189.691,-144.217,-212.170,Shake
-1.979,-1.610,0.016,164.658,-108.229,-286.685,Shake
-1.172,0.315,0.093,169.260,-161.166,-286.685,Shake
0.363,1.997,0.211,254.572,-141.890,-286.685,Shake
1.997,1.997,0.338,105.910,-32.804,-182.639,Shake
1.997,1.997,0.510,-73.404,115.378,166.609,Shake
1.139,1.997,0.089,-133.245,118.125,286.309,Shake
-0.607,1.203,0.182,-124.723,146.545,286.685,Shake
-1.999,-1.303,0.524,-254.643,200.462,286.685,Shake
-1.999,-1.999,-0.124,-286.685,125.956,286.685,Shake
-1.999,-1.999,-0.574,-176.925,-4.113,117.889,Shake
-1.999,-1.999,-0.649,165.436,-127.479,-119.411,Shake
-1.999,-1.987,-0.034,168.726,-111.790,-286.685,Shake
-1.738,-0.352,0.376,115.089,-107.713,-286.685,Shake
0.075,1.997,0.108,252.394,-169.374,-286.685,Shake
1.988,1.997,0.693,147.508,-31.500,-247.292,Shake
1.997,1.997,0.776,-13.825,50.829,-30.608,Shake
1.433,1.997,0.119,-94.036,82.346,253.251,Shake
0.114,1.519,-0.027,-54.880,117.994,286.685,Shake
-1.732,-0.108,0.586,-159.329,159.084,286.685,Shake
-1.999,-1.909,0.346,-286.685,155.549,286.685,Shake
-1.999,-1.999,-0.351,-260.024,92.794,248.990,Shake
-1.999,-1.999,-0.561,78.488,-70.140,-36.768,Shake
-1.999,-1.999,-0.204,184.109,-91.709,-284.935,Shake
-1.876,-0.562,0.819,181.633,-97.939,-286.685,Shake
-0.508,1.480,0.347,260.199,-214.025,-286.685,Shake
1.846,1.997,0.206,173.381,-141.409,-277.804,Shake
1.997,1.997,0.176,79.179,-57.452,-77.044,Shake
1.876,1.997,-0.182,-93.931,88.874,197.881,Shake
0.135,1.537,0.147,-147.551,179.410,286.685,Shake
-1.718,-0.266,0.821,-228.515,175.464,286.685,Shake
-1.999,-1.934,0.433,-286.064,135.555,286.685,Shake
-1.999,-1.999,-0.350,-234.824,58.529,238.805,Shake
-1.999,-1.999,-0.654,36.199,-56.691,-40.670,Shake
-1.999,-1.999,-0.439,140.901,-99.951,-286.431,Shake
-1.942,-0.725,0.156,155.584,-109.261,-286.685,Shake
-0.304,1.577,0.374,217.840,-147.438,-286.685,Shake
1.284,1.997,0.223,152.950,-109.699,-278.346,Shake
1.997,1.997,0.676,50.006,49.385,-16.940,Shake
1.349,1.997,0.470,-97.151,144.611,285.302,Shake
-0.262,1.366,0.192,-151.270,172.357,286.685,Shake
-1.678,-0.044,0.300,-231.166,186.384,286.685,Shake
-1.999,-1.999,0.209,-286.029,142.292,286.685,Shake
-1.999,-1.999,-0.636,-149.275,7.997,229.066,Shake
-1.999,-1.999,-0.812,92.846,-90.020,-71.015,Shake
-1.999,-1.999,-0.300,118.606,-62.650,-286.580,Shake
-1.897,-0.768,0.353,121.984,-64.794,-286.685,Shake
-1.219,0.715,0.471,250.661,-135.861,-286.685,Shake
0.986,1.997,0.413,285.784,-179.812,-286.685,Shake
1.997,1.997,0.490,62.554,-17.526,-99.277,Shake
1.807,1.997,0.259,-158.226,120.094,231.254,Shake
0.054,1.271,0.268,-137.900,151.900,286.685,Shake
-1.110,0.178,0.693,-162.724,159.084,286.685,Shake
-1.999,-1.821,0.386,-284.182,121.546,286.685,Shake
-1.999,-1.999,-0.577,-204.068,41.711,271.626,Shake
-1.999,-1.999,-0.826,82.171,-93.555,-16.599,Shake
-1.999,-1.999,-0.535,184.712,-101.622,-279.388,Shake
-1.999,-1.613,0.195,95.576,-69.632,-286.685,Shake
-0.912,0.448,0.427,150.815,-125.370,-286.685,Shake
0.912,1.997,0.200,213.404,-163.572,-286.685,Shake
1.997,1.997,0.671,121.056,18.690,-91.289,Shake
1.899,1.997,0.433,-94.509,129.587,220.150,Shake
0.843,1.997,0.046,-147.613,155.234,286.685,Shake
-1.075,0.662,0.616,-154.840,167.274,286.685,Shake
-1.999,-1.692,0.323,-197.601,83.615,286.685,Shake
-1.999,-1.999,-0.171,-136.290,32.952,274.330,Shake
-1.999,-1.999,-0.131,40.784,-26.845,9.380,Shake
-1.999,-1.999,-0.145,109.559,-85.706,-198.266,Shake
-1.999,-1.511,0.480,130.305,-98.192,-286.685,Shake
-1.794,0.032,0.666,183.146,-234.194,-286.685,Shake
0.061,1.993,-0.328,210.569,-273.219,-286.685,Shake
1.997,1.997,-0.146,102.611,-43.190,-215.084,Shake
1.997,1.997,-0.053,-19.364,85.470,31.544,Shake
1.617,1.997,-0.017,-143.710,182.508,272.221,Shake
-0.333,1.040,0.344,-159.530,205.625,286.685,Shake
-1.999,-1.715,0.246,-227.194,173.976,286.685,Shake
-1.999,-1.999,0.154,-213.894,113.067,270.445,Shake
-1.999,-1.999,-0.083,-80.036,42.254,114.616,Shake
-1.999,-1.999,-0.208,137.559,-101.378,-164.465,Shake
-1.999,-1.656,0.358,178.229,-134.251,-286.685,Shake
-1.382,0.364,0.484,147.919,-185.867,-286.685,Shake
0.566,1.997,0.682,158.200,-138.294,-286.685,Shake
1.867,1.997,0.669,45.272,-75.871,-170.310,Shake
1.997,1.997,0.607,-14.105,9.564,55.423,Shake
1.422,1.997,-0.183,-122.168,76.457,286.396,Shake
-0.564,0.992,-0.150,-180.661,159.425,286.685,Shake
-1.999,-1.584,0.027,-277.270,203.621,286.685,Shake
-1.999,-1.999,-0.381,-280.254,79.590,285.950,Shake
-1.999,-1.999,-1.003,24.439,-21.927,153.527,Shake
-1.999,-1.999,-0.499,242.357,-121.214,-212.152,Shake
-1.999,-1.131,0.295,191.572,-100.887,-286.685,Shake
-1.347,0.898,0.441,181.247,-189.175,-286.685,Shake
0.368,1.997,0.492,215.915,-152.425,-286.685,Shake
1.722,1.997,0.610,131.644,-99.129,-285.652,Shake
1.997,1.997,0.400,-15.199,20.974,-12.766,Shake
1.644,1.997,-0.097,-110.390,124.276,266.105,Shake
-0.174,1.554,0.584,-153.947,197.461,286.685,Shake
-1.506,0.372,0.489,-232.750,182.035,286.685,Shake
-1.999,-1.999,0.318,-286.685,151.952,286.685,Shake
-1.999,-1.999,-0.121,-182.219,25.165,235.331,Shake
-1.999,-1.999,-0.721,128.188,-171.386,-34.291,Shake
-1.999,-1.999,-0.287,212.818,-176.286,-286.011,Shake
-1.835,-0.250,-0.221,88.760,-155.575,-286.685,Shake
-0.752,1.123,0.216,153.904,-83.046,-286.685,Shake
1.285,1.997,0.579,127.881,-80.500,-286.685,Shake
1.997,1.997,0.863,62.606,16.642,-57.015,Shake
1.811,1.997,0.383,-100.126,112.236,266.849,Shake
0.632,1.975,0.286,-160.694,190.164,286.685,Shake
-1.386,0.299,0.490,-250.994,189.945,286.685,Shake
-1.999,-1.999,0.116,-280.210,134.470,286.685,Shake
-1.999,-1.999,-0.438,-129.447,-12.259,252.306,Shake
-1.999,-1.999,-0.789,157.605,-155.837,-58.669,Shake
-1.999,-1.999,-0.254,185.281,-157.045,-286.685,Shake
-1.974,-0.864,-0.028,86.774,-121.747,-286.685,Shake
-0.867,1.330,0.057,98.359,-150.360,-286.685,Shake
1.922,1.997,0.484,143.290,-58.511,-285.408,Shake
1.997,1.997,0.883,60.349,42.053,55.151,Shake
1.994,1.997,0.094,-93.380,123.139,285.784,Shake
0.320,1.932,0.128,-112.324,166.889,286.685,Shake
-1.980,-0.123,0.558,-205.992,187.863,286.685,Shake
-1.999,-1.999,0.389,-286.685,106.059,286.685,Shake
-1.999,-1.999,-0.728,-39.734,-61.635,117.714,Shake
-1.999,-1.999,-0.719,196.691,-171.684,-247.730,Shake
-1.999,-1.932,-0.112,156.774,-102.375,-286.685,Shake
-1.472,0.615,0.463,100.783,-158.874,-286.685,Shake
0.442,1.997,0.578,115.098,-139.072,-286.685,Shake
1.997,1.997,0.906,84.927,-92.164,-222.679,Shake
1.997,1.997,-0.437,33.801,-11.191,116.471,Shake
1.763,1.997,-0.431,-58.564,148.277,286.685,Shake
-0.526,1.282,0.560,-125.169,187.320,286.685,Shake
-1.999,-1.144,0.590,-169.759,126.516,286.685,Shake
-1.999,-1.999,0.257,-250.294,87.964,286.606,Shake
-1.999,-1.999,-0.375,-74.007,0.971,65.170,Shake
-1.999,-1.999,-0.665,62.186,-88.130,-188.720,Shake
-1.999,-1.589,-0.233,138.740,-110.241,-286.685,Shake
-1.116,0.750,0.179,233.336,-137.077,-286.685,Shake
0.581,1.997,0.287,159.583,-97.064,-286.685,Shake
1.997,1.997,1.566,62.956,5.206,-208.723,Shake
1.997,1.997,1.372,10.894,-10.596,38.693,Shake
1.468,1.997,0.317,-119.105,88.305,278.478,Shake
-0.416,0.848,0.537,-183.137,139.598,286.685,Shake
-1.856,-0.662,0.107,-169.697,54.162,286.685,Shake
-1.999,-1.994,-0.355,-181.291,57.549,286.685,Shake
-1.999,-1.999,-0.095,-150.325,62.536,234.579,Shake
-1.999,-1.999,-0.472,-45.465,-11.795,-3.273,Shake
-1.999,-1.999,-0.504,101.973,-87.762,-264.976,Shake
-1.737,-1.187,-0.382,126.963,-99.592,-286.685,Shake
-0.560,0.584,-0.067,223.370,-68.512,-286.685,Shake
0.628,1.832,0.117,244.107,-35.140,-286.685,Shake
1.477,1.997,0.841,132.921,82.136,-213.456,Shake
1.423,1.997,1.999,-55.921,134.610,58.118,Shake
0.610,1.997,1.516,-97.020,58.179,286.309,Shake
-0.200,1.427,1.483,-118.256,-12.661,286.685,Shake
-1.565,-1.088,0.206,-193.760,-7.367,286.685,Shake
-1.999,-1.999,-0.476,-283.806,51.074,286.650,Shake
-1.999,-1.999,-1.076,-94.220,-17.465,167.484,Shake
-1.999,-1.999,-0.898,90.834,-26.513,-85.522,Shake
-1.999,-1.999,-0.367,125.134,-10.045,-286.685,Shake
-1.773,-0.694,0.057,150.824,-34.895,-286.685,Shake
-0.566,1.302,0.522,216.799,-53.095,-286.685,Shake
1.001,1.997,1.435,119.201,9.852,-285.128,Shake
1.997,1.997,1.860,21.753,35.998,-9.284,Shake
1.754,1.997,0.960,-15.741,1.356,229.556,Shake
0.273,1.282,0.601,-84.131,80.824,286.685,Shake
-1.486,-0.553,0.488,-190.312,87.036,286.685,Shake
-1.999,-1.999,0.019,-225.164,25.471,286.685,Shake
-1.999,-1.999,-0.499,-142.301,-0.035,167.344,Shake
-1.999,-1.999,-0.459,-19.460,5.819,-26.530,Shake
-1.999,-1.999,-0.416,107.056,-62.939,-286.265,Shake
-1.160,0.094,-0.119,265.396,-101.027,-286.685,Shake
0.179,0.961,-0.374,278.451,-132.904,-286.685,Shake
1.746,1.997,-0.092,98.980,30.091,-286.685,Shake
1.992,1.997,1.332,-87.351,212.004,-77.368,Shake
1.402,1.997,1.995,-100.380,127.995,165.848,Shake
0.032,1.639,1.082,-66.071,56.123,286.685,Shake
-1.959,-0.916,0.816,-231.333,95.559,286.685,Shake
-1.999,-1.999,0.540,-286.685,45.561,285.906,Shake
-1.999,-1.999,-0.707,-209.151,-20.230,163.634,Shake
-1.999,-1.999,-1.014,114.957,-144.821,-141.855,Shake
-1.997,-1.825,-0.531,195.212,-101.614,-286.685,Shake
-0.762,0.211,-0.132,164.736,-92.155,-286.685,Shake
0.753,1.939,-0.092,191.555,-46.506,-286.685,Shake
1.688,1.997,0.744,134.960,44.975,-166.390,Shake
1.958,1.997,1.423,-14.324,96.442,46.322,Shake
0.903,1.997,0.644,-121.651,111.064,282.170,Shake
-0.800,0.600,0.934,-155.776,141.251,286.685,Shake
-1.858,-0.575,0.960,-233.170,106.706,286.685,Shake
-1.999,-1.999,0.254,-286.151,75.740,286.554,Shake
-1.999,-1.999,-0.319,-119.131,-22.969,156.940,Shake
-1.999,-1.999,-0.638,117.232,-153.851,-129.526,Shake
-1.960,-1.706,-0.438,125.125,-141.452,-286.685,Shake
-0.913,0.243,-0.195,91.980,-129.001,-286.685,Shake
0.126,1.584,-0.273,172.191,-92.706,-286.685,Shake
1.783,1.997,0.428,154.245,-15.243,-237.090,Shake
1.977,1.997,1.042,17.911,82.154,40.373,Shake
0.799,1.977,0.331,-81.909,118.606,279.046,Shake
-0.261,0.948,0.632,-93.441,146.309,286.685,Shake
-1.707,-0.830,1.035,-163.301,127.890,286.685,Shake
-1.999,-1.999,0.508,-248.080,115.552,283.938,Shake
-1.999,-1.999,0.039,-68.994,28.333,131.679,Shake
-1.999,-1.999,-0.326,101.605,-72.056,-114.257,Shake
-1.999,-1.921,-0.081,102.567,-62.002,-286.589,Shake
-1.743,-0.796,0.242,125.738,-96.845,-286.685,Shake
-0.764,0.616,0.120,208.670,-145.434,-286.685,Shake
1.209,1.997,0.189,216.387,-97.046,-286.685,Shake
1.997,1.997,0.987,-7.298,48.151,-85.033,Shake
1.478,1.997,0.643,-143.902,105.814,232.102,Shake
0.308,1.479,0.835,-134.881,123.314,286.685,Shake
-1.320,-0.263,0.987,-163.686,80.850,286.685,Shake
-1.999,-1.999,0.350,-249.646,72.853,286.676,Shake
-1.999,-1.999,-0.277,-150.115,15.234,169.190,Shake
-1.999,-1.999,-0.833,87.859,-98.009,-77.131,Shake
-1.999,-1.999,-0.604,134.803,-91.893,-258.003,Shake
-1.718,-0.780,-0.217,140.158,-66.973,-286.685,Shake
-0.321,0.724,-0.235,214.191,-98.971,-286.685,Shake
1.124,1.997,0.573,156.712,-10.990,-280.367,Shake
1.857,1.997,1.750,-30.327,45.701,-101.316,Shake
1.983,1.997,1.298,-45.728,28.560,109.147,Shake
0.778,1.877,0.479,-29.767,71.776,286.685,Shake
-0.903,0.490,0.539,-105.507,124.819,286.685,Shake
-1.999,-1.723,0.837,-254.345,146.178,286.685,Shake
-1.999,-1.999,0.389,-164.098,5.057,267.934,Shake
-1.999,-1.999,-0.453,23.529,-104.387,139.729,Shake
-1.999,-1.999,-0.319,159.250,-114.993,-126.114,Shake
-1.999,-1.626,-0.020,99.234,-88.988,-286.685,Shake
-1.160,0.212,0.308,145.565,-110.504,-286.685,Shake
0.268,1.982,0.492,193.261,-130.673,-286.685,Shake
1.580,1.997,0.987,114.957,-31.456,-186.594,Shake
1.997,1.997,0.918,-23.319,-13.536,31.806,Shake
1.472,1.997,-0.204,-79.284,72.310,284.865,Shake
-0.354,0.732,0.281,-116.497,167.003,286.685,Shake
-1.899,-0.555,0.588,-215.329,188.746,286.685,Shake
-1.999,-1.999,0.296,-285.749,133.875,286.353,Shake
-1.999,-1.999,-0.503,-32.778,-26.504,127.785,Shake
-1.999,-1.999,-0.450,156.301,-94.955,-138.915,Shake
-1.955,-1.384,-0.051,108.736,-50.260,-286.685,Shake
-0.978,0.311,0.163,140.761,-67.812,-286.685,Shake
-0.023,1.502,0.306,191.152,-49.735,-281.435,Shake
1.347,1.997,1.519,118.204,11.856,-247.249,Shake
1.997,1.997,1.497,-55.764,45.316,-5.390,Shake
1.200,1.867,0.630,-105.490,59.964,262.929,Shake
0.292,0.885,0.601,-116.603,79.494,286.685,Shake
-1.555,-0.615,0.661,-171.062,98.805,286.685,Shake
-1.999,-1.999,0.440,-243.320,75.302,262.413,Shake
-1.999,-1.999,-0.253,-63.481,-27.326,95.393,Shake
-1.999,-1.999,-0.313,102.357,-88.830,-122.789,Shake
-1.999,-1.999,-0.209,122.570,-91.455,-286.685,Shake
-1.271,-0.372,-0.156,116.603,-113.452,-286.685,Shake
0.326,0.999,-0.296,164.307,-102.865,-285.443,Shake
1.792,1.997,0.238,113.802,11.568,-217.061,Shake
1.997,1.997,1.785,-61.005,122.824,-19.915,Shake
1.031,1.997,1.266,-68.495,72.879,274.199,Shake
-0.069,1.098,1.034,-46.384,71.776,286.685,Shake
-1.900,-0.608,1.105,-169.041,96.679,286.685,Shake
-1.999,-1.999,0.797,-268.896,86.319,249.314,Shake
-1.999,-1.999,0.211,-109.086,-49.394,56.368,Shake
-1.999,-1.999,-0.324,31.089,-144.646,-55.746,Shake
-1.999,-1.999,-0.596,125.589,-151.174,-241.098,Shake
-1.296,-0.658,-0.559,99.111,-130.900,-286.685,Shake
0.062,0.822,-0.609,138.416,-89.311,-286.685,Shake
1.913,1.997,-0.612,129.675,-14.096,-257.617,Shake
1.997,1.997,0.451,75.469,114.546,-121.012,Shake
1.550,1.997,1.271,-69.230,183.916,193.156,Shake
-0.305,1.551,1.457,-94.246,145.766,286.685,Shake
-1.999,-0.745,1.323,-205.756,117.355,286.685,Shake
-1.999,-1.999,0.851,-278.084,72.424,268.721,Shake
-1.999,-1.999,0.088,-152.408,-23.581,161.989,Shake
-1.999,-1.999,-0.423,104.781,-145.372,-81.270,Shake
-1.999,-1.998,-0.340,117.889,-138.460,-286.685,Shake
-1.767,-0.053,-0.108,72.686,-118.904,-286.685,Shake
-0.627,1.331,0.006,122.588,-102.926,-286.685,Shake
1.848,1.997,0.346,135.319,-64.076,-286.501,Shake
1.997,1.997,0.745,74.594,-2.389,-126.140,Shake
1.954,1.997,0.035,-98.420,116.025,251.860,Shake
-0.272,1.519,0.539,-159.644,210.516,286.685,Shake
-1.999,-0.345,0.938,-241.938,164.255,286.685,Shake
-1.999,-1.989,0.667,-286.598,92.076,286.685,Shake
-1.999,-1.999,0.054,-202.982,36.120,242.664,Shake
-1.999,-1.999,-0.619,83.020,-143.981,-18.629,Shake
-1.999,-1.999,-0.711,175.236,-157.780,-282.021,Shake
-1.651,-0.415,-0.203,84.674,-106.698,-286.685,Shake
-0.608,1.501,-0.177,161.980,-117.276,-286.685,Shake
1.618,1.997,-0.130,216.423,-99.391,-286.326,Shake
1.997,1.997,0.894,70.271,82.889,-58.240,Shake
1.618,1.997,1.192,-135.651,157.351,247.389,Shake
-0.503,1.395,0.960,-157.859,129.675,286.685,Shake
-1.919,-0.198,0.976,-212.572,113.942,286.685,Shake
-1.999,-1.999,0.337,-267.505,59.972,286.685,Shake
-1.999,-1.999,-0.565,-68.504,-65.616,161.367,Shake
-1.999,-1.999,-0.695,159.714,-158.699,-118.317,Shake
-1.999,-1.903,-0.314,132.554,-106.610,-286.685,Shake
-1.642,0.040,0.119,90.449,-112.717,-286.685,Shake
-0.789,1.205,0.123,170.476,-131.994,-286.685,Shake
1.090,1.997,0.408,211.461,-80.684,-286.685,Shake
1.997,1.997,0.734,91.175,17.421,-96.906,Shake
1.899,1.997,0.218,-74.384,93.424,214.629,Shake
0.837,1.950,0.380,-137.725,141.435,286.685,Shake
-0.911,0.334,0.322,-145.303,147.691,286.685,Shake
-1.999,-1.547,0.472,-268.354,196.796,286.685,Shake
-1.999,-1.999,0.319,-240.485,102.007,280.717,Shake
-1.999,-1.999,-0.614,103.372,-144.384,71.855,Shake
-1.999,-1.999,-0.310,251.764,-186.305,-263.541,Shake
-1.848,-0.904,0.006,151.296,-122.448,-286.685,Shake
-0.768,1.016,0.861,120.978,-106.689,-286.685,Shake
0.885,1.997,0.757,111.519,-114.590,-286.685,Shake
1.997,1.997,0.743,84.061,-52.097,-86.275,Shake
1.967,1.997,-0.203,-60.673,66.868,207.419,Shake
0.860,1.997,-0.016,-152.985,195.361,286.379,Shake
-1.187,1.106,0.663,-243.495,221.244,286.685,Shake
-1.999,-1.668,0.424,-286.685,142.258,286.685,Shake
-1.999,-1.999,-0.328,-238.875,39.340,280.306,Shake
-1.999,-1.999,-0.907,74.104,-118.414,20.878,Shake
-1.999,-1.999,-0.959,145.994,-120.505,-216.860,Shake
-1.999,-1.496,-0.209,61.941,-28.735,-286.685,Shake
-1.599,0.406,0.305,148.102,-67.882,-286.685,Shake
-0.088,1.983,0.444,261.144,-128.389,-286.685,Shake
1.813,1.997,1.361,156.940,-33.189,-242.016,Shake
1.997,1.997,1.205,28.691,24.124,109.270,Shake
1.708,1.997,0.423,-126.446,60.821,245.875,Shake
0.326,1.338,-0.053,-143.027,86.695,286.685,Shake
-1.371,-0.061,0.112,-180.880,133.884,286.685,Shake
-1.999,-1.999,-0.119,-282.616,141.925,286.685,Shake
-1.999,-1.999,-0.329,-216.458,97.169,280.315,Shake
-1.999,-1.999,-0.280,30.844,-24.202,18.690,Shake
-1.999,-1.999,-0.412,166.512,-147.140,-283.325,Shake
-1.999,-1.122,-0.118,127.610,-117.959,-286.685,Shake
-1.675,0.390,-0.228,214.008,-157.509,-286.685,Shake
0.483,1.997,-0.601,286.685,-191.336,-286.685,Shake
1.876,1.997,-0.160,259.446,-12.600,-197.995,Shake
1.997,1.997,-0.277,18.471,83.344,108.465,Shake
0.618,1.997,-0.214,-245.166,237.571,286.685,Shake
-1.272,1.138,0.544,-250.425,222.880,286.685,Shake
-1.999,-0.575,0.820,-286.598,186.288,286.685,Shake
-1.999,-1.999,0.637,-286.685,149.879,286.685,Shake
-1.999,-1.999,-0.132,-218.242,11.498,169.339,Shake
-1.999,-1.999,-0.983,135.704,-196.770,-104.221,Shake
-1.999,-1.999,-0.837,208.285,-172.673,-286.685,Shake
-1.296,0.002,-0.463,173.635,-94.754,-286.685,Shake
0.449,1.933,-0.596,173.688,-92.575,-286.685,Shake
1.798,1.997,0.052,87.894,75.022,-253.531,Shake
1.984,1.997,1.835,-26.215,149.686,5.311,Shake
0.994,1.997,1.019,-151.165,81.533,285.661,Shake
-0.535,1.751,0.491,-165.393,62.632,286.685,Shake
-1.873,0.601,0.368,-272.326,121.310,286.685,Shake
-1.999,-1.998,-0.434,-286.685,137.734,286.685,Shake
-1.999,-1.999,-1.047,-215.145,70.280,276.745,Shake
-1.999,-1.999,-1.784,249.760,-213.911,-38.588,Shake
-1.999,-1.999,-0.669,232.628,-94.929,-286.685,Shake
-1.999,-0.539,0.345,93.660,-43.732,-286.685,Shake
-1.974,0.491,0.966,128.765,-100.284,-286.685,Shake
-0.086,1.997,1.153,198.660,-139.300,-286.685,Shake
1.997,1.997,1.571,145.311,-107.249,-105.332,Shake
1.997,1.997,-0.519,-111.939,-44.144,233.109,Shake
0.653,1.997,-0.468,-159.145,154.604,286.685,Shake
-0.947,1.358,0.001,-186.375,176.514,286.685,Shake
-1.999,-1.108,-0.030,-243.609,176.855,286.685,Shake
-1.999,-1.999,-0.250,-272.825,112.569,286.685,Shake
-1.999,-1.999,-0.946,-59.185,9.257,193.279,Shake
-1.999,-1.999,-0.517,105.271,-44.424,-193.751,Shake
-1.999,-1.999,-0.172,50.347,-88.611,-286.685,Shake
-1.999,-0.476,0.197,41.930,-78.838,-286.685,Shake
-1.196,1.845,0.186,184.564,-147.753,-286.685,Shake
1.538,1.997,0.316,254.712,-79.660,-286.239,Shake
1.997,1.997,0.584,68.959,10.675,-56.026,Shake
1.997,1.997,0.214,-124.626,127.164,257.941,Shake
0.615,1.997,0.160,-160.694,186.848,286.685,Shake
-1.398,1.206,0.293,-246.872,186.384,286.685,Shake
-1.999,-1.598,-0.300,-286.685,188.904,286.685,Shake
-1.999,-1.999,-0.546,-268.756,128.327,286.685,Shake
-1.999,-1.999,-1.122,-77.980,-5.609,103.959,Shake
-1.999,-1.999,-0.825,183.348,-100.476,-184.327,Shake
-1.999,-1.458,0.224,88.926,-63.271,-286.685,Shake
-1.999,0.254,0.824,45.071,-127.575,-286.685,Shake
-1.112,1.922,0.581,212.643,-256.725,-286.685,Shake
0.699,1.997,-0.058,285.801,-286.580,-286.685,Shake
1.997,1.997,-0.743,98.936,-117.976,-170.170,Shake
1.997,1.997,-1.264,-136.535,95.629,182.175,Shake
0.756,1.986,-0.998,-144.839,209.869,286.685,Shake
-0.530,1.083,-0.348,-96.740,216.589,286.685,Shake
-1.999,0.080,0.095,-100.485,204.173,286.685,Shake
-1.999,-1.999,0.298,-195.379,169.164,286.685,Shake
-1.999,-1.999,0.179,-102.865,67.209,241.981,Shake
-1.999,-1.999,-0.301,91.341,-98.823,-119.814,Shake
-1.999,-1.999,0.448,97.125,-67.970,-286.685,Shake
-1.999,-1.222,1.017,85.190,-101.832,-286.685,Shake
-1.934,-0.017,0.568,115.649,-219.826,-286.685,Shake
-0.377,1.878,-0.075,128.678,-217.814,-286.685,Shake
1.568,1.997,-0.671,55.624,-147.376,-286.685,Shake
1.997,1.997,-1.114,53.611,-85.365,-33.232,Shake
1.997,1.997,-1.677,22.855,21.394,210.271,Shake
0.724,1.997,-1.417,-104.046,269.701,286.685,Shake
-1.454,1.140,-0.343,-142.223,286.685,286.685,Shake
-1.999,-1.374,0.748,-205.905,265.221,286.685,Shake
-1.999,-1.999,0.638,-192.789,119.166,286.116,Shake
-1.999,-1.999,0.299,-61.696,-0.420,35.481,Shake
-1.999,-1.999,0.010,106.811,-137.034,-202.913,Shake
-1.999,-1.836,0.930,137.200,-158.086,-286.685,Shake
-1.999,-0.598,0.746,31.281,-286.475,-286.685,Shake
-1.228,1.869,-0.414,121.993,-286.685,-286.685,Shake
1.620,1.997,-0.789,107.669,-268.590,-286.685,Shake
1.997,1.997,-1.755,-34.597,-117.941,-94.412,Shake
1.997,1.997,-1.997,-21.595,22.706,130.515,Shake
1.288,1.997,-1.786,-31.806,247.555,286.685,Shake
-0.516,1.671,-0.404,-28.306,286.685,286.685,Shake
-1.534,1.230,0.092,-88.139,286.685,286.685,Shake
-1.999,-0.508,0.969,-185.141,284.436,286.685,Shake
-1.999,-1.999,1.375,-211.619,111.519,286.685,Shake
-1.999,-1.999,0.078,-9.266,-129.316,30.879,Shake
-1.999,-1.999,0.236,98.192,-165.121,-273.280,Shake
-1.999,-1.685,0.750,45.255,-172.760,-286.685,Shake
-1.999,-0.618,0.818,50.557,-230.029,-286.685,Shake
-1.796,0.467,-0.011,68.294,-286.676,-286.685,Shake
0.044,1.997,-0.317,52.955,-260.181,-286.685,Shake
1.997,1.997,-1.997,-31.019,-217.735,-230.527,Shake
1.997,1.997,-1.995,-0.245,93.441,162.724,Shake
1.815,1.997,-1.563,-80.001,242.261,286.685,Shake
-0.110,1.984,-0.520,-36.645,286.676,286.685,Shake
-1.969,0.674,0.223,-98.787,286.685,286.685,Shake
-1.999,-1.776,0.907,-199.220,244.991,286.685,Shake
-1.999,-1.999,0.401,-117.469,80.132,284.550,Shake
-1.999,-1.999,0.233,23.048,-26.583,91.219,Shake
-1.999,-1.999,0.364,157.465,-118.510,-265.492,Shake
-1.999,-1.626,1.326,124.478,-178.150,-286.685,Shake
-1.999,0.367,0.641,50.680,-286.685,-286.685,Shake
-0.302,1.997,-0.044,78.452,-286.685,-286.685,Shake
1.509,1.997,-1.090,-10.483,-229.574,-272.169,Shake
1.997,1.997,-1.997,-58.896,-56.989,-81.401,Shake
1.995,1.997,-1.997,-21.009,138.136,201.154,Shake
0.645,1.997,-1.458,-23.677,269.964,286.685,Shake
-1.102,1.997,-0.140,0.105,286.685,286.685,Shake
-1.999,1.269,0.777,-2.284,262.334,286.685,Shake
-1.999,-1.845,1.197,-210.420,219.100,286.685,Shake
-1.999,-1.999,0.351,-162.908,77.236,262.815,Shake
-1.999,-1.999,-0.306,116.699,-101.141,-51.634,Shake
-1.999,-1.999,0.807,114.109,-39.909,-283.946,Shake
-1.999,-1.971,1.490,48.825,-56.044,-286.685,Shake
-1.999,-0.218,1.361,50.496,-197.277,-286.685,Shake
-1.257,1.184,0.704,102.130,-284.112,-286.685,Shake
0.585,1.997,-0.592,-37.153,-245.420,-286.685,Shake
1.997,1.997,-1.839,-91.306,-145.154,-192.474,Shake
1.997,1.997,-1.997,34.099,-46.655,141.041,Shake
1.885,1.997,-1.997,29.689,127.286,279.125,Shake
-0.305,1.997,-1.389,1.365,286.685,286.685,Shake
-1.995,1.463,0.364,34.545,282.660,286.685,Shake
-1.999,-0.693,1.119,-60.882,242.708,286.685,Shake
-1.999,-1.999,1.486,-178.342,205.607,286.685,Shake
-1.999,-1.999,0.665,-160.501,93.118,249.034,Shake
-1.999,-1.999,0.016,63.560,-88.183,-107.012,Shake
-1.999,-1.999,0.085,90.177,-104.939,-286.685,Shake
-1.999,-0.838,0.592,63.350,-126.849,-286.685,Shake
-1.999,-0.140,0.545,106.444,-202.860,-286.685,Shake
-1.419,1.582,0.041,109.611,-228.261,-286.685,Shake
0.804,1.997,-0.677,55.318,-242.909,-286.685,Shake
1.997,1.997,-1.731,-48.685,-107.669,-145.408,Shake
1.997,1.997,-1.997,0.884,36.654,162.102,Shake
1.508,1.997,-1.593,29.575,188.676,286.685,Shake
-0.275,1.997,-0.870,33.845,263.384,286.685,Shake
-1.993,0.800,0.701,-29.409,286.685,286.685,Shake
-1.999,-1.679,1.137,-206.238,253.785,286.685,Shake
-1.999,-1.999,0.411,-176.689,81.270,285.443,Shake
-1.999,-1.999,-0.110,-15.094,-9.774,154.744,Shake
-1.999,-1.999,-0.111,163.196,-92.750,-166.819,Shake
-1.999,-1.981,0.373,139.764,-105.306,-286.685,Shake
-1.999,-0.695,0.533,91.726,-178.955,-286.685,Shake
-1.215,1.264,0.046,112.324,-249.375,-286.685,Shake
0.873,1.997,-0.442,166.372,-223.352,-286.685,Shake
1.981,1.997,-1.087,46.086,-115.728,-164.745,Shake
1.997,1.997,-1.289,-0.507,-24.964,30.441,Shake
1.414,1.997,-1.342,-16.292,116.874,282.783,Shake
-0.093,1.397,-0.601,-17.185,226.450,286.685,Shake
-1.323,0.845,-0.073,-35.394,266.254,286.685,Shake
-1.999,-0.836,0.740,-127.995,251.615,286.685,Shake
-1.999,-1.999,0.626,-218.312,176.575,286.685,Shake
-1.999,-1.999,-0.120,-19.950,3.631,182.613,Shake
-1.999,-1.999,-0.043,190.969,-71.461,-133.525,Shake
-1.999,-1.968,0.715,151.821,-60.751,-286.685,Shake
-1.999,-1.087,0.971,112.140,-115.264,-286.685,Shake
-1.908,0.039,0.519,121.651,-245.639,-286.685,Shake
-0.478,1.957,-0.162,192.622,-258.090,-286.685,Shake
1.997,1.997,-0.846,49.490,-167.624,-275.677,Shake
1.997,1.997,-1.278,-33.941,44.713,129.553,Shake
1.857,1.997,-1.102,-119.647,191.083,286.536,Shake
0.102,1.767,-0.343,-96.670,237.247,286.685,Shake
-1.715,0.710,0.204,-95.463,211.872,286.685,Shake
-1.999,-1.877,0.213,-227.509,221.200,286.685,Shake
-1.999,-1.999,-0.006,-193.139,101.378,274.321,Shake
-1.999,-1.999,-0.562,90.274,-79.126,7.499,Shake
-1.999,-1.999,-0.361,193.454,-94.745,-194.574,Shake
-1.999,-1.648,0.595,160.694,-70.647,-286.685,Shake
-1.966,-0.531,0.564,119.779,-196.875,-286.685,Shake
-1.300,0.601,0.307,205.940,-239.706,-286.685,Shake
0.117,1.997,0.127,186.340,-234.447,-286.685,Shake
1.651,1.997,-0.355,31.159,-174.081,-246.592,Shake
1.997,1.997,-1.200,-100.223,-10.001,-7.577,Shake
1.553,1.997,-1.002,-60.252,167.519,279.388,Shake
0.007,1.723,-0.211,-47.845,231.350,286.685,Shake
-0.899,1.185,-0.064,-61.574,241.430,286.685,Shake
-1.999,-0.395,0.385,-156.039,278.862,286.685,Shake
-1.999,-1.999,0.309,-285.311,249.016,286.685,Shake
-1.999,-1.999,0.024,-125.501,47.381,183.129,Shake
-1.999,-1.999,-0.508,160.335,-136.780,-45.491,Shake
-1.999,-1.999,-0.034,185.596,-114.371,-279.650,Shake
-1.999,-1.530,0.369,142.625,-116.839,-286.685,Shake
-1.917,-0.091,0.074,119.989,-189.919,-286.685,Shake
-0.502,1.753,-0.030,194.408,-167.283,-286.685,Shake
1.790,1.997,-0.498,108.168,-162.540,-286.388,Shake
1.997,1.997,-0.815,-4.559,51.984,16.249,Shake
1.299,1.997,-0.002,-47.154,164.045,284.926,Shake
0.264,1.868,0.376,-74.637,171.946,286.685,Shake
-1.509,0.696,0.751,-128.336,180.609,286.685,Shake
-1.999,-1.565,0.726,-284.804,221.235,286.685,Shake
-1.999,-1.999,0.063,-284.034,98.770,277.611,Shake
-1.999,-1.999,-0.599,-118.213,-115.395,48.353,Shake
-1.999,-1.999,-0.956,187.635,-189.455,-138.119,Shake
-1.999,-1.770,-0.317,175.577,-108.290,-286.685,Shake
-1.848,-0.190,0.122,114.537,-127.531,-286.685,Shake
-0.877,0.994,0.144,193.445,-153.633,-286.685,Shake
0.977,1.997,-0.034,212.765,-154.385,-286.685,Shake
1.997,1.997,-0.045,122.465,-30.573,-110.128,Shake
1.997,1.997,-0.318,-33.145,51.292,103.092,Shake
0.560,1.981,-0.229,-175.866,198.879,286.685,Shake
-1.431,0.197,0.124,-206.369,210.805,286.685,Shake
-1.999,-1.999,0.209,-259.140,183.496,286.685,Shake
-1.999,-1.999,-0.111,-188.186,67.664,261.284,Shake
-1.999,-1.999,-0.695,3.561,-18.743,85.645,Shake
-1.999,-1.999,-0.444,168.333,-74.375,-180.845,Shake
-1.855,-1.272,0.357,166.906,-58.021,-286.685,Shake
-0.974,0.184,0.408,184.678,-137.751,-286.685,Shake
-0.116,1.581,0.616,196.254,-104.571,-283.570,Shake
0.549,1.997,1.125,47.022,-31.413,-225.190,Shake
1.450,1.997,1.255,-51.993,-23.625,-155.540,Shake
1.871,1.997,0.697,-85.103,-73.080,56.577,Shake
1.182,1.877,-0.360,-42.963,-43.094,284.874,Shake
-0.573,0.328,-0.351,-115.771,128.109,286.685,Shake
-1.929,-1.047,-0.124,-249.454,220.342,286.685,Shake
-1.999,-1.999,-0.174,-286.685,185.491,286.685,Shake
-1.999,-1.999,-0.577,-75.049,13.405,146.746,Shake
-1.999,-1.999,-0.752,191.739,-121.012,-103.285,Shake
-1.999,-1.770,-0.095,182.350,-62.388,-286.659,Shake
-1.540,-0.452,0.356,105.700,-87.570,-286.685,Shake
-0.750,0.668,0.441,147.788,-137.742,-286.685,Shake
0.737,1.997,0.486,182.140,-126.534,-286.685,Shake
1.997,1.997,0.590,65.161,-39.261,-126.901,Shake
1.847,1.997,0.645,-56.577,72.573,146.904,Shake
0.708,1.638,0.086,-101.351,67.874,286.344,Shake
-0.404,0.848,0.357,-107.257,122.334,286.685,Shake
-1.848,-0.440,0.468,-246.260,165.480,286.685,Shake
-1.999,-1.999,0.097,-286.685,147.280,286.685,Shake
-1.999,-1.999,-0.470,-161.857,7.411,193.314,Shake
-1.999,-1.999,-1.151,140.621,-170.109,-12.609,Shake
-1.999,-1.999,-0.995,209.667,-127.435,-145.381,Shake
-1.849,-1.553,-0.080,103.486,-6.449,-283.605,Shake
-1.452,-0.393,0.232,47.320,-33.425,-286.685,Shake
-0.580,1.072,0.856,128.432,-42.516,-286.685,Shake
1.123,1.997,1.443,143.850,-72.336,-283.290,Shake
1.962,1.997,1.312,65.783,-64.601,-137.944,Shake
1.817,1.997,0.748,-33.381,-35.621,163.012,Shake
0.525,1.013,0.309,-86.686,9.800,286.685,Shake
-1.200,-0.254,0.432,-174.274,79.039,286.685,Shake
-1.999,-1.249,0.201,-239.706,93.048,286.685,Shake
-1.999,-1.999,-0.284,-199.342,37.581,285.994,Shake
-1.999,-1.999,-0.922,44.179,-93.607,124.399,Shake
-1.999,-1.999,-0.546,134.251,-62.037,-135.966,Shake
-1.999,-1.614,0.110,59.386,-5.994,-286.685,Shake
-1.929,-0.739,0.409,65.923,-44.091,-286.685,Shake
-1.285,0.166,0.376,180.696,-141.969,-286.685,Shake
0.191,1.749,0.380,242.533,-152.994,-286.685,Shake
1.990,1.997,0.462,102.690,-89.591,-247.765,Shake
1.997,1.997,0.554,-74.690,55.886,62.991,Shake
1.526,1.957,0.428,-114.065,69.125,218.610,Shake
0.091,0.538,0.267,-112.009,122.771,286.685,Shake
-1.468,-0.902,0.360,-217.306,170.940,286.685,Shake
-1.999,-1.999,0.064,-250.119,139.773,286.247,Shake
-1.999,-1.999,-0.170,-102.533,43.803,155.837,Shake
-1.999,-1.999,-0.469,24.666,-33.320,20.116,Shake
-1.999,-1.999,-0.370,122.229,-67.296,-171.789,Shake
-1.430,-1.159,0.008,142.651,-63.726,-286.309,Shake
-0.548,0.118,0.082,160.641,-104.353,-286.685,Shake
0.983,1.696,0.144,160.886,-81.839,-284.051,Shake
1.944,1.997,0.375,91.613,-28.035,-189.866,Shake
1.897,1.997,1.243,-20.344,77.831,61.303,Shake
0.889,1.855,0.863,-61.626,52.106,273.490,Shake
-0.755,0.008,0.631,-112.770,90.921,286.685,Shake
-1.846,-1.306,0.538,-165.156,101.973,286.685,Shake
-1.999,-1.999,0.094,-181.484,46.314,263.839,Shake
-1.999,-1.999,-0.501,-55.361,-15.453,124.924,Shake
-1.999,-1.999,-0.201,69.982,-20.956,-99.899,Shake
-1.999,-1.886,0.228,92.864,-61.486,-285.880,Shake
-1.854,-0.974,0.429,115.141,-100.266,-286.685,Shake
-0.874,0.235,0.399,161.018,-138.932,-286.685,Shake
0.364,1.553,0.471,125.974,-113.855,-286.685,Shake
1.906,1.997,0.403,33.162,-46.778,-238.691,Shake
1.997,1.997,-0.004,6.073,0.814,53.987,Shake
1.864,1.997,-0.485,-22.024,59.894,230.405,Shake
0.006,1.318,0.099,-93.485,205.398,286.685,Shake
-1.918,-0.194,0.811,-191.747,206.771,286.685,Shake
-1.999,-1.999,0.366,-231.044,113.829,286.685,Shake
-1.999,-1.999,-0.270,-109.777,22.934,226.117,Shake
-1.999,-1.999,-0.280,79.634,-58.301,-15.549,Shake
-1.999,-1.999,-0.229,124.740,-67.253,-166.469,Shake
-1.812,-1.379,0.367,118.344,-50.391,-286.685,Shake
-1.270,-0.263,0.336,136.167,-131.959,-286.685,Shake
-0.375,0.941,0.389,189.910,-140.411,-286.685,Shake
0.653,1.987,0.719,108.999,-111.125,-263.314,Shake
1.674,1.997,0.503,-37.581,-94.272,-246.768,Shake
1.997,1.997,-0.373,-79.100,-7.866,5.950,Shake
1.157,1.913,-0.072,-16.004,104.466,286.055,Shake
-0.628,0.489,0.458,-87.115,133.971,286.685,Shake
-1.813,-0.742,0.593,-153.466,132.125,286.685,Shake
-1.999,-1.999,0.340,-188.440,80.439,286.685,Shake
-1.999,-1.999,0.033,-95.191,28.263,180.180,Shake
-1.999,-1.999,0.020,31.850,-27.204,-55.379,Shake
-1.999,-1.999,0.210,75.810,-46.690,-249.174,Shake
-1.706,-1.315,0.482,110.355,-71.768,-286.685,Shake
-1.131,-0.218,0.339,157.010,-155.969,-286.685,Shake
0.031,1.300,0.179,189.262,-151.480,-286.685,Shake
1.904,1.997,-0.054,51.748,-90.247,-257.416,Shake
1.997,1.997,-0.129,-21.385,36.041,2.179,Shake
1.825,1.997,0.110,-21.350,87.159,176.732,Shake
0.322,1.423,0.355,-47.906,115.448,286.685,Shake
-1.519,-0.154,0.742,-134.312,151.637,286.685,Shake
-1.999,-1.999,0.768,-253.505,137.253,286.685,Shake
-1.999,-1.999,0.408,-180.005,48.571,195.011,Shake
-1.999,-1.999,-0.012,-39.139,-35.735,68.014,Shake
-1.999,-1.999,-0.084,109.410,-97.571,-134.514,Shake
-1.901,-1.647,0.199,138.583,-116.471,-285.513,Shake
-1.297,-0.339,0.354,115.325,-138.836,-286.685,Shake
-0.328,0.760,0.454,154.262,-156.292,-286.685,Shake
0.329,1.183,0.338,122.342,-124.040,-286.606,Shake
1.470,1.964,0.182,11.104,-83.379,-261.371,Shake
1.997,1.997,-0.461,-70.595,-55.965,-99.820,Shake
1.815,1.997,-0.582,-76.965,147.201,229.880,Shake
0.198,1.997,0.173,-137.909,236.880,286.685,Shake
-1.895,0.513,0.704,-126.324,180.346,286.685,Shake
-1.999,-1.995,-0.016,-152.303,105.586,286.685,Shake
-1.999,-1.999,-0.311,-163.056,86.774,284.961,Shake
-1.999,-1.999,-0.869,-24.552,38.509,23.730,Shake
-1.999,-1.999,-0.383,81.086,23.564,-283.133,Shake
-1.999,-1.359,0.136,172.139,-49.271,-286.685,Shake
-1.679,0.247,0.426,213.780,-96.416,-286.685,Shake
-0.211,1.981,0.810,164.421,-99.671,-286.685,Shake
1.297,1.997,1.188,-69.300,8.837,-286.685,Shake
1.991,1.997,1.555,-133.367,39.296,-211.085,Shake
1.997,1.997,0.369,-65.476,-8.864,155.899,Shake
0.477,1.982,-0.003,-176.208,132.458,286.685,Shake
-1.636,0.358,-0.094,-261.520,105.088,286.685,Shake
-1.999,-1.238,-0.572,-280.656,56.201,286.685,Shake
-1.999,-1.999,-1.789,-265.615,15.286,286.685,Shake
-1.999,-1.999,-1.975,-33.644,-11.760,105.936,Shake
-1.999,-1.999,-1.561,164.946,-55.764,-207.034,Shake
-1.999,-1.012,-0.473,209.449,-24.649,-286.685,Shake
-1.216,0.779,0.634,263.568,-59.728,-286.685,Shake
-0.277,1.857,1.055,222.259,-84.324,-286.685,Shake
1.769,1.997,1.346,82.128,-51.748,-252.805,Shake
1.997,1.997,1.088,-95.174,26.880,23.546,Shake
1.198,1.997,0.368,-125.948,31.071,279.081,Shake
-0.079,1.508,0.187,-121.109,32.664,286.685,Shake
-1.962,-0.415,-0.212,-196.796,58.572,286.685,Shake
-1.999,-1.999,-1.122,-286.685,97.948,286.685,Shake
-1.999,-1.999,-1.626,-126.324,22.391,153.755,Shake
-1.999,-1.999,-1.994,171.491,-100.363,-130.533,Shake
-1.999,-1.900,-0.980,168.009,22.365,-286.685,Shake
-1.917,-0.182,0.019,165.471,18.970,-286.685,Shake
-1.054,0.479,0.393,255.491,-38.649,-286.685,Shake
0.308,1.997,0.804,268.371,-88.567,-286.685,Shake
1.953,1.997,1.269,40.932,16.109,-194.276,Shake
1.953,1.997,1.506,-94.019,40.609,132.921,Shake
1.121,1.997,0.699,-98.061,0.490,274.846,Shake
-0.476,1.237,0.411,-79.345,25.165,286.685,Shake
-1.999,-0.811,-0.010,-211.365,60.410,286.685,Shake
-1.999,-1.999,-0.812,-285.381,63.612,286.685,Shake
-1.999,-1.999,-1.598,-68.469,-24.185,119.639,Shake
-1.999,-1.999,-1.770,87.736,-65.082,-65.573,Shake
-1.999,-1.999,-1.436,99.785,38.159,-286.475,Shake
-1.821,-0.689,-0.391,56.044,137.384,-286.685,Shake
-0.919,0.483,0.493,162.251,110.530,-286.685,Shake
-0.470,1.279,1.219,188.842,58.949,-274.216,Shake
0.821,1.997,1.999,123.567,47.915,-213.465,Shake
1.462,1.997,1.999,-22.654,17.824,23.205,Shake
0.708,1.997,1.379,-88.856,-58.739,273.315,Shake
-0.323,1.311,0.789,-82.092,-56.516,286.685,Shake
-1.990,-0.887,0.331,-134.024,-64.094,286.685,Shake
-1.999,-1.999,-0.395,-119.429,-97.632,286.685,Shake
-1.999,-1.999,-1.431,17.990,-167.799,194.565,Shake
-1.999,-1.999,-1.325,126.971,-75.425,-33.565,Shake
-1.999,-1.999,-0.596,105.044,-2.800,-284.874,Shake
-1.466,-0.155,-0.123,146.711,-6.099,-286.685,Shake
-0.583,0.462,0.092,216.169,-32.769,-286.685,Shake
0.438,1.782,0.839,202.247,-24.395,-285.574,Shake
1.917,1.997,1.142,94.238,-7.210,-198.406,Shake
1.991,1.997,1.066,-70.070,71.925,102.734,Shake
1.268,1.997,0.414,-123.506,67.603,286.685,Shake
-0.397,1.328,0.323,-65.074,101.911,286.685,Shake
-1.999,-0.138,0.211,-136.001,97.781,286.685,Shake
-1.999,-1.999,-0.027,-272.379,99.120,286.685,Shake
-1.999,-1.999,-0.451,-151.848,33.075,182.455,Shake
-1.999,-1.999,-0.618,35.420,-65.406,-71.024,Shake
-1.999,-1.999,-0.727,146.685,-112.306,-286.685,Shake
-1.992,0.136,0.061,125.186,-80.369,-286.685,Shake
-0.865,1.205,0.178,189.219,-131.110,-286.685,Shake
0.926,1.997,0.403,131.591,-91.429,-286.685,Shake
1.984,1.997,0.845,26.407,0.096,-251.860,Shake
1.997,1.997,0.706,-83.125,38.509,99.277,Shake
0.704,1.955,-0.170,-83.239,73.894,286.685,Shake
-1.299,0.526,0.206,-118.107,142.634,286.685,Shake
-1.999,-0.774,0.329,-232.960,149.310,286.685,Shake
-1.999,-1.999,-0.230,-285.985,88.550,286.685,Shake
-1.999,-1.999,-0.755,-71.391,-38.798,113.820,Shake
-1.999,-1.999,-0.960,137.331,-112.420,-176.269,Shake
-1.999,-1.744,-0.455,165.034,-63.464,-286.685,Shake
-1.377,0.331,0.221,145.268,-88.191,-286.685,Shake
-0.169,1.670,0.295,223.580,-131.224,-286.685,Shake
1.901,1.997,0.373,245.315,-139.947,-237.825,Shake
1.997,1.997,0.660,-14.481,39.891,35.061,Shake
1.153,1.989,0.404,-169.855,83.353,261.634,Shake
-0.556,0.700,0.597,-123.384,77.656,286.685,Shake
-1.741,-0.436,0.830,-152.197,59.351,286.685,Shake
-1.999,-1.999,0.084,-220.106,5.976,286.685,Shake
-1.999,-1.999,-0.486,-151.804,-2.275,173.390,Shake
-1.999,-1.999,-0.525,10.474,-57.006,-127.129,Shake
-1.999,-1.916,-0.413,66.386,-83.834,-286.685,Shake
-1.988,-0.562,-0.079,101.071,-65.118,-286.685,Shake
-1.211,0.294,0.488,191.205,-122.124,-286.685,Shake
0.940,1.997,-0.267,206.666,-207.034,-286.685,Shake
1.997,1.997,-0.731,68.381,-38.465,-180.898,Shake
1.986,1.997,-0.004,-72.056,159.241,234.413,Shake
0.654,1.997,0.319,-96.897,195.370,286.685,Shake
-1.754,1.502,0.610,-75.723,167.212,286.685,Shake
-1.999,-1.978,0.331,-219.503,145.250,286.685,Shake
-1.999,-1.999,-0.355,-186.506,70.219,274.864,Shake
-1.999,-1.999,-0.587,102.699,-58.520,-151.060,Shake
-1.999,-1.920,0.176,182.359,-71.260,-286.685,Shake
-1.999,-0.282,0.858,172.952,-126.525,-286.685,Shake
-1.314,1.994,0.653,196.831,-226.476,-286.685,Shake
1.739,1.997,0.389,64.181,-157.176,-286.685,Shake
1.997,1.997,-0.882,-28.516,-83.204,-36.776,Shake
1.943,1.997,-1.265,-75.793,114.896,286.431,Shake
0.117,1.997,-0.487,-121.957,204.575,286.685,Shake
-1.999,0.256,0.246,-143.867,183.732,286.685,Shake
-1.999,-1.999,-0.076,-264.267,148.837,286.685,Shake
-1.999,-1.999,-0.450,-112.569,76.685,161.770,Shake
-1.999,-1.999,-0.709,110.688,-79.503,-231.096,Shake
-1.999,-1.999,-0.422,130.926,-105.735,-286.685,Shake
-1.999,-0.093,0.287,189.770,-154.586,-286.685,Shake
-1.151,1.786,0.127,286.492,-241.780,-286.685,Shake
1.767,1.997,0.219,138.101,-128.546,-286.685,Shake
1.997,1.997,-0.085,-77.140,12.530,-52.421,Shake
1.995,1.997,-0.666,-97.326,93.573,279.703,Shake
0.703,1.997,-0.651,-99.330,174.781,286.685,Shake
-1.820,1.021,-0.160,-131.530,212.144,286.685,Shake
-1.999,-1.927,0.194,-221.664,204.146,286.685,Shake
-1.999,-1.999,-0.101,-120.006,65.564,277.034,Shake
-1.999,-1.999,-0.690,125.335,-101.806,-70.324,Shake
-1.999,-1.999,-0.166,133.954,-104.449,-286.685,Shake
-1.999,-0.694,0.447,134.277,-110.066,-286.685,Shake
-1.780,1.382,0.812,240.074,-245.788,-286.685,Shake
0.594,1.997,0.131,184.809,-277.506,-286.685,Shake
1.997,1.997,-1.013,-14.227,-145.486,-191.284,Shake
1.997,1.997,-1.646,-55.720,73.754,249.051,Shake
1.271,1.997,-1.150,-106.234,243.583,286.685,Shake
-1.316,1.749,-0.337,-115.946,254.678,286.685,Shake
-1.999,-1.378,0.296,-173.731,246.645,286.685,Shake
-1.999,-1.999,0.317,-168.516,152.303,286.641,Shake
-1.999,-1.999,-0.150,40.539,-20.510,6.300,Shake
-1.999,-1.999,0.125,123.480,-91.236,-286.676,Shake
-1.999,-1.440,0.620,119.420,-122.299,-286.685,Shake
-1.979,0.700,0.310,206.973,-247.494,-286.685,Shake
-0.093,1.997,-0.208,224.219,-272.396,-286.685,Shake
1.997,1.997,-0.574,5.819,-85.768,-278.189,Shake
1.997,1.997,-0.542,-69.519,37.844,108.596,Shake
1.939,1.997,-1.078,-92.610,145.574,286.685,Shake
-0.382,1.949,-1.040,-135.266,257.784,286.685,Shake
-1.999,0.224,0.037,-211.514,281.024,286.685,Shake
-1.999,-1.999,0.126,-249.497,186.191,286.685,Shake
-1.999,-1.999,-0.108,-57.829,51.039,225.654,Shake
-1.999,-1.999,-0.233,120.662,-91.586,-141.068,Shake
-1.999,-1.999,0.113,125.878,-88.594,-286.545,Shake
-1.999,-0.677,0.558,93.914,-134.444,-286.685,Shake
-1.669,0.939,0.265,239.085,-243.232,-286.685,Shake
0.682,1.997,-0.322,212.581,-256.979,-286.685,Shake
1.997,1.997,-0.311,-7.787,-72.485,-233.529,Shake
1.997,1.997,-0.760,-61.469,11.156,197.523,Shake
1.595,1.997,-1.418,-84.823,115.946,286.685,Shake
-1.040,1.505,-0.074,-128.301,263.541,286.685,Shake
-1.999,-0.781,0.577,-188.011,206.920,286.685,Shake
-1.999,-1.999,0.216,-188.860,111.073,286.685,Shake
-1.999,-1.999,-0.120,-3.325,-23.222,49.472,Shake
-1.999,-1.999,-0.104,101.999,-108.692,-236.749,Shake
-1.999,-1.744,0.068,90.379,-170.476,-286.685,Shake
-1.943,1.216,0.086,190.417,-226.170,-286.685,Shake
0.207,1.997,-0.579,230.702,-257.731,-286.685,Shake
1.997,1.997,-0.975,31.167,-90.755,-277.839,Shake
1.997,1.997,-1.042,-15.488,72.599,162.059,Shake
1.549,1.997,-1.046,-83.624,195.291,286.685,Shake
-0.888,1.780,-0.038,-143.981,286.186,286.685,Shake
-1.999,-0.232,0.897,-161.682,237.055,286.685,Shake
-1.999,-1.999,0.479,-221.751,146.807,286.685,Shake
-1.999,-1.999,0.093,-72.048,-4.891,166.390,Shake
-1.999,-1.999,-0.351,53.751,-89.434,-93.747,Shake
-1.999,-1.999,-0.307,94.010,-136.693,-286.685,Shake
-1.999,-0.218,0.187,156.494,-161.402,-286.685,Shake
-0.642,1.978,-0.269,247.923,-237.309,-286.685,Shake
1.975,1.997,-0.558,65.327,-115.360,-286.685,Shake
1.997,1.997,0.168,-50.706,50.864,-33.268,Shake
1.997,1.997,-0.307,-50.829,56.403,233.459,Shake
0.269,1.997,-0.787,-90.431,187.460,286.685,Shake
-1.828,1.189,0.238,-127.348,227.019,286.685,Shake
-1.999,-0.613,0.490,-181.667,164.098,286.685,Shake
-1.999,-1.999,0.599,-188.913,105.262,286.685,Shake
-1.999,-1.999,0.257,-4.130,-45.412,119.402,Shake
-1.999,-1.999,-0.196,145.994,-192.666,-274.978,Shake
-1.999,-1.590,0.229,128.292,-192.413,-286.685,Shake
-1.999,0.698,-0.256,199.622,-282.511,-286.685,Shake
-1.141,1.997,-0.700,224.840,-263.716,-286.685,Shake
1.938,1.997,-1.162,87.981,-177.958,-286.685,Shake
1.997,1.997,-1.215,-71.470,84.989,-10.666,Shake
1.059,1.997,-0.659,-102.191,203.087,286.685,Shake
-1.344,1.509,0.122,-132.650,283.211,286.685,Shake
-1.999,-0.235,1.079,-190.461,269.168,286.685,Shake
-1.999,-1.999,0.562,-242.454,157.062,286.685,Shake
-1.999,-1.999,0.243,-96.075,11.515,214.673,Shake
-1.999,-1.999,-0.064,87.518,-130.742,-222.101,Shake
-1.999,-1.824,0.074,125.808,-153.204,-286.685,Shake
-1.899,0.166,0.179,199.386,-215.906,-286.685,Shake
-0.930,1.744,0.003,244.527,-244.869,-286.685,Shake
1.933,1.997,-0.483,121.441,-161.455,-286.685,Shake
1.997,1.997,-0.678,-66.412,45.955,30.634,Shake
1.180,1.997,-0.406,-131.329,187.688,286.685,Shake
-0.667,1.625,0.150,-162.190,185.999,286.685,Shake
-1.827,-0.253,0.759,-173.232,153.834,286.685,Shake
-1.999,-1.906,0.680,-239.251,95.244,286.685,Shake
-1.999,-1.999,0.021,-68.670,-10.614,255.395,Shake
-1.999,-1.999,-0.069,35.394,-64.750,-111.213,Shake
